part,FALSE
performance,FALSE
success,TRUE
use,FALSE
regulation,FALSE
order,TRUE
each,TRUE
value,TRUE
action,TRUE
analysis,FALSE
nature,TRUE
application,TRUE
result,TRUE
end,TRUE
direction,TRUE
user,TRUE
government,TRUE
customer,TRUE
commission,TRUE
committee,FALSE
Commission,FALSE
court,FALSE
receiver,FALSE
owner,TRUE
company,FALSE
author,TRUE
state,FALSE
board,TRUE
party,FALSE
service,TRUE
include,TRUE
concern,FALSE
regard,FALSE
towards,TRUE
application,TRUE
case,TRUE
value,TRUE
performance,TRUE
outcome,TRUE
result,TRUE
cost,TRUE
effect,FALSE
action,FALSE
follow,TRUE
relevant,FALSE
various,FALSE
two,FALSE
three,FALSE
main,FALSE
four,FALSE
different,TRUE
technical,FALSE
five,FALSE
individual,FALSE
final,TRUE
six,TRUE
part,TRUE
section,TRUE
page,TRUE
portion,TRUE
element,TRUE
copy,TRUE
version,TRUE
chapter,TRUE
part,FALSE
component,TRUE
sheet,TRUE
line,TRUE
piece,TRUE
content,TRUE
segment,TRUE
article,TRUE
document,TRUE
section,FALSE
book,TRUE
page,TRUE
report,TRUE
manual,FALSE
list,FALSE
guide,TRUE
text,TRUE
file,TRUE
website,TRUE
documentation,TRUE
code,TRUE
paper,TRUE
provide,TRUE
contain,TRUE
give,TRUE
offer,TRUE
form,TRUE
comprise,TRUE
present,TRUE
constitute,TRUE
provide,TRUE
contain,TRUE
bear,TRUE
contain,TRUE
overview,TRUE
summary,TRUE
description,TRUE
outline,TRUE
background,TRUE
information,TRUE
picture,TRUE
explanation,TRUE
definition,TRUE
analysis,FALSE
detail,TRUE
view,TRUE
framework,TRUE
include,TRUE
general,FALSE
basic,TRUE
physical,TRUE
define,FALSE
detail,TRUE
specific,TRUE
identify,TRUE
critical,TRUE
detail,TRUE
name,TRUE
description,TRUE
profile,TRUE
characteristic,TRUE
statistic,FALSE
biography,TRUE
term,TRUE
history,TRUE
list,TRUE
product,TRUE
product,TRUE
software,TRUE
design,TRUE
implementation,TRUE
architecture,TRUE
member,TRUE
user,TRUE
work,TRUE
tool,TRUE
hardware,TRUE
development,TRUE
feature,TRUE
content,TRUE
tool,TRUE
program,TRUE
site,TRUE
system,TRUE
interface,TRUE
database,TRUE
domain,TRUE
environment,TRUE
project,TRUE
organization,TRUE
datum,TRUE
staff,TRUE
infrastructure,TRUE
process,TRUE
stakeholder,TRUE
operational,TRUE
functional,TRUE
organizational,TRUE
financial,TRUE
legal,TRUE
practical,TRUE
ethical,FALSE
security,FALSE
structural,TRUE
administrative,TRUE
material,FALSE
environmental,FALSE
requirement,TRUE
aspect,TRUE
structure,FALSE
capability,FALSE
attribute,TRUE
need,FALSE
structure,TRUE
property,TRUE
management,FALSE
specification,FALSE
base,TRUE
combination,FALSE
ratio,FALSE
sequence,TRUE
unit,TRUE
length,TRUE
amount,TRUE
period,TRUE
number,FALSE
sum,TRUE
evolution,TRUE
moment,FALSE
range,TRUE
duration,TRUE
difference,TRUE
square,TRUE
time,FALSE
time,FALSE
speed,TRUE
time,FALSE
position,TRUE
phase,TRUE
tempo,TRUE
frequency,TRUE
velocity,TRUE
amplitude,TRUE
pace,TRUE
rate,TRUE
next,TRUE
last,TRUE
new,TRUE
current,TRUE
original,TRUE
previous,TRUE
open,FALSE
#,TRUE
use,TRUE
clock,TRUE
size,TRUE
record,TRUE
#,TRUE
block,TRUE
block,TRUE
match,TRUE
signal,FALSE
movement,TRUE
run,FALSE
run,TRUE
release,TRUE
target,TRUE
execution,TRUE
repetition,TRUE
move,TRUE
start,TRUE
cycle,TRUE
reaction,TRUE
fix,TRUE
exercise,TRUE
one,TRUE
distance,TRUE
event,TRUE
date,TRUE
motion,TRUE
rhythm,TRUE
pattern,TRUE
[,TRUE
what,TRUE
the,TRUE
operation,TRUE
which,TRUE
work,FALSE
anything,FALSE
where,FALSE
track,FALSE
if,FALSE
as,TRUE
everything,TRUE
step,FALSE
progress,TRUE
order,TRUE
combat,FALSE
question,FALSE
battle,TRUE
turn,FALSE
succession,TRUE
play,TRUE
particular,TRUE
response,FALSE
require,FALSE
simple,TRUE
give,TRUE
allow,TRUE
consider,TRUE
prohibit,FALSE
take,FALSE
state,TRUE
permit,TRUE
straightforward,TRUE
define,FALSE
free,TRUE
optional,FALSE
possible,TRUE
immediate,TRUE
sit,TRUE
deep,FALSE
break,FALSE
bear,TRUE
look,FALSE
shot,TRUE
but,FALSE
come,TRUE
one,FALSE
get,FALSE
and,FALSE
go,FALSE
somewhere,FALSE
not,TRUE
even,TRUE
pause,TRUE
leave,TRUE
right,TRUE
name,TRUE
compose,TRUE
consist,TRUE
consist,TRUE
consist,FALSE
make,TRUE
consist,FALSE
form,FALSE
representative,TRUE
reminiscent,FALSE
full,TRUE
write,TRUE
short,FALSE
complete,TRUE
long,TRUE
print,TRUE
english,TRUE
latin,TRUE
track,TRUE
song,TRUE
word,TRUE
track,FALSE
article,TRUE
follow,TRUE
promote,TRUE
support,TRUE
reflect,FALSE
change,TRUE
emphasize,TRUE
offer,TRUE
show,TRUE
explain,TRUE
define,FALSE
affect,TRUE
cover,FALSE
give,TRUE
represent,TRUE
include,TRUE
economic,TRUE
scientific,TRUE
alternative,TRUE
well,TRUE
broad,TRUE
objective,TRUE
business,FALSE
broad,TRUE
traditional,TRUE
choice,TRUE
control,TRUE
experience,TRUE
knowledge,TRUE
perspective,TRUE
feedback,TRUE
ease,TRUE
understand,TRUE
future,TRUE
fair,TRUE
social,TRUE
game,TRUE
',TRUE
source,TRUE
none,TRUE
default,TRUE
def,TRUE
game,TRUE
puzzle,TRUE
mode,TRUE
portal,TRUE
challenge,TRUE
module,TRUE
player,TRUE
mouse,TRUE
series,TRUE
display,TRUE
device,TRUE
computer,TRUE
screen,TRUE
machine,TRUE
object,TRUE
image,TRUE
monitor,TRUE
tablet,TRUE
use,TRUE
involve,TRUE
create,TRUE
require,TRUE
utilize,FALSE
describe,TRUE
incorporate,TRUE
present,TRUE
algorithm,FALSE
equation,FALSE
item,TRUE
engine,TRUE
element,FALSE
answer,FALSE
idea,TRUE
argument,FALSE
area,TRUE
instrument,TRUE
ingredient,TRUE
design,TRUE
need,TRUE
intend,TRUE
necessary,TRUE
set,FALSE
create,FALSE
card,FALSE
mean,TRUE
solve,FALSE
treat,FALSE
identify,TRUE
manage,TRUE
determine,FALSE
describe,FALSE
resolve,FALSE
detect,FALSE
handle,FALSE
fix,FALSE
calculate,FALSE
assess,FALSE
locate,FALSE
predict,TRUE
problem,TRUE
character,TRUE
category,FALSE
name,FALSE
character,TRUE
#,TRUE
digit,TRUE
note,TRUE
#,TRUE
example,TRUE
word,FALSE
vowel,FALSE
other,TRUE
player,TRUE
app,TRUE
controller,TRUE
console,FALSE
select,FALSE
capture,TRUE
store,TRUE
recognize,FALSE
show,FALSE
collect,FALSE
reflect,TRUE
save,TRUE
take,TRUE
measure,TRUE
count,TRUE
minimize,TRUE
compare,TRUE
use,TRUE
reduce,TRUE
estimate,FALSE
adjust,TRUE
item,TRUE
object,TRUE
consumer,TRUE
team,TRUE
manufacturer,FALSE
person,TRUE
child,FALSE
want,FALSE
wish,TRUE
choose,TRUE
take,FALSE
expect,FALSE
choose,FALSE
want,TRUE
intend,TRUE
desire,TRUE
wish,TRUE
buy,TRUE
read,TRUE
see,TRUE
bid,TRUE
pass,TRUE
perform,TRUE
make,FALSE
change,TRUE
table,TRUE
close,TRUE
show,TRUE
incomplete,TRUE
illustrate,TRUE
open,TRUE
finite,TRUE
infinite,TRUE
linear,TRUE
in,TRUE
like,TRUE
figure,TRUE
figure,TRUE
table,TRUE
Map,TRUE
icon,TRUE
map,FALSE
top,FALSE
image,FALSE
photo,FALSE
process,TRUE
execute,TRUE
apply,TRUE
do,TRUE
correct,FALSE
select,FALSE
press,TRUE
enter,FALSE
enable,TRUE
word,FALSE
option,TRUE
message,FALSE
command,FALSE
request,FALSE
variable,FALSE
phrase,FALSE
button,FALSE
choose,FALSE
activate,TRUE
remove,TRUE
play,FALSE
add,FALSE
save,FALSE
send,FALSE
eliminate,FALSE
perform,TRUE
introduce,FALSE
discard,FALSE
clause,FALSE
verb,FALSE
operation,FALSE
open,TRUE
read,FALSE
open,TRUE
begin,TRUE
run,TRUE
return,TRUE
player,FALSE
club,FALSE
league,FALSE
master,TRUE
opponent,FALSE
movement,TRUE
move,FALSE
number,FALSE
action,TRUE
position,TRUE
game,FALSE
hit,FALSE
event,TRUE
point,FALSE
record,FALSE
card,FALSE
know,FALSE
available,FALSE
record,FALSE
accumulate,FALSE
store,FALSE
include,TRUE
represent,TRUE
generate,TRUE
obtain,TRUE
calculate,TRUE
establish,TRUE
total,TRUE
maximum,TRUE
overall,TRUE
high,TRUE
play,TRUE
portion,TRUE
side,TRUE
percentage,TRUE
average,TRUE
version,TRUE
population,TRUE
copy,FALSE
defender,TRUE
team,TRUE
athlete,FALSE
bowler,TRUE
probability,TRUE
quantity,TRUE
proportion,TRUE
chance,TRUE
volume,TRUE
occurrence,TRUE
playable,TRUE
active,TRUE
ball,TRUE
body,FALSE
hand,FALSE
file,TRUE
column,FALSE
total,TRUE
count,TRUE
#,TRUE
response,TRUE
answer,TRUE
reply,FALSE
outcome,TRUE
combination,TRUE
solution,TRUE
ending,TRUE
interpretation,FALSE
choice,FALSE
result,TRUE
alternative,FALSE
argument,TRUE
state,FALSE
correspond,FALSE
remain,TRUE
result,FALSE
variable,TRUE
parameter,FALSE
table,FALSE
chart,FALSE
value,TRUE
calculation,FALSE
document,FALSE
load,FALSE
insert,TRUE
put,TRUE
incorporate,FALSE
feed,TRUE
copy,TRUE
compile,FALSE
import,TRUE
input,FALSE
integrate,FALSE
place,FALSE
library,TRUE
archive,TRUE
memory,TRUE
server,TRUE
location,TRUE
location,FALSE
placement,FALSE
configuration,TRUE
shape,FALSE
position,FALSE
rank,FALSE
participant,FALSE
model,FALSE
robot,TRUE
machine,TRUE
node,FALSE
figure,FALSE
hand,FALSE
motion,FALSE
configuration,TRUE
place,FALSE
date,FALSE
length,TRUE
one,FALSE
step,FALSE
row,FALSE
cell,TRUE
key,TRUE
entry,TRUE
instruction,TRUE
command,TRUE
code,FALSE
rule,TRUE
spend,TRUE
allot,TRUE
pass,TRUE
consume,TRUE
travel,TRUE
programmer,TRUE
group,TRUE
algorithm,FALSE
stop,TRUE
avoid,FALSE
get,FALSE
remove,TRUE
prevent,TRUE
relieve,FALSE
trigger,TRUE
problem,TRUE
equation,FALSE
puzzle,FALSE
case,FALSE
lead,FALSE
sound,FALSE
circuit,FALSE
chess,TRUE
video,FALSE
color,TRUE
score,TRUE
blue,FALSE
#,FALSE
#,TRUE
#,TRUE
graphic,FALSE
for,FALSE
from,TRUE
after,TRUE
with,FALSE
follow,FALSE
since,FALSE
include,FALSE
until,FALSE
like,TRUE
before,FALSE
at,FALSE
processor,FALSE
cpu,TRUE
camera,TRUE
keyboard,FALSE
battery,FALSE
printer,FALSE
browser,FALSE
driver,FALSE
phone,TRUE
operate,TRUE
support,FALSE
graphic,TRUE
support,TRUE
cool,TRUE
audio,TRUE
operate,TRUE
system,TRUE
device,TRUE
mechanism,FALSE
environment,FALSE
mechanism,FALSE
logic,FALSE
maintain,FALSE
share,FALSE
utilize,TRUE
possess,TRUE
feature,TRUE
hold,TRUE
#,FALSE
#,TRUE
resolution,TRUE
#,TRUE
inch,TRUE
frame,TRUE
#,TRUE
#,TRUE
#,FALSE
meter,TRUE
single,TRUE
semantic,TRUE
certain,TRUE
separate,TRUE
double,FALSE
wine,TRUE
entry,TRUE
example,FALSE
discussion,FALSE
layout,FALSE
diagram,FALSE
note,FALSE
see,FALSE
paragraph,FALSE
page,FALSE
menu,FALSE
line,FALSE
goal,FALSE
winner,FALSE
win,TRUE
MVP,FALSE
record,TRUE
e,TRUE
loss,TRUE
win,TRUE
winner,TRUE
day,TRUE
film,TRUE
year,FALSE
season,TRUE
story,TRUE
movie,TRUE
day,TRUE
month,TRUE
season,TRUE
episode,FALSE
world,FALSE
prior,FALSE
subsequent,FALSE
precede,FALSE
former,FALSE
property,FALSE
function,FALSE
act,FALSE
rule,FALSE
step,FALSE
expression,FALSE
statement,FALSE
operator,TRUE
term,FALSE
player,FALSE
challenge,TRUE
class,FALSE
group,FALSE
level,TRUE
category,FALSE
speak,FALSE
think,FALSE
need,FALSE
learn,FALSE
dream,FALSE
ask,FALSE
talk,TRUE
like,FALSE
wish,FALSE
want,FALSE
agree,TRUE
attempt,TRUE
write,TRUE
create,TRUE
know,TRUE
enjoy,TRUE
role,TRUE
pc,TRUE
robot,TRUE
adventure,TRUE
hobby,TRUE
know,TRUE
understand,TRUE
learn,FALSE
know,TRUE
remember,TRUE
learn,FALSE
teach,TRUE
discover,TRUE
demonstrate,TRUE
decide,TRUE
realize,TRUE
control,TRUE
operate,TRUE
drive,TRUE
manipulate,FALSE
navigate,TRUE
build,TRUE
access,FALSE
car,TRUE
low,TRUE
high,TRUE
low,TRUE
high,TRUE
middle,TRUE
mature,TRUE
mid,FALSE
junior,TRUE
secondary,TRUE
normal,TRUE
primary,TRUE
young,TRUE
level,TRUE
age,TRUE
grade,TRUE
point,TRUE
major,FALSE
professional,TRUE
adult,TRUE
start,TRUE
developer,FALSE
member,FALSE
manager,TRUE
student,TRUE
begin,TRUE
enter,FALSE
arrive,FALSE
bear,TRUE
graduate,TRUE
join,FALSE
start,TRUE
come,TRUE
appear,TRUE
usually,TRUE
level,TRUE
class,TRUE
age,TRUE
stage,TRUE
grade,TRUE
degree,FALSE
tier,FALSE
leader,FALSE
old,TRUE
assistant,TRUE
officer,TRUE
apprentice,TRUE
reader,FALSE
register,FALSE
specify,TRUE
address,FALSE
find,FALSE
represent,FALSE
add,FALSE
price,FALSE
identity,TRUE
signature,TRUE
service,FALSE
include,TRUE
both,FALSE
track,FALSE
fan,FALSE
rating,FALSE
ranking,FALSE
score,FALSE
compare,TRUE
equal,FALSE
relate,TRUE
identical,FALSE
link,FALSE
similar,FALSE
proportional,TRUE
equivalent,FALSE
connect,FALSE
relative,TRUE
comparable,FALSE
convert,TRUE
official,FALSE
index,FALSE
type,FALSE
score,TRUE
dimension,TRUE
cube,TRUE
cylinder,TRUE
tower,TRUE
triangle,TRUE
sphere,FALSE
model,TRUE
circle,TRUE
build,TRUE
space,FALSE
wall,FALSE
opposite,TRUE
proper,TRUE
usual,TRUE
small,TRUE
large,TRUE
great,TRUE
dimension,TRUE
shape,TRUE
marking,FALSE
height,TRUE
depth,TRUE
width,TRUE
radius,TRUE
magnitude,FALSE
diameter,FALSE
perimeter,TRUE
thickness,FALSE
center,TRUE
span,FALSE
longitude,TRUE
minimum,FALSE
weight,FALSE
review,TRUE
edition,TRUE
issue,TRUE
volume,FALSE
type,TRUE
campaign,TRUE
course,FALSE
contract,FALSE
week,FALSE
tournament,TRUE
majority,TRUE
block,TRUE
cell,FALSE
block,TRUE
bank,FALSE
block,FALSE
column,FALSE
counter,FALSE
bar,FALSE
movement,FALSE
move,FALSE
walk,FALSE
rotation,TRUE
activity,FALSE
graph,TRUE
fraction,TRUE
percent,FALSE
slide,FALSE
roll,TRUE
turn,FALSE
see,FALSE
find,FALSE
source,FALSE
#,FALSE
#,FALSE
#,FALSE
call,FALSE
hence,FALSE
note,FALSE
step,FALSE
section,FALSE
referee,FALSE
hero,FALSE
contestant,FALSE
champion,FALSE
man,TRUE
pitcher,FALSE
host,TRUE
play,FALSE
start,FALSE
enjoy,FALSE
call,TRUE
enter,TRUE
task,TRUE
job,FALSE
piece,FALSE
song,FALSE
project,FALSE
plan,TRUE
program,TRUE
group,FALSE
search,TRUE
cheat,TRUE
black,TRUE
white,TRUE
box,TRUE
generator,FALSE
tree,FALSE
window,FALSE
#,FALSE
editor,FALSE
scheme,FALSE
link,FALSE
viewer,FALSE
listener,FALSE
participant,FALSE
download,FALSE
enter,TRUE
choose,TRUE
retrieve,TRUE
generate,TRUE
folder,TRUE
disc,TRUE
container,FALSE
channel,TRUE
disk,TRUE
receive,FALSE
highlight,FALSE
episode,FALSE
video,TRUE
title,FALSE
music,FALSE
lyric,TRUE
#,FALSE
a,FALSE
#,FALSE
corner,FALSE
foot,FALSE
hole,FALSE
room,FALSE
plan,FALSE
capacity,FALSE
surface,FALSE
#,TRUE
#,FALSE
#,FALSE
#,FALSE
#,FALSE
control,FALSE
complete,FALSE
determine,FALSE
provide,FALSE
decide,FALSE
specify,FALSE
access,TRUE
end,TRUE
master,FALSE
editor,FALSE
artist,FALSE
priest,TRUE
compiler,FALSE
translator,FALSE
teacher,TRUE
use,FALSE
stage,TRUE
chapter,FALSE
version,FALSE
phase,TRUE
mode,FALSE
rule,FALSE
book,FALSE
category,TRUE
address,TRUE
outline,FALSE
discuss,TRUE
examine,FALSE
consider,FALSE
establish,FALSE
#,FALSE
constraint,FALSE
limitation,TRUE
#,FALSE
criterion,TRUE
consideration,FALSE
limit,FALSE
complexity,FALSE
factor,FALSE
engineering,FALSE
decision,FALSE
set,FALSE
#,TRUE
basis,TRUE
definition,TRUE
#,TRUE
source,FALSE
format,TRUE
assumption,FALSE
procedure,TRUE
concept,TRUE
expectation,FALSE
decision,FALSE
test,TRUE
standard,TRUE
recommendation,TRUE
error,FALSE
adjustment,TRUE
suggestion,FALSE
mistake,TRUE
improvement,TRUE
observation,TRUE
commitment,TRUE
involve,TRUE
encounter,TRUE
employ,FALSE
design,TRUE
develop,FALSE
create,TRUE
plan,TRUE
make,FALSE
write,TRUE
drive,FALSE
model,TRUE
control,FALSE
standard,TRUE
vehicle,TRUE
language,TRUE
activity,TRUE
concept,FALSE
much,FALSE
almost,FALSE
rather,FALSE
shape,FALSE
structure,FALSE
treat,FALSE
something,FALSE
somewhat,FALSE
exactly,FALSE
think,FALSE
describe,FALSE
gameplay,FALSE
title,TRUE
feature,FALSE
combine,FALSE
add,FALSE
offer,FALSE
color,TRUE
display,FALSE
button,TRUE
lighting,FALSE
light,TRUE
screen,TRUE
speaker,TRUE
image,TRUE
colour,TRUE
picture,FALSE
app,FALSE
session,FALSE
developer,FALSE
dictionary,TRUE
hold,TRUE
hold,TRUE
store,TRUE
display,TRUE
sound,TRUE
show,TRUE
depict,TRUE
#,TRUE
#,TRUE
#,TRUE
#,TRUE
#,FALSE
wrong,FALSE
slogan,FALSE
inscription,FALSE
quote,FALSE
advertisement,TRUE
poster,FALSE
illustration,TRUE
clue,TRUE
sign,FALSE
logo,FALSE
ok,FALSE
idiot,FALSE
go,FALSE
go,FALSE
well,FALSE
bastard,FALSE
bet,FALSE
bitch,FALSE
asshole,FALSE
letter,FALSE
photograph,FALSE
panel,FALSE
letter,FALSE
league,FALSE
squad,FALSE
#,FALSE
#,FALSE
roster,FALSE
chart,FALSE
statistical,TRUE
cumulative,FALSE
unique,FALSE
unit,TRUE
penalty,TRUE
classification,TRUE
replacement,FALSE
substitute,FALSE
permit,TRUE
award,TRUE
competition,FALSE
training,FALSE
substitution,TRUE
permission,FALSE
fill,FALSE
font,TRUE
banner,TRUE
option,FALSE
front,TRUE
back,FALSE
east,FALSE
west,FALSE
south,FALSE
north,FALSE
passenger,TRUE
d,FALSE
ticket,TRUE
g,FALSE
home,FALSE
door,TRUE
gate,TRUE
zone,TRUE
valve,TRUE
loop,TRUE
lane,TRUE
road,TRUE
unlike,TRUE
use,TRUE
on,TRUE
unlike,TRUE
round,TRUE
place,TRUE
playoff,TRUE
championship,TRUE
tie,FALSE
draw,FALSE
#,TRUE
#,TRUE
#,TRUE
#,TRUE
#,TRUE
#,TRUE
#,TRUE
#,FALSE
#,TRUE
#,TRUE
#,FALSE
§,TRUE
status,FALSE
behavior,FALSE
attack,FALSE
strength,TRUE
skill,FALSE
exact,FALSE
random,TRUE
initial,FALSE
actual,FALSE
#,FALSE
#,FALSE
#,FALSE
#,FALSE
digit,TRUE
angle,FALSE
money,TRUE
cure,FALSE
overcome,FALSE
induce,FALSE
mystery,TRUE
situation,TRUE
crime,FALSE
scenario,FALSE
difficulty,FALSE
list,FALSE
present,FALSE
publish,FALSE
summarize,FALSE
express,FALSE
report,FALSE
war,FALSE
fight,FALSE
trial,FALSE
night,FALSE
curse,TRUE
duel,FALSE
siege,FALSE
journey,FALSE
fight,FALSE
round,FALSE
scale,FALSE
whole,TRUE
entire,FALSE
arcade,TRUE
3d,TRUE
mini,TRUE
edge,TRUE
edge,TRUE
face,FALSE
head,TRUE
mm,TRUE
x,TRUE
cm,FALSE
#,TRUE
inch,TRUE
#,TRUE
#,TRUE
degree,TRUE
foot,FALSE
destination,TRUE
field,TRUE
enclosure,FALSE
shooter,FALSE
opponent,FALSE
rider,TRUE
pick,FALSE
people,TRUE
key,TRUE
boot,FALSE
password,FALSE
flash,TRUE
directory,TRUE
even,FALSE
miss,FALSE
nearly,FALSE
error,FALSE
incorrect,TRUE
empty,TRUE
additional,TRUE
appropriate,TRUE
unknown,FALSE
external,TRUE
automate,TRUE
invalid,TRUE
incoming,TRUE
instant,TRUE
automatic,FALSE
correction,FALSE
vector,FALSE
mark,FALSE
tag,TRUE
warn,FALSE
rating,FALSE
TRUE,FALSE
lose,FALSE
FALSE,FALSE
daily,FALSE
test,FALSE
goal,TRUE
collect,TRUE
keep,FALSE
document,TRUE
format,TRUE
sheet,TRUE
chapter,TRUE
school,TRUE
magazine,FALSE
newspaper,TRUE
university,TRUE
accord,TRUE
subject,TRUE
due,TRUE
contrary,TRUE
thank,FALSE
conform,TRUE
add,FALSE
accordance,FALSE
parallel,FALSE
author,FALSE
introduction,TRUE
conclusion,TRUE
guideline,TRUE
playstation,FALSE
FIFA,TRUE
article,TRUE
type,TRUE
system,TRUE
window,TRUE
FIBA,TRUE
member,FALSE
chairman,TRUE
President,FALSE
president,FALSE
chairman,TRUE
vote,FALSE
secretary,FALSE
supporter,TRUE
secretary,FALSE
member,FALSE
king,FALSE
constitution,FALSE
year,FALSE
church,FALSE
cathedral,TRUE
bible,FALSE
Pope,FALSE
council,FALSE
Lord,FALSE
king,FALSE
Bishop,FALSE
cover,FALSE
ground,TRUE
floor,FALSE
flag,TRUE
colour,FALSE
interior,FALSE
bottom,FALSE
roof,FALSE
ball,FALSE
side,TRUE
tile,FALSE
wall,TRUE
flower,FALSE
corner,FALSE
leg,TRUE
stick,TRUE
method,TRUE
utilize,FALSE
laptop,FALSE
microphone,TRUE
speaker,FALSE
tv,TRUE
pen,FALSE
stick,TRUE
fork,TRUE
pencil,FALSE
flashlight,TRUE
compass,TRUE
installation,FALSE
yard,FALSE
wicket,TRUE
match,FALSE
penalty,FALSE
touchdown,FALSE
minute,TRUE
#,FALSE
limit,TRUE
still,FALSE
regulation,FALSE
#,FALSE
zero,FALSE
win,TRUE
vote,TRUE
candidate,FALSE
also,TRUE
automatically,TRUE
immediately,TRUE
randomly,TRUE
progression,FALSE
motto,TRUE
natural,TRUE
national,TRUE
pure,TRUE
artificial,TRUE
pro,TRUE
#,TRUE
city,TRUE
#,TRUE
latter,TRUE
conductor,TRUE
follow,TRUE
initiate,TRUE
execute,TRUE
direct,TRUE
call,TRUE
b,TRUE
c,FALSE
hello,FALSE
L,TRUE
s,TRUE
e,FALSE
hear,TRUE
say,FALSE
speak,FALSE
answer,FALSE
clear,TRUE
theme,FALSE
mean,TRUE
reason,FALSE
win,FALSE
become,FALSE
gallery,FALSE
projection,FALSE
draw,FALSE
drawing,FALSE
pattern,FALSE
design,FALSE
#,FALSE
spot,FALSE
spot,FALSE
representation,FALSE
render,FALSE
output,TRUE
central,FALSE
house,FALSE
must,TRUE
may,TRUE
would,FALSE
might,TRUE
could,TRUE
shall,TRUE
can,FALSE
stone,FALSE
area,FALSE
site,FALSE
tile,FALSE
descriptive,FALSE
independent,FALSE
comprise,FALSE
symbolic,
direction,
every,
space,
size,
technique,
skill,
strategy,
allocate,
take,
question,
apart,
different,
away,
aside,
apart,
across,
away,
far,
except,
distance,
outer,
adjoin,
adjacent,
inside,
within,
#,
reference,
since,
#,
House,
code,
society,
space,
parliament,
door,
quote,
also,
text,
programme,
committee,
occupy,
accommodate,
incorporate,
carry,
principal,
essential,
light,
illumination,
view,
shade,
functionality,
function,
window,
rate,
degree,
amount,
speed,
direction,
probability,
magnitude,
number,
coefficient,
effect,
result,
efficiency,
force,
frequency,
amplitude,
every,
one,
playable,
solo,
free,
possible,
per,
complete,
block,
member,
segment,
number,
#,
unit,
title,
#,
cell,
seat,
name,
size,
order,
station,
gate,
excess,
front,
bracket,
order,
total,
space,
group,
favor,
set,
India,
place,
term,
zone,
game,
player,
match,
season,
remain,
team,
available,
player,
official,
new,
league,
character,
card,
piece,
point,
option,
character,
enemy,
world,
item,
part,
action,
level,
ship,
basis,
know,
show,
record,
unknown,
club,
tournament,
team,
follow,
league,
squad,
mode,
system,
list,
engine,
statistic,
#,
#,
series,
roster,
content,
version,
chart,
map,
compose,
make,
sum,
consist,
consist,
consist,
well,
set,
consist,
part,
table,
average,
individual,
different,
game,
point,
statistical,
cumulative,
separate,
main,
unique,
#,
#,
#,
#,
#,
#,
#,
#,
#,
#,
#,
#,
',
see,
figure,
figure,
page,
paragraph,
table,
section,
image,
Map,
§,
diagram,
line,
article,
none,
source,
final,
result,
form,
representative,
reminiscent,
full,
write,
short,
long,
text,
print,
simple,
english,
original,
latin,
track,
song,
word,
section,
track,
line,
article,
follow,
sit,
deep,
break,
bear,
look,
shot,
but,
come,
one,
get,
and,
go,
somewhere,
not,
even,
pause,
leave,
right,
name,
contain,
contain,
feature,
display,
include,
show,
feature,
include,
show,
display,
contain,
depict,
#,
usual,
#,
#,
#,
#,
#,
wrong,
correct,
#,
message,
slogan,
inscription,
quote,
advertisement,
phrase,
poster,
illustration,
note,
clue,
sign,
item,
logo,
ok,
know,
idiot,
go,
go,
win,
well,
bastard,
bet,
bitch,
asshole,
letter,
photograph,
window,
box,
picture,
card,
photo,
panel,
word,
letter,
answer,
expression,
response,
follow,
set,
step,
make,
start,
runner,
bottom,
back,
line,
ground,
round,
runner,
head,
head,
level,
algorithm,
code,
program,
software,
rating,
score,
rule,
test,
model,
file,
read,
store,
load,
check,
interpret,
execute,
translate,
select,
type,
identify,
label,
open,
compile,
access,
fault,
copy,
backup,
error,
unlike,
in,
like,
for,
as,
from,
use,
on,
if,
with,
unlike,
round,
playoff,
home,
board,
championship,
tie,
level,
play,
title,
draw,
window,
door,
entrance,
door,
head,
window,
work,
comply,
deal,
integrate,
interact,
communicate,
connect,
run,
agree,
cooperate,
compete,
start,
interface,
operate,
support,
support,
Linux,
computer,
embed,
exist,
compatible,
major,
Unix,
control,
system,
device,
logic,
hardware,
mode,
machine,
model,
program,
method,
mechanism,
instruction,
know,
need,
after,
follow,
since,
include,
until,
before,
at,
service,
wheel,
bell,
circle,
globe,
clock,
ball,
square,
piece,
drum,
cat,
dog,
oak,
locate,
place,
find,
situate,
position,
center,
see,
represent,
visible,
mark,
depict,
top,
center,
bottom,
centre,
end,
side,
back,
edge,
base,
foot,
middle,
tower,
plan,
build,
nave,
stage,
device,
application,
app,
phone,
product,
machine,
project,
driver,
platform,
environment,
referee,
judge,
umpire,
contestant,
winner,
judge,
user,
jury,
scorer,
recorder,
include,
reflect,
represent,
equal,
determine,
record,
exceed,
count,
provide,
give,
cover,
length,
duration,
time,
date,
status,
detail,
location,
size,
progress,
tempo,
quality,
rank,
mark,
pitch,
percentage,
quantity,
sequence,
percent,
play,
run,
minute,
performance,
play,
participant,
goal,
attempt,
appearance,
hit,
sample,
poll,
measurement,
task,
report,
measure,
video,
along,
do,
#,
complete,
perform,
together,
play,
#,
performance,
activity,
death,
participation,
presence,
role,
input,
activity,
use,
sport,
use,
process,
apply,
allow,
present,
give,
require,
press,
need,
enter,
enable,
final,
option,
command,
request,
variable,
next,
question,
button,
choose,
activate,
remove,
take,
add,
save,
send,
eliminate,
introduce,
discard,
action,
event,
clause,
information,
verb,
argument,
operation,
object,
open,
read,
begin,
return,
name,
#,
digit,
note,
#,
example,
word,
vowel,
other,
block,
column,
tile,
descriptive,
independent,
comprise,
symbolic,
list,
position,
movement,
age,
skill,
move,
height,
puzzle,
turn,
move,
bank,
type,
method,
angle,
time,
screen,
entry,
turn,
space,
time,
technique,
key,
skill,
tool,
language,
password,
strategy,
spend,
allot,
consume,
pass,
travel,
allocate,
take,
opponent,
opponent,
person,
group,
party,
treat,
get,
relieve,
fix,
cure,
stop,
resolve,
remove,
clear,
fight,
overcome,
avoid,
manage,
release,
problem,
case,
puzzle,
question,
processor,
display,
cpu,
camera,
keyboard,
controller,
battery,
printer,
browser,
sound,
graphic,
graphic,
cool,
audio,
operate,
mechanism,
environment,
maintain,
share,
offer,
utilize,
possess,
feature,
hold,
#,
resolution,
#,
inch,
frame,
#,
#,
#,
color,
meter,
previous,
last,
current,
prior,
subsequent,
precede,
former,
property,
state,
process,
element,
value,
function,
act,
step,
example,
statement,
operator,
term,
member,
member,
chairman,
President,
president,
chairman,
vote,
secretary,
supporter,
secretary,
member,
king,
constitution,
year,
church,
year,
cathedral,
bible,
Pope,
council,
Lord,
king,
Bishop,
graph,
draw,
gallery,
grid,
reverse,
use,
place,
take,
list,
change,
switch,
match,
start,
various,
two,
three,
relative,
gun,
map,
drawing,
#,
marker,
design,
structure,
location,
building,
spot,
position,
moment,
site,
area,
win,
hold,
default,
artist,
organization,
reader,
master,
student,
government,
master,
owner,
author,
speaker,
detect,
make,
identify,
create,
find,
manipulate,
follow,
sense,
change,
trace,
perform,
scene,
car,
move,
lose,
erase,
restore,
change,
break,
#,
a,
#,
result,
datum,
figure,
score,
table,
value,
ranking,
example,
rating,
parameter,
derive,
obtain,
extract,
generate,
download,
draw,
collect,
retrieve,
calculate,
adapt,
create,
portion,
#,
database,
output,
page,
website,
district,
constituency,
department,
construct,
build,
capable,
instead,
structure,
format,
matrix,
stack,
minimum,
collection,
language,
blood,
#,
#,
#,
outline,
management,
implementation,
scope,
design,
description,
purpose,
development,
nature,
principle,
specie,
genus,
river,
park,
forest,
lake,
tree,
plant,
region,
formation,
provide,
present,
describe,
detail,
publish,
indicate,
discuss,
chapter,
section,
part,
chapter,
article,
volume,
volume,
page,
book,
edition,
relevant,
correspond,
necessary,
result,
entire,
variable,
file,
chart,
attribute,
element,
calculation,
insert,
copy,
incorporate,
put,
feed,
convert,
compress,
burn,
directory,
memory,
attach,
assign,
connect,
#,
#,
calculate,
#,
#,
illustrate,
build,
#,
develop,
#,
#,
#,
placement,
configuration,
object,
dice,
movement,
step,
one,
event,
jump,
date,
length,
column,
row,
round,
rule,
second,
developer,
contestant,
solve,
prevent,
save,
problem,
instrument,
gameplay,
require,
utilize,
utilize,
mouse,
monitor,
laptop,
microphone,
tv,
pen,
console,
stick,
fork,
pencil,
flashlight,
compass,
tablet,
installation,
service,
battle,
war,
story,
world,
trial,
night,
curse,
duel,
siege,
journey,
fight,
attack,
game,
note,
stage,
number,
rule,
version,
define,
outline,
describe,
cover,
address,
establish,
provide,
state,
concern,
determine,
consider,
characteristic,
definition,
form,
requirement,
#,
composition,
dimension,
shape,
formulation,
Act,
department,
law,
search,
cheat,
black,
download,
single,
white,
generator,
editor,
library,
scheme,
session,
#,
user,
developer,
viewer,
programmer,
participant,
player,
access,
enter,
select,
retrieve,
open,
choose,
folder,
disc,
menu,
dictionary,
container,
hold,
store,
represent,
content,
sound,
version,
performance,
success,
use,
regulation,
order,
each,
value,
action,
analysis,
nature,
application,
end,
direction,
customer,
commission,
committee,
Commission,
court,
receiver,
company,
concern,
regard,
towards,
outcome,
cost,
width,
depth,
range,
thickness,
dimension,
strength,
scale,
whole,
arcade,
3d,
mini,
actual,
surface,
#,
edge,
face,
diameter,
distance,
difficulty,
radius,
mm,
x,
cm,
#,
inch,
#,
#,
degree,
foot,
[,
universe,
empire,
body,
earth,
mind,
guild,
future,
past,
restore,
recover,
collect,
recall,
finish,
unlock,
remember,
repair,
rebuild,
return,
restart,
destroy,
replace,
erase,
break,
#,
#,
phase,
mode,
book,
category,
discuss,
explain,
examine,
#,
constraint,
limitation,
criterion,
consideration,
limit,
complexity,
factor,
analysis,
specification,
capability,
technical,
legal,
operational,
environmental,
structural,
security,
financial,
engineering,
material,
decision,
practical,
#,
type,
definition,
#,
source,
format,
assumption,
procedure,
concept,
expectation,
decision,
test,
standard,
choice,
recommendation,
error,
adjustment,
suggestion,
mistake,
improvement,
observation,
commitment,
involve,
encounter,
employ,
establish,
design,
develop,
create,
run,
plan,
make,
use,
write,
drive,
model,
control,
standard,
module,
vehicle,
architecture,
let,
let,
where,
the,
should,
could,
May,
here,
#,
#,
corner,
hole,
cell,
room,
perimeter,
capacity,
support,
incorporate,
tool,
cube,
cylinder,
triangle,
sphere,
wall,
opposite,
proper,
small,
large,
great,
high,
shape,
marking,
layout,
span,
longitude,
weight,
behavior,
exact,
random,
specific,
unit,
initial,
#,
#,
#,
#,
digit,
period,
velocity,
chance,
money,
induce,
mystery,
situation,
crime,
equation,
scenario,
summarize,
express,
report,
allow,
involve,
offer,
enable,
aid,
assistance,
help,
addition,
combination,
usage,
choice,
purchase,
intervention,
desktop,
keyboard,
chat,
talk,
speak,
engage,
coordinate,
register,
negotiate,
hole,
tower,
arch,
panel,
square,
stone,
wall,
bay,
appropriate,
identical,
side,
area,
maximum,
½,
coefficient,
fact,
source,
index,
header,
store,
#,
register,
control,
determine,
decide,
specify,
editor,
priest,
compiler,
translator,
teacher,
icon,
certificate,
hour,
type,
change,
minute,
year,
kind,
lead,
circuit,
chess,
blue,
#,
win,
vote,
host,
target,
candidate,
also,
automatically,
immediately,
randomly,
progression,
motto,
code,
natural,
automatic,
national,
pure,
fair,
artificial,
pro,
block,
#,
city,
#,
exit,
entry,
exit,
stop,
escape,
opening,
door,
return,
out,
pass,
mean,
to,
leave,
entry,
begin,
end,
verse,
link,
listener,
write,
generate,
channel,
disk,
show,
take,
receive,
highlight,
episode,
video,
music,
lyric,
what,
operation,
which,
work,
anything,
track,
everything,
step,
general,
combat,
motion,
succession,
particular,
consider,
prohibit,
state,
permit,
straightforward,
define,
optional,
immediate,
button,
control,
sensor,
touch,
point,
type,
hold,
click,
position,
track,
tap,
sense,
record,
listen,
count,
function,
gesture,
technique,
ability,
since,
although,
though,
however,
mean,
allow,
serve,
incorporate,
functionality,
capability,
property,
advantage,
connectivity,
convenience,
effect,
television,
telephone,
iphone,
ios,
ability,
power,
possibility,
freedom,
need,
inability,
flexibility,
opportunity,
press,
push,
click,
rotate,
insert,
operate,
finger,
hand,
pad,
lever,
bar,
dial,
switch,
ring,
activate,
key,
symbol,
icon,
call,
print,
specify,
indicate,
background,
ground,
floor,
flag,
colour,
interior,
roof,
field,
pattern,
ball,
color,
colour,
tile,
flower,
corner,
leg,
stick,
see,
quote,
also,
text,
#,
House,
code,
society,
space,
parliament,
discussion,
film,
album,
sell,
come,
exist,
serve,
operate,
sell,
appear,
continue,
work,
come,
act,
remain,
web,
mobile,
commercial,
consumer,
custom,
business,
server,
direct,
java,
basis,
song,
finish,
unlocked,
end,
bonus,
red,
special,
reward,
tone,
segment,
release,
instal,
produce,
indicate,
ask,
signal,
answer,
say,
call,
command,
tell,
respond,
direct,
reply,
promise,
request,
protagonist,
caller,
child,
want,
wish,
want,
intend,
plan,
want,
wish,
wish,
desire,
choose,
like,
continue,
replay,
keep,
join,
movie,
resource,
transaction,
develop,
edit,
sentence,
simply,
exactly,
much,
population,
daily,
economic,
keep,
document,
sheet,
sheet,
school,
magazine,
newspaper,
university,
accord,
subject,
due,
similar,
contrary,
thank,
conform,
add,
relate,
accordance,
parallel,
author,
introduction,
conclusion,
guideline,
playstation,
FIFA,
system,
FIBA,
player,
challenge,
class,
category,
think,
learn,
dream,
ask,
agree,
experience,
enjoy,
pc,
robot,
adventure,
hobby,
understand,
learn,
know,
remember,
learn,
teach,
discover,
demonstrate,
decide,
realize,
drive,
handle,
navigate,
low,
high,
low,
basic,
high,
mature,
mid,
junior,
secondary,
normal,
primary,
young,
grade,
professional,
adult,
manager,
enter,
arrive,
bear,
graduate,
join,
start,
come,
appear,
usually,
class,
age,
grade,
tier,
leader,
old,
assistant,
officer,
apprentice,
project,
plan,
program,
group,
#,
number,
list,
list,
history,
breakdown,
percentage,
use,
number,
record,
implementation,
table,
history,
example,
calculation,
new,
playable,
different,
complete,
dance,
possible,
stage,
major,
complete,
main,
player,
know,
chess,
individual,
winner,
start,
run,
change,
match,
event,
release,
entry,
#,
race,
game,
assignment,
election,
#,
visit,
last,
1970s,
year,
1990s,
1980s,
2000,
game,
work,
comply,
deal,
integrate,
interact,
communicate,
connect,
run,
agree,
cooperate,
compete,
start,
interface,
go,
operate,
file,
support,
support,
Linux,
computer,
embed,
exist,
compatible,
Unix,
control,
system,
system,
device,
logic,
hardware,
mode,
machine,
software,
model,
set,
program,
method,
mechanism,
code,
instruction,
know,
need,
',
driver,
engine,
machine,
user,
model,
person,
car,
customer,
class,
seat,
operator,
server,
generator,
service,
station,
day,
area,
one,
algorithm,
program,
rating,
score,
rule,
test,
result,
read,
store,
load,
write,
check,
interpret,
execute,
translate,
select,
type,
identify,
label,
open,
compile,
access,
fault,
copy,
backup,
error,
device,
application,
app,
phone,
product,
project,
platform,
version,
environment,
use,
choose,
control,
determine,
give,
provide,
decide,
specify,
do,
create,
author,
reader,
editor,
end,
master,
editor,
viewer,
artist,
priest,
compiler,
translator,
student,
teacher,
in,
use,
figure,
table,
figure,
Map,
stage,
section,
player,
level,
page,
map,
section,
icon,
image,
referee,
judge,
team,
umpire,
contestant,
winner,
judge,
player,
jury,
scorer,
board,
recorder,
include,
match,
reflect,
contain,
represent,
equal,
determine,
exceed,
count,
provide,
give,
cover,
length,
name,
duration,
time,
date,
amount,
title,
status,
detail,
location,
size,
progress,
tempo,
name,
quality,
rank,
point,
mark,
pitch,
total,
point,
frequency,
quantity,
place,
sequence,
rate,
level,
percent,
number,
play,
minute,
performance,
play,
word,
participant,
line,
goal,
attempt,
appearance,
hit,
sample,
poll,
measurement,
task,
report,
measure,
piece,
video,
along,
#,
perform,
together,
play,
make,
card,
#,
#,
performance,
action,
activity,
death,
participation,
presence,
role,
input,
activity,
sport,
sit,
deep,
break,
bear,
look,
shot,
but,
come,
one,
get,
and,
go,
somewhere,
not,
even,
pause,
leave,
right,
block,
column,
tile,
letter,
clue,
character,
round,
compose,
descriptive,
part,
representative,
full,
form,
independent,
comprise,
consist,
symbolic,
consist,
list,
position,
speed,
movement,
age,
skill,
move,
height,
puzzle,
word,
turn,
move,
bank,
direction,
degree,
type,
method,
order,
angle,
time,
every,
screen,
block,
turn,
segment,
letter,
space,
size,
cell,
time,
technique,
key,
skill,
tool,
language,
password,
strategy,
take,
require,
need,
spend,
allot,
allow,
consume,
pass,
travel,
allocate,
take,
opponent,
opponent,
team,
group,
party,
treat,
get,
relieve,
fix,
cure,
stop,
resolve,
remove,
clear,
fight,
overcome,
avoid,
manage,
release,
problem,
case,
puzzle,
question,
follow,
set,
step,
make,
start,
runner,
bottom,
back,
line,
ground,
round,
runner,
head,
head,
action,
statistic,
behavior,
event,
process,
attack,
strength,
exact,
correct,
ball,
random,
specific,
unit,
club,
initial,
actual,
original,
average,
#,
#,
#,
#,
#,
digit,
distance,
period,
velocity,
meter,
information,
step,
card,
datum,
chance,
money,
necessary,
available,
set,
obtain,
save,
prevent,
induce,
mystery,
problem,
situation,
crime,
equation,
scenario,
difficulty,
display,
show,
record,
include,
present,
describe,
represent,
publish,
summarize,
express,
calculate,
report,
consist,
consist,
reminiscent,
follow,
short,
long,
text,
print,
simple,
english,
latin,
track,
song,
section,
track,
article,
follow,
memory,
operation,
object,
resource,
transaction,
request,
finish,
release,
develop,
produce,
edit,
change,
end,
song,
menu,
phrase,
statement,
message,
line,
slogan,
command,
expression,
sentence,
simply,
exactly,
much,
mode,
league,
season,
tournament,
official,
league,
squad,
#,
series,
roster,
content,
chart,
sum,
well,
statistical,
cumulative,
separate,
unique,
unit,
member,
unlike,
like,
for,
as,
from,
use,
on,
if,
with,
unlike,
playoff,
home,
championship,
tie,
play,
draw,
member,
member,
chairman,
President,
president,
chairman,
vote,
secretary,
supporter,
secretary,
member,
king,
constitution,
year,
church,
cathedral,
bible,
Pope,
council,
Lord,
king,
Bishop,
library,
browser,
include,
use,
contain,
support,
feature,
provide,
incorporate,
introduce,
function,
tool,
database,
format,
part,
performance,
success,
use,
regulation,
order,
each,
value,
action,
analysis,
nature,
application,
result,
end,
direction,
government,
commission,
committee,
Commission,
court,
receiver,
owner,
company,
state,
concern,
regard,
towards,
value,
outcome,
cost,
effect,
what,
the,
operation,
which,
work,
anything,
where,
track,
everything,
step,
general,
combat,
motion,
question,
battle,
succession,
particular,
response,
consider,
prohibit,
state,
permit,
straightforward,
define,
free,
optional,
immediate,
master,
movement,
position,
piece,
record,
present,
accumulate,
generate,
establish,
maximum,
overall,
high,
final,
portion,
side,
population,
defender,
athlete,
bowler,
range,
probability,
proportion,
volume,
occurrence,
active,
body,
hand,
file,
column,
total,
count,
[,
remain,
character,
option,
enemy,
world,
item,
part,
level,
ship,
basis,
unknown,
#,
base,
top,
background,
ground,
color,
floor,
flag,
colour,
interior,
bottom,
roof,
field,
pattern,
ball,
color,
colour,
edge,
side,
tile,
wall,
flower,
button,
corner,
leg,
stick,
he,
it,
she,
player,
whoever,
this,
attendance,
play,
driver,
enough,
able,
sufficient,
recommend,
encourage,
finish,
make,
unlock,
win,
begin,
enter,
create,
open,
drive,
save,
music,
drum,
album,
soundtrack,
guitar,
instrument,
see,
see,
note,
quote,
also,
text,
§,
paragraph,
chapter,
article,
version,
aspect,
review,
edition,
issue,
volume,
component,
type,
month,
campaign,
term,
course,
contract,
week,
page,
previous,
next,
current,
prior,
subsequent,
precede,
former,
clause,
option,
property,
element,
act,
step,
example,
attack,
escape,
die,
bite,
kill,
kill,
escape,
bear,
fight,
escape,
#,
war,
war,
#,
riot,
b,
break,
ii,
party,
dance,
c,
#,
source,
source,
House,
code,
book,
society,
space,
door,
parliament,
door,
discussion,
book,
relevant,
correspond,
various,
result,
basic,
variable,
parameter,
table,
chart,
value,
calculation,
attribute,
document,
element,
enter,
insert,
put,
incorporate,
feed,
copy,
import,
integrate,
place,
archive,
location,
placement,
configuration,
shape,
position,
object,
user,
robot,
node,
figure,
hand,
motion,
configuration,
state,
place,
date,
length,
result,
one,
row,
digit,
key,
command,
code,
rule,
programmer,
algorithm,
solve,
trigger,
equation,
case,
idea,
concept,
almost,
rather,
shape,
structure,
treat,
something,
somewhat,
think,
keyboard,
gameplay,
feature,
require,
contain,
utilize,
utilize,
mouse,
camera,
printer,
monitor,
laptop,
microphone,
speaker,
tv,
cpu,
pen,
console,
stick,
fork,
button,
pencil,
flashlight,
compass,
tablet,
installation,
service,
war,
story,
world,
trial,
night,
curse,
duel,
siege,
journey,
fight,
game,
note,
search,
cheat,
black,
download,
single,
white,
box,
tree,
window,
scheme,
session,
#,
developer,
developer,
participant,
access,
find,
select,
retrieve,
choose,
folder,
disc,
dictionary,
container,
hold,
hold,
store,
display,
represent,
show,
content,
sound,
audio,
exit,
entry,
exit,
stop,
escape,
opening,
return,
out,
pass,
Act,
mean,
to,
leave,
entry,
begin,
begin,
verse,
grow,
pick,
next,
first,
wake,
follow,
pick,
start,
you,
city,
concrete,
red,
road,
familiar,
number,
vertical,
street,
square,
disk,
boot,
clock,
processor,
flash,
battery,
directory,
even,
miss,
nearly,
incorrect,
empty,
additional,
appropriate,
incomplete,
alternative,
external,
automate,
invalid,
incoming,
instant,
automatic,
correction,
signal,
vector,
sign,
tag,
warn,
TRUE,
call,
remove,
lose,
FALSE,
#,
#,
#,
outline,
management,
scope,
design,
description,
purpose,
development,
nature,
principle,
specie,
genus,
river,
park,
forest,
lake,
plant,
district,
region,
formation,
structure,
find,
detail,
indicate,
discuss,
chapter,
article,
volume,
edition,
entire,
whole,
buffer,
target,
capital,
old,
issue,
also,
quickly,
automatically,
later,
immediately,
eventually,
randomly,
block,
city,
#,
show,
depict,
#,
usual,
#,
#,
#,
#,
#,
wrong,
#,
inscription,
quote,
advertisement,
poster,
illustration,
item,
logo,
ok,
know,
idiot,
go,
well,
bastard,
bet,
bitch,
asshole,
photograph,
picture,
photo,
panel,
answer,
yard,
wicket,
penalty,
touchdown,
#,
limit,
still,
regulation,
zero,
two,
three,
four,
technical,
five,
six,
page,
portion,
copy,
chapter,
sheet,
document,
manual,
guide,
website,
documentation,
paper,
offer,
form,
comprise,
constitute,
bear,
overview,
summary,
explanation,
definition,
analysis,
detail,
view,
framework,
include,
physical,
define,
identify,
critical,
description,
profile,
characteristic,
biography,
term,
list,
product,
architecture,
site,
domain,
organization,
staff,
infrastructure,
stakeholder,
operational,
functional,
organizational,
financial,
legal,
practical,
ethical,
security,
structural,
administrative,
material,
environmental,
requirement,
capability,
structure,
property,
specification,
man,
lock,
guard,
boy,
girl,
woman,
knob,
nurse,
answer,
appear,
control,
stand,
call,
depend,
write,
reply,
type,
reply,
response,
outcome,
combination,
solution,
ending,
interpretation,
choice,
alternative,
argument,
let,
let,
should,
could,
May,
here,
#,
#,
none,
final,
a,
inside,
after,
within,
#,
reference,
diagram,
index,
since,
library,
system,
corporation,
service,
build,
convert,
compress,
burn,
add,
send,
attach,
assign,
apply,
connect,
#,
#,
calculate,
#,
#,
illustrate,
build,
#,
develop,
#,
#,
#,
dice,
jump,
round,
second,
contestant,
blood,
certificate,
hour,
type,
change,
minute,
year,
kind,
define,
describe,
cover,
address,
identify,
explain,
discuss,
introduce,
give,
engineering,
layer,
interface,
offer,
make,
allow,
definition,
example,
explanation,
#,
function,
application,
since,
include,
until,
before,
at,
goal,
destination,
objective,
space,
enclosure,
cube,
layout,
shooter,
controller,
rider,
pick,
people,
lead,
sound,
circuit,
blue,
run,
display,
#,
#,
#,
graphic,
apart,
different,
away,
aside,
apart,
across,
away,
far,
except,
distance,
outer,
adjoin,
adjacent,
hero,
champion,
pitcher,
host,
enjoy,
choose,
create,
start,
learn,
enter,
job,
open,
start,
path,
route,
indicate,
prevent,
stop,
continue,
perform,
clockwise,
desire,
direction,
trail,
entrance,
approach,
way,
entrance,
inside,
enter,
rest,
selection,
close,
illustrate,
finite,
infinite,
linear,
like,
image,
standard,
specification,
patent,
law,
define,
meet,
describe,
basis,
market,
formula,
recipe,
packaging,
trademark,
brand,
ship,
module,
episode,
#,
#,
#,
#,
feature,
instruction,
guy,
understand,
save,
give,
say,
get,
remember,
find,
sign,
read,
name,
friend,
friend,
partner,
enemy,
competitor,
victory,
leader,
boss,
hold,
handle,
store,
accommodate,
carry,
produce,
print,
fit,
box,
picture,
bar,
photo,
balloon,
signature,
corner,
foot,
hole,
cell,
room,
tower,
circle,
width,
depth,
diameter,
plan,
dimension,
perimeter,
radius,
capacity,
dimension,
surface,
both,
include,
note,
track,
introduction,
fire,
love,
burn,
rain,
fall,
silence,
change,
time,
rise,
memory,
fall,
lose,
dust,
recipient,
audience,
candidate,
client,
victim,
creator,
designer,
inventor,
director,
producer,
founder,
publisher,
writer,
composer,
researcher,
analyst,
manager,
engineer,
supervisor,
organizer,
presenter,
ceo,
challenge,
class,
group,
category,
speak,
think,
need,
learn,
dream,
ask,
talk,
want,
wish,
desire,
like,
wish,
want,
want,
wish,
intend,
agree,
write,
experience,
enjoy,
pc,
robot,
adventure,
hobby,
understand,
know,
remember,
learn,
teach,
discover,
demonstrate,
decide,
realize,
operate,
manipulate,
navigate,
low,
high,
low,
high,
middle,
mature,
mid,
junior,
secondary,
normal,
primary,
young,
grade,
professional,
adult,
child,
arrive,
graduate,
join,
come,
appear,
usually,
age,
grade,
tier,
old,
assistant,
officer,
apprentice,