ensure,TRUE
provide,TRUE
maintain,TRUE
achieve,TRUE
establish,TRUE
meet,FALSE
give,TRUE
deliver,FALSE
guarantee,FALSE
assure,FALSE
produce,TRUE
allow,TRUE
obtain,FALSE
demonstrate,FALSE
response,TRUE
recovery,FALSE
reaction,FALSE
operate,TRUE
run,TRUE
operation,TRUE
wait,FALSE
cycle,FALSE
completion,FALSE
preparation,FALSE
run,TRUE
performance,TRUE
deployment,FALSE
access,TRUE
execution,FALSE
time,TRUE
capability,TRUE
time,TRUE
information,TRUE
capability,TRUE
service,TRUE
coverage,FALSE
service,TRUE
datum,TRUE
system,TRUE
measure,FALSE
procedure,FALSE
quality,FALSE
support,TRUE
capacity,FALSE
use,TRUE
need,TRUE
perform,TRUE
schedule,FALSE
deploy,FALSE
available,FALSE
require,TRUE
request,TRUE
occur,TRUE
operate,TRUE
encounter,FALSE
employ,FALSE
perform,TRUE
applicable,FALSE
operation,TRUE
task,TRUE
action,TRUE
activity,FALSE
function,TRUE
test,TRUE
situation,FALSE
incident,FALSE
application,TRUE
flight,FALSE
event,TRUE
program,TRUE
operational,FALSE
emergency,FALSE
experimental,FALSE
competitive,FALSE
regulatory,FALSE
reasonable,FALSE
practical,FALSE
critical,FALSE
appropriate,FALSE
specific,FALSE
special,FALSE
optimal,FALSE
technical,FALSE
limit,FALSE
level,TRUE
condition,TRUE
term,TRUE
requirement,TRUE
unit,TRUE
support,TRUE
rule,TRUE
control,TRUE
standard,FALSE
principle,TRUE
protection,FALSE
design,TRUE
recommendation,FALSE
guideline,FALSE
security,TRUE
criterion,FALSE
safety,FALSE
strategy,FALSE
control,TRUE
input,TRUE
automatic,FALSE
control,TRUE
autonomous,FALSE
control,TRUE
output,TRUE
active,FALSE
electronic,FALSE
functional,FALSE
hardware,TRUE
device,TRUE
integrate,FALSE
digital,FALSE
system,TRUE
controller,FALSE
device,TRUE
signal,TRUE
power,TRUE
software,TRUE
process,TRUE
control,TRUE
interface,TRUE
interface,TRUE
controller,FALSE
activation,FALSE
integration,FALSE
automation,FALSE
functionality,TRUE
interaction,TRUE
design,TRUE
safety,FALSE
management,TRUE
these,FALSE
the,FALSE
all,FALSE
user,TRUE
computer,TRUE
such,FALSE
some,FALSE
software,TRUE
autonomous,FALSE
independence,FALSE
autonomy,FALSE
feedback,FALSE
switch,FALSE
module,TRUE
isolation,FALSE
environment,TRUE
design,TRUE
able,FALSE
include,TRUE
enable,TRUE
provide,TRUE
modify,TRUE
adapt,FALSE
specify,TRUE
sufficient,FALSE
update,TRUE
set,TRUE
define,TRUE
select,TRUE
facilitate,FALSE
prevent,FALSE
enable,TRUE
avoid,TRUE
permit,FALSE
reduce,FALSE
ease,FALSE
minimize,FALSE
handle,TRUE
detect,TRUE
encourage,FALSE
promote,FALSE
use,TRUE
manipulation,FALSE
application,TRUE
movement,FALSE
selection,FALSE
installation,FALSE
removal,FALSE
attachment,FALSE
adjustment,FALSE
share,TRUE
input,TRUE
command,TRUE
signal,TRUE
memory,FALSE
component,TRUE
number,TRUE
combination,FALSE
variety,FALSE
pair,FALSE
group,TRUE
series,FALSE
collection,FALSE
network,TRUE
subset,FALSE
range,TRUE
cluster,FALSE
sequence,FALSE
external,FALSE
different,FALSE
internal,FALSE
independent,FALSE
peripheral,FALSE
individual,FALSE
method,TRUE
technology,TRUE
mechanism,FALSE
option,FALSE
process,TRUE
tool,TRUE
search,TRUE
case,TRUE
investigation,FALSE
complaint,FALSE
crime,FALSE
report,TRUE
murder,FALSE
suspect,FALSE
raid,FALSE
warrant,FALSE
fire,FALSE
charge,FALSE
prosecution,FALSE
question,FALSE
robbery,FALSE
file,TRUE
make,TRUE
receive,TRUE
hear,FALSE
lodge,FALSE
submit,FALSE
issue,TRUE
dismiss,FALSE
present,TRUE
accept,FALSE
deny,FALSE
report,TRUE
find,TRUE
verify,FALSE
reject,FALSE
someone,FALSE
one,FALSE
police,TRUE
Congress,FALSE
anyone,FALSE
everyone,FALSE
another,FALSE
somebody,FALSE
justice,FALSE
conduct,FALSE
begin,FALSE
continue,FALSE
start,TRUE
resume,FALSE
initiate,FALSE
stop,FALSE
oversee,FALSE
review,TRUE
restart,FALSE
terminate,FALSE
commence,FALSE
complete,FALSE
halt,FALSE
direct,TRUE
legal,FALSE
complaint,FALSE
appeal,FALSE
appeal,FALSE
disciplinary,FALSE
investigative,FALSE
court,FALSE
judicial,FALSE
inquiry,FALSE
file,TRUE
',FALSE
external,FALSE
miss,FALSE
direct,FALSE
web,TRUE
find,TRUE
new,FALSE
support,TRUE
common,FALSE
other,FALSE
link,TRUE
link,TRUE
link,TRUE
read,TRUE
towards,FALSE
open,TRUE
window,TRUE
browser,TRUE
link,TRUE
page,TRUE
website,TRUE
app,TRUE
window,TRUE
image,TRUE
one,TRUE
door,FALSE
feature,TRUE
site,TRUE
file,TRUE
screen,TRUE
suggestion,FALSE
way,TRUE
note,TRUE
mean,TRUE
document,TRUE
sign,FALSE
item,TRUE
proposal,FALSE
those,FALSE
rule,TRUE
open,TRUE
unlock,FALSE
open,TRUE
open,TRUE
introduce,FALSE
launch,FALSE
indicate,TRUE
include,TRUE
shop,FALSE
glass,FALSE
front,FALSE
new,FALSE
office,FALSE
store,TRUE
display,TRUE
side,FALSE
picture,FALSE
house,FALSE
studio,FALSE
gallery,FALSE
#,FALSE
extension,FALSE
version,TRUE
pop,TRUE
dial,FALSE
back,FALSE
bottom,FALSE
sign,FALSE
look,TRUE
pop,FALSE
follow,TRUE
plug,FALSE
top,FALSE
mark,FALSE
log,FALSE
flip,FALSE
wrap,FALSE
message,TRUE
display,TRUE
content,TRUE
display,TRUE
show,TRUE
identify,TRUE
read,TRUE
examine,FALSE
check,TRUE
illustrate,FALSE
discuss,FALSE
item,TRUE
object,TRUE
value,TRUE
element,TRUE
color,TRUE
object,TRUE
attribute,FALSE
value,TRUE
character,FALSE
piece,FALSE
color,TRUE
game,TRUE
image,TRUE
column,FALSE
screen,TRUE
table,TRUE
form,TRUE
matrix,FALSE
text,TRUE
menu,FALSE
background,FALSE
diagram,FALSE
row,FALSE
draw,FALSE
change,TRUE
update,TRUE
increase,TRUE
expand,FALSE
add,TRUE
modify,TRUE
adjust,FALSE
improve,FALSE
alter,FALSE
replace,FALSE
extend,FALSE
remove,TRUE
edit,FALSE
shrink,FALSE
move,FALSE
turn,FALSE
save,FALSE
drop,FALSE
shift,FALSE
rotate,FALSE
appear,FALSE
make,TRUE
get,TRUE
take,TRUE
compare,FALSE
show,TRUE
affect,FALSE
column,FALSE
table,TRUE
result,TRUE
result,TRUE
index,FALSE
list,TRUE
function,TRUE
position,FALSE
identify,TRUE
track,FALSE
find,TRUE
monitor,TRUE
assess,FALSE
investigate,FALSE
register,FALSE
recognize,FALSE
locate,FALSE
fix,TRUE
correct,FALSE
punish,FALSE
repair,FALSE
treat,FALSE
resource,TRUE
datum,FALSE
energy,FALSE
weapon,FALSE
anything,FALSE
everything,FALSE
require,TRUE
qualify,FALSE
declare,FALSE
force,TRUE
consider,TRUE
define,TRUE
order,TRUE
require,TRUE
ask,TRUE
convince,FALSE
person,TRUE
player,FALSE
member,FALSE
student,FALSE
child,FALSE
candidate,FALSE
citizen,FALSE
voter,FALSE
party,FALSE
participant,FALSE
contestant,FALSE
human,TRUE
member,FALSE
part,TRUE
resident,FALSE
target,FALSE
representative,FALSE
customer,FALSE
knowledge,FALSE
parent,FALSE
fan,FALSE
viewer,FALSE
section,TRUE
document,TRUE
specification,TRUE
standard,TRUE
also,FALSE
article,TRUE
Manual,FALSE
page,TRUE
suite,FALSE
framework,FALSE
manual,FALSE
program,TRUE
provide,TRUE
include,TRUE
contain,TRUE
give,TRUE
contain,TRUE
give,TRUE
offer,TRUE
outline,FALSE
present,TRUE
description,FALSE
outline,FALSE
detail,TRUE
explanation,FALSE
analysis,FALSE
definition,FALSE
overview,FALSE
description,FALSE
summary,FALSE
documentation,FALSE
understand,TRUE
specification,FALSE
change,TRUE
modification,FALSE
improvement,FALSE
implementation,FALSE
standard,TRUE
technology,TRUE
propose,FALSE
introduce,FALSE
necessary,FALSE
present,FALSE
outline,FALSE
consider,TRUE
develop,TRUE
stage,FALSE
phase,FALSE
generation,FALSE
version,TRUE
step,FALSE
edition,FALSE
stage,FALSE
level,TRUE
year,TRUE
phase,FALSE
indicate,TRUE
denote,FALSE
prove,FALSE
verify,FALSE
prove,FALSE
confirm,FALSE
establish,TRUE
imply,FALSE
recognize,FALSE
declare,FALSE
assert,FALSE
check,TRUE
indicate,TRUE
name,TRUE
content,TRUE
title,TRUE
status,FALSE
type,TRUE
name,TRUE
location,TRUE
size,TRUE
address,TRUE
history,FALSE
date,FALSE
subject,TRUE
file,TRUE
work,TRUE
book,TRUE
record,TRUE
publication,FALSE
word,TRUE
database,TRUE
property,FALSE
term,TRUE
identity,FALSE
context,TRUE
citation,FALSE
structure,TRUE
significance,FALSE
fact,FALSE
mean,TRUE
regulation,FALSE
regulation,FALSE
agreement,FALSE
article,TRUE
patent,FALSE
instruction,FALSE
contract,FALSE
protocol,TRUE
cover,FALSE
constitute,FALSE
describe,TRUE
comprise,FALSE
contain,TRUE
ability,FALSE
need,TRUE
right,FALSE
authority,FALSE
way,TRUE
requirement,TRUE
freedom,FALSE
possibility,FALSE
grant,FALSE
offer,TRUE
deny,FALSE
secure,TRUE
afford,FALSE
bring,FALSE
public,FALSE
user,TRUE
computer,TRUE
government,TRUE
proper,FALSE
maximum,FALSE
internet,TRUE
administrator,FALSE
operator,FALSE
employee,FALSE
accord,FALSE
relationship,FALSE
right,FALSE
relate,TRUE
access,FALSE
relation,FALSE
response,TRUE
due,FALSE
relation,FALSE
relate,TRUE
respond,FALSE
database,TRUE
computer,TRUE
record,TRUE
email,FALSE
correspondence,FALSE
report,TRUE
transaction,FALSE
account,TRUE
address,TRUE
certificate,FALSE
contact,FALSE
map,TRUE
communication,TRUE
text,TRUE
facility,FALSE
material,FALSE
product,TRUE
implement,TRUE
locate,FALSE
exist,TRUE
store,TRUE
inherent,FALSE
embed,FALSE
website,TRUE
library,TRUE
library,FALSE
language,TRUE
linguistic,FALSE
cultural,FALSE
platform,TRUE
channel,FALSE
reference,TRUE
border,FALSE
code,TRUE
reference,TRUE
genre,FALSE
bar,FALSE
plan,FALSE
‡••,FALSE
draw,FALSE
middle,FALSE
head,FALSE
division,FALSE
category,FALSE
minimum,FALSE
point,TRUE
glance,FALSE
least,FALSE
rate,FALSE
moment,FALSE
cost,TRUE
distance,FALSE
period,FALSE
issue,TRUE
submit,FALSE
prepare,FALSE
publish,TRUE
generate,TRUE
create,TRUE
write,TRUE
develop,TRUE
guidance,FALSE
protection,FALSE
justification,FALSE
evidence,FALSE
advice,FALSE
training,FALSE
judge,FALSE
authority,FALSE
court,FALSE
investigation,FALSE
parliament,FALSE
report,TRUE
decision,FALSE
justice,FALSE
consultation,FALSE
issue,TRUE
matter,FALSE
objective,FALSE
topic,FALSE
target,FALSE
area,TRUE
mission,FALSE
occasion,FALSE
day,FALSE
purpose,TRUE
problem,TRUE
involve,TRUE
include,TRUE
concern,FALSE
like,FALSE
regard,FALSE
involve,TRUE
pende,FALSE
security,TRUE
architecture,TRUE
client,TRUE
source,TRUE
server,TRUE
desktop,FALSE
host,TRUE
transmitter,FALSE
terminal,FALSE
outside,FALSE
elsewhere,FALSE
online,FALSE
feature,TRUE
add,TRUE
incorporate,FALSE
offer,TRUE
protective,FALSE
key,FALSE
mechanical,FALSE
lock,FALSE
hand,FALSE
clean,FALSE
physical,FALSE
assistance,FALSE
experience,TRUE
privilege,FALSE
fee,FALSE
hour,FALSE
remove,TRUE
eliminate,FALSE
identify,TRUE
handle,TRUE
create,TRUE
avoid,TRUE
find,TRUE
prevent,FALSE
view,TRUE
destroy,FALSE
replace,FALSE
instal,FALSE
select,TRUE
use,TRUE
with,FALSE
through,FALSE
in,FALSE
besides,FALSE
within,FALSE
under,FALSE
for,FALSE
give,TRUE
beyond,FALSE
from,FALSE
Via,FALSE
without,FALSE
throughout,FALSE
during,FALSE
web,TRUE
follow,TRUE
gps,FALSE
basic,FALSE
late,FALSE
mobile,FALSE
internet,TRUE
engine,FALSE
algorithm,FALSE
method,TRUE
protocol,TRUE
technique,FALSE
procedure,FALSE
tool,TRUE
#,FALSE
forensic,FALSE
enforcement,FALSE
FBI,FALSE
it,TRUE
agency,FALSE
rescue,FALSE
officer,FALSE
department,FALSE
investigator,FALSE
detective,FALSE
agent,TRUE
force,FALSE
agency,FALSE
personnel,FALSE
team,FALSE
station,FALSE
official,FALSE
officer,FALSE
check,TRUE
hunt,FALSE
search,TRUE
account,TRUE
search,TRUE
search,TRUE
search,TRUE
scan,FALSE
watch,FALSE
call,TRUE
area,TRUE
cause,FALSE
place,TRUE
event,TRUE
vehicle,FALSE
scene,FALSE
act,TRUE
commission,FALSE
site,TRUE
scene,FALSE
suspect,FALSE
center,FALSE
act,TRUE
activity,FALSE
car,FALSE
arrest,FALSE
criminal,FALSE
situation,FALSE
transaction,FALSE
residence,FALSE
victim,FALSE
etc,FALSE
locality,FALSE
location,TRUE
circumstance,FALSE
model,TRUE
module,TRUE
solution,FALSE
project,TRUE
aim,TRUE
compensate,FALSE
advocate,FALSE
cater,FALSE
exist,TRUE
command,TRUE
task,TRUE
base,TRUE
play,TRUE
play,TRUE
orient,FALSE
build,TRUE
switch,FALSE
take,TRUE
friendly,FALSE
variant,FALSE
adjustment,FALSE
testing,FALSE
learn,FALSE
model,TRUE
evaluation,FALSE
development,TRUE
aircraft,FALSE
troop,FALSE
people,TRUE
equipment,FALSE
vehicle,FALSE
unit,TRUE
information,TRUE
agreement,FALSE
text,TRUE
standard,FALSE
guide,TRUE
research,TRUE
handbook,FALSE
develop,TRUE
use,TRUE
interact,FALSE
interaction,TRUE
recognize,FALSE
improve,FALSE
design,TRUE
communicating,FALSE
combine,FALSE
apply,TRUE
implement,TRUE
define,TRUE
compare,FALSE
describe,TRUE
utilize,FALSE
incorporate,FALSE
evaluate,FALSE
analyze,FALSE
employ,TRUE
type,TRUE
kind,TRUE
form,TRUE
style,FALSE
class,FALSE
set,TRUE
combination,FALSE
category,FALSE
kind,TRUE
variety,FALSE
model,TRUE
sort,FALSE
measurement,FALSE
write,TRUE
production,FALSE
print,TRUE
communication,TRUE
manufacture,FALSE
classification,FALSE
construction,FALSE
surgical,FALSE
technique,TRUE
pattern,TRUE
skill,FALSE
strategy,FALSE
follow,TRUE
publish,TRUE
reflect,FALSE
describe,TRUE
incorporate,FALSE
detail,TRUE
give,TRUE
radar,FALSE
facility,FALSE
infrastructure,FALSE
maintain,TRUE
manage,TRUE
protect,FALSE
preserve,FALSE
monitor,TRUE
organize,FALSE
ensure,TRUE
respect,FALSE
hope,FALSE
hope,FALSE
trust,FALSE
ensure,TRUE
confidence,FALSE
efficiency,FALSE
effectiveness,FALSE
advantage,FALSE
potential,FALSE
life,FALSE
#,FALSE
lose,FALSE
transmit,FALSE
collect,FALSE
unavailable,FALSE
destroy,FALSE
compromise,FALSE
important,FALSE
case,TRUE
consequence,FALSE
course,FALSE
danger,FALSE
spite,FALSE
instance,FALSE
light,TRUE
absence,FALSE
prevention,FALSE
loss,FALSE
failure,FALSE
lack,FALSE
breakdown,FALSE
shortage,FALSE
destruction,FALSE
breach,FALSE
disruption,FALSE
failure,FALSE
theft,FALSE
damage,TRUE
collapse,FALSE
telecommunication,FALSE
transport,FALSE
transmission,FALSE
supply,FALSE
wireless,FALSE
electrical,FALSE
day,TRUE
date,TRUE
venue,FALSE
date,TRUE
format,TRUE
field,FALSE
schedule,FALSE
country,FALSE
duration,FALSE
occasion,FALSE
night,FALSE
gender,FALSE
election,FALSE
award,FALSE
death,FALSE
birth,FALSE
competition,FALSE
trial,FALSE
election,FALSE
match,FALSE
app,TRUE
editor,FALSE
reader,TRUE
reveal,FALSE
word,TRUE
number,TRUE
wish,FALSE
want,TRUE
need,TRUE
ought,FALSE
deserve,FALSE
accessible,FALSE
send,TRUE
return,FALSE
address,TRUE
know,TRUE
visible,FALSE
communicate,FALSE
assign,FALSE
supply,FALSE
receiver,FALSE
driver,FALSE
player,FALSE
customer,TRUE
anyone,FALSE
student,FALSE
everybody,FALSE
tell,FALSE
inform,FALSE
tell,FALSE
remind,FALSE
show,TRUE
inform,FALSE
show,TRUE
tell,FALSE
remind,FALSE
alert,FALSE
warn,FALSE
warn,FALSE
viewer,FALSE
exactly,FALSE
reader,TRUE
driver,FALSE
other,TRUE
operator,FALSE
example,TRUE
navigation,TRUE
traffic,FALSE
particular,FALSE
current,FALSE
map,TRUE
relevant,FALSE
conversation,FALSE
previous,FALSE
segment,FALSE
element,TRUE
line,TRUE
frame,FALSE
box,FALSE
panel,FALSE
paragraph,FALSE
video,FALSE
leave,TRUE
provide,TRUE
help,TRUE
visitor,FALSE
caller,FALSE
speaker,FALSE
presenter,FALSE
listener,FALSE
guest,FALSE
indication,FALSE
view,TRUE
idea,FALSE
sense,FALSE
representation,FALSE
reminder,FALSE
presentation,FALSE
overall,FALSE
entire,FALSE
original,FALSE
narrative,FALSE
topic,FALSE
conceptual,FALSE
direction,FALSE
mode,TRUE
chart,FALSE
room,FALSE
loop,FALSE
viewpoint,FALSE
usage,TRUE
#,FALSE
#,FALSE
#,FALSE
regard,FALSE
regard,FALSE
relevance,FALSE
implication,FALSE
consideration,FALSE
addition,FALSE
reference,TRUE
connection,TRUE
perspective,FALSE
state,TRUE
central,FALSE
next,FALSE
base,TRUE
local,FALSE
layer,TRUE
select,TRUE
manage,TRUE
build,TRUE
specify,TRUE
load,TRUE
connect,TRUE
bind,FALSE
attach,FALSE
migrate,FALSE
switch,FALSE
adapt,FALSE
apply,TRUE
transfer,FALSE
refer,TRUE
commit,FALSE
default,FALSE
core,TRUE
underlie,FALSE
main,FALSE
component,TRUE
API,FALSE
depend,TRUE
dependent,FALSE
depend,TRUE
rely,TRUE
depend,TRUE
contingent,FALSE
depend,TRUE
depend,TRUE
act,TRUE
focus,TRUE
conditional,FALSE
focus,TRUE
build,TRUE
configuration,FALSE
variable,FALSE
parameter,FALSE
space,TRUE
parameter,FALSE
combine,FALSE
merge,FALSE
replace,FALSE
confuse,FALSE
share,TRUE
mixed,FALSE
contrast,FALSE
associate,FALSE
couple,FALSE
pair,FALSE
bundle,FALSE
additional,FALSE
support,TRUE
online,FALSE
open,FALSE
simple,FALSE
free,FALSE
multiple,FALSE
alternative,FALSE
limit,FALSE
two,FALSE
print,TRUE
Non,FALSE
print,TRUE
alternative,FALSE
paper,TRUE
pdf,FALSE
medium,TRUE
print,TRUE
product,TRUE
storage,TRUE
support,TRUE
read,TRUE
read,TRUE
copy,FALSE
copy,FALSE
manuscript,FALSE
message,TRUE
spread,FALSE
write,TRUE
fold,FALSE
stretch,FALSE
spread,FALSE
distribute,FALSE
structure,TRUE
extend,FALSE
compress,FALSE
run,TRUE
scatter,FALSE
usually,FALSE
layer,TRUE
line,TRUE
dimension,FALSE
section,TRUE
sheet,FALSE
part,TRUE
row,FALSE
frame,FALSE
region,FALSE
manner,FALSE
style,FALSE
region,FALSE
medium,TRUE
font,FALSE
publish,TRUE
edit,FALSE
distribution,FALSE
delivery,FALSE
circulation,FALSE
scan,FALSE
publisher,FALSE
consumer,FALSE
printer,FALSE
copyright,FALSE
vendor,FALSE
reproduction,FALSE
render,FALSE
version,FALSE
replica,FALSE
create,TRUE
produce,TRUE
release,TRUE
instal,FALSE
print,TRUE
store,TRUE
deliver,FALSE
describe,TRUE
save,FALSE
show,TRUE
material,FALSE
layout,FALSE
fashion,FALSE
pattern,TRUE
shape,FALSE
author,FALSE
publisher,FALSE
they,FALSE
you,FALSE
user,TRUE
one,FALSE
People,FALSE
he,FALSE
we,FALSE
student,FALSE
player,FALSE
it,FALSE
utilize,FALSE
see,TRUE
employ,FALSE
exploit,FALSE
use,TRUE
use,TRUE
interpret,FALSE
accept,FALSE
portal,FALSE
gateway,FALSE
resource,TRUE
gain,FALSE
extract,FALSE
collect,FALSE
receive,TRUE
retrieve,FALSE
hide,FALSE
gather,FALSE
seek,FALSE
acquire,FALSE
steal,FALSE
request,TRUE
recognition,FALSE
attention,FALSE
praise,FALSE
thank,FALSE
letter,FALSE
approval,FALSE
request,TRUE
comment,FALSE
permission,FALSE
money,FALSE
aid,FALSE
funding,FALSE
community,FALSE
distinguish,FALSE
distinguish,FALSE
different,FALSE
separate,FALSE
separate,FALSE
differentiate,FALSE
distance,FALSE
separate,FALSE
distinguish,FALSE
distinct,FALSE
navigation,TRUE
visual,FALSE
flight,FALSE
connection,TRUE
cable,FALSE
route,FALSE
channel,FALSE
aid,FALSE
action,TRUE
sensor,FALSE
this,FALSE
certain,FALSE
node,FALSE
post,FALSE
simply,FALSE
directly,FALSE
merely,FALSE
without,FALSE
instrument,FALSE
police,TRUE
surveillance,FALSE
system,FALSE
centre,FALSE
office,FALSE
board,FALSE
authority,FALSE
service,FALSE
Act,FALSE
center,FALSE
Bureau,FALSE
department,FALSE
officer,FALSE
committee,FALSE
scheme,FALSE
unit,FALSE
serve,TRUE
work,TRUE
operate,TRUE
serve,TRUE
serve,TRUE
act,TRUE
help,TRUE
aim,TRUE
double,FALSE
stand,FALSE
exchange,FALSE
interchange,FALSE
alliance,FALSE
bridge,FALSE
ally,FALSE
interpreter,FALSE
intermediate,FALSE
agent,TRUE
agreement,FALSE
association,FALSE
Police,FALSE
government,FALSE
law,TRUE
community,FALSE
complain,FALSE
complain,FALSE
complain,FALSE
judge,FALSE
protester,FALSE
claim,FALSE
visitor,FALSE
prosecutor,FALSE
enable,TRUE
promote,FALSE
allow,TRUE
encourage,FALSE
represent,FALSE
coordinate,FALSE
manage,TRUE
reflect,FALSE
monitor,TRUE
collaboration,FALSE
cooperation,FALSE
coordination,FALSE
dialogue,FALSE
discussion,FALSE
awareness,FALSE
flow,FALSE
approach,TRUE
practice,FALSE
social,FALSE
personal,FALSE
news,FALSE
intelligence,FALSE
opinion,FALSE
exchange,TRUE
gather,FALSE
processing,FALSE
exchange,TRUE
citizen,FALSE
victim,FALSE
witness,FALSE
offender,FALSE
policeman,FALSE
resident,FALSE
employee,FALSE
individual,TRUE
civilian,FALSE
city,FALSE
make,TRUE
make,TRUE
a,FALSE
any,FALSE
keep,TRUE
be,FALSE
keep,TRUE
more,FALSE
make,TRUE
have,FALSE
make,TRUE
consider,TRUE
owner,FALSE
access,TRUE
interpret,FALSE
edit,TRUE
understand,TRUE
process,TRUE
view,TRUE
save,FALSE
translate,FALSE
manipulate,FALSE
render,FALSE
recipient,FALSE
via,FALSE
allow,TRUE
program,TRUE
translation,FALSE
organization,TRUE
alone,FALSE
manually,FALSE
mechanism,FALSE
point,TRUE
equation,FALSE
graph,FALSE
figure,FALSE
statistic,FALSE
change,TRUE
remove,TRUE
adjust,FALSE
reduce,FALSE
choose,TRUE
eliminate,FALSE
improve,FALSE
increase,TRUE
favor,FALSE
favour,FALSE
interest,TRUE
anticipation,FALSE
well,FALSE
increase,TRUE
general,FALSE
total,FALSE
price,FALSE
possible,FALSE
national,FALSE
help,TRUE
enable,TRUE
encourage,FALSE
ask,TRUE
developer,FALSE
administrator,FALSE
we,FALSE
install,FALSE
download,FALSE
manipulate,FALSE
analyze,FALSE
construct,FALSE
implement,TRUE
profile,TRUE
profile,TRUE
profile,FALSE
setting,FALSE
biography,FALSE
non,FALSE
pre,FALSE
self,FALSE
domain,FALSE
manufacturer,FALSE
otherwise,FALSE
sub,FALSE
already,FALSE
post,FALSE
generate,TRUE
drive,TRUE
initiate,FALSE
center,FALSE
upload,FALSE
support,TRUE
disable,FALSE
desire,FALSE
share,TRUE
window,FALSE
facebook,FALSE
dictionary,FALSE
remain,FALSE
become,FALSE
language,TRUE
various,FALSE
board,FALSE
label,FALSE
colour,FALSE
chip,FALSE
demand,FALSE
air,FALSE
shape,FALSE
size,TRUE
design,TRUE
format,TRUE
title,TRUE
colour,TRUE
tone,FALSE
weight,FALSE
logo,FALSE
shade,FALSE
letter,FALSE
body,FALSE
character,FALSE
stroke,FALSE
accessory,FALSE
variant,FALSE
#,FALSE
story,FALSE
book,TRUE
#,FALSE
#,FALSE
sentence,FALSE
#,FALSE
chart,FALSE
graphic,FALSE
picture,FALSE
photo,FALSE
illustration,FALSE
review,FALSE
home,FALSE
business,FALSE
archive,FALSE
family,FALSE
research,TRUE
journal,FALSE
guide,FALSE
board,FALSE
list,TRUE
note,FALSE
even,FALSE
paper,TRUE
prefer,FALSE
refuse,FALSE
fail,FALSE
desire,FALSE
wait,FALSE
tend,FALSE
scan,FALSE
fill,FALSE
complete,FALSE
sort,FALSE
company,FALSE
initiative,FALSE
perform,TRUE
route,FALSE
transportation,FALSE
transfer,FALSE
passage,FALSE
packet,FALSE
audio,FALSE
network,TRUE
phone,FALSE
grid,FALSE
telephone,FALSE
satellite,FALSE
ground,FALSE
ip,FALSE
d,FALSE
bit,FALSE
dimensional,FALSE
digit,FALSE
h,FALSE
t,FALSE
dot,FALSE
inch,FALSE
directory,FALSE
password,FALSE
ID,FALSE
header,FALSE
folder,FALSE
bank,FALSE
port,FALSE
destination,FALSE
geographic,FALSE
geographical,FALSE
#,FALSE
rank,FALSE
designation,FALSE
email,FALSE
class,FALSE
machine,FALSE
basic,FALSE
no,FALSE
semantic,FALSE
link,TRUE
label,FALSE
#,FALSE
tag,FALSE
definition,FALSE
identification,FALSE
notation,FALSE
mark,FALSE
theory,FALSE
nature,FALSE
role,FALSE
origin,FALSE
end,TRUE
goal,FALSE
focus,TRUE
node,FALSE
thread,FALSE
path,TRUE
indicate,TRUE
mark,FALSE
determine,TRUE
represent,TRUE
imply,FALSE
state,TRUE
influence,FALSE
recognize,FALSE
unlike,FALSE
expression,FALSE
phrase,FALSE
convention,FALSE
terminology,FALSE
meaning,FALSE
_,FALSE
mention,FALSE
see,TRUE
list,TRUE
intent,FALSE
tag,FALSE
placement,FALSE
presence,FALSE
appearance,FALSE
signature,FALSE
author,FALSE
participant,FALSE
party,FALSE
editor,FALSE
organisation,FALSE
contributor,FALSE
organization,TRUE
establish,TRUE
differ,FALSE
similar,FALSE
vary,TRUE
enough,FALSE
basis,FALSE
rule,TRUE
set,TRUE
#,FALSE
adopt,FALSE
#,FALSE
legislation,FALSE
regulation,FALSE
decide,FALSE
policy,TRUE
restriction,FALSE
policy,TRUE
airport,FALSE
broadband,FALSE
educational,FALSE
[,FALSE
school,FALSE
curriculum,FALSE
programme,FALSE
equip,FALSE
govern,FALSE
treat,FALSE
test,TRUE
enforce,FALSE
assess,FALSE
certify,FALSE
review,TRUE
evaluate,FALSE
three,FALSE
four,FALSE
two,FALSE
follow,TRUE
five,FALSE
follow,FALSE
usual,FALSE
principle,TRUE
goal,FALSE
characteristic,TRUE
theme,FALSE
concept,FALSE
base,TRUE
building,FALSE
drawing,FALSE
act,TRUE
working,FALSE
build,TRUE
found,FALSE
accord,FALSE
operate,TRUE
engineering,FALSE
programming,FALSE
computational,FALSE
mathematical,FALSE
principle,TRUE
vision,FALSE
concept,FALSE
statement,FALSE
hypothesis,FALSE
theorem,FALSE
cite,FALSE
explain,FALSE
express,FALSE
note,TRUE
compute,FALSE
block,TRUE
group,TRUE
domain,FALSE
key,TRUE
family,FALSE
construct,FALSE
composition,FALSE
block,TRUE
pertain,FALSE
update,TRUE
amendment,FALSE
contribution,FALSE
proceeding,FALSE
within,FALSE
audit,TRUE
defendant,FALSE
plaintiff,FALSE
cease,FALSE
expect,FALSE
undertake,FALSE
know,TRUE
remember,FALSE
agree,FALSE
cover,TRUE
record,TRUE
document,TRUE
do,FALSE
place,TRUE
disclose,FALSE
keep,TRUE
litigation,FALSE
#,FALSE
chamber,FALSE
#,FALSE
chamber,FALSE
#,FALSE
preserve,FALSE
enhance,FALSE
determine,TRUE
compliance,FALSE
continuity,FALSE
transparency,FALSE
privacy,FALSE
stability,FALSE
clarity,FALSE
accuracy,FALSE
consistency,FALSE
integrity,FALSE
assist,TRUE
participate,FALSE
advance,FALSE
engage,FALSE
aide,FALSE
speed,FALSE
financial,FALSE
disaster,FALSE
asset,FALSE
economic,FALSE
bankruptcy,FALSE
debt,FALSE
responsible,FALSE
revise,FALSE
mandatory,FALSE
essential,FALSE
valid,FALSE
iso,FALSE
international,FALSE
full,FALSE
future,FALSE
#,FALSE
#,FALSE
#,FALSE
#,FALSE
#,FALSE
#,FALSE
entry,FALSE
resolution,FALSE
jump,FALSE
change,TRUE
transform,FALSE
proceed,FALSE
go,FALSE
convert,FALSE
test,TRUE
survey,FALSE
poll,FALSE
calculation,FALSE
study,FALSE
final,FALSE
obtain,FALSE
take,TRUE
download,FALSE
retrieve,FALSE
extract,FALSE
draw,TRUE
import,FALSE
source,TRUE
pull,FALSE
server,TRUE
excess,FALSE
pack,FALSE
cluster,FALSE
step,FALSE
space,TRUE
#,FALSE
space,FALSE
void,FALSE
#,FALSE
disk,FALSE
square,FALSE
graph,FALSE
plane,FALSE
sphere,FALSE
surface,FALSE
circle,FALSE
member,FALSE
award,FALSE
satisfy,FALSE
vary,TRUE
obey,FALSE
differ,FALSE
hold,FALSE
register,FALSE
general,FALSE
fundamental,FALSE
primary,FALSE
elementary,FALSE
key,FALSE
essential,FALSE
good,FALSE
aspect,FALSE
property,FALSE
theory,FALSE
perception,FALSE
consciousness,FALSE
think,FALSE
reason,FALSE
think,FALSE
judgment,FALSE
observation,FALSE
psychology,FALSE
review,TRUE
discuss,FALSE
consider,TRUE
examine,FALSE
study,FALSE
notebook,FALSE
environment,TRUE
scenario,FALSE
solution,FALSE
#,FALSE
take,TRUE
bring,FALSE
take,TRUE
call,TRUE
hold,FALSE
bear,FALSE
put,FALSE
carry,FALSE
take,TRUE
detail,TRUE
drag,FALSE
lift,FALSE
error,TRUE
impact,FALSE
resistance,FALSE
pressure,FALSE
fatigue,FALSE
wear,FALSE
distortion,FALSE
error,TRUE
load,TRUE
motion,FALSE
avoid,TRUE
allow,TRUE
volume,FALSE
plan,TRUE
want,FALSE
get,TRUE
calculate,FALSE
execute,FALSE
conduct,FALSE
analyze,FALSE
anywhere,FALSE
static,FALSE
later,FALSE
sample,FALSE
incoming,FALSE
meaningful,FALSE
warning,FALSE
vector,FALSE
effect,FALSE
rate,FALSE
cause,FALSE
factor,FALSE
detect,TRUE
emit,FALSE
intercept,FALSE
deliver,FALSE
rely,TRUE
comment,FALSE
look,TRUE
frown,FALSE
agree,FALSE
decide,FALSE
remark,FALSE
judge,FALSE
fire,FALSE
listener,FALSE
person,TRUE
observer,FALSE
send,TRUE
hear,FALSE
intercept,FALSE
understand,TRUE
ignore,FALSE
encounter,FALSE
notice,FALSE
expect,FALSE
ready,FALSE
intend,FALSE
guarantee,FALSE
capable,FALSE
mean,TRUE
usable,FALSE
axi,FALSE
tier,FALSE
#,FALSE
modular,FALSE
hybrid,FALSE
enterprise,FALSE
photograph,FALSE
number,TRUE
arrange,FALSE
explain,FALSE
discuss,FALSE
evaluate,FALSE
piece,FALSE
frame,FALSE
sentence,FALSE
decide,FALSE
learn,TRUE
note,TRUE
relationship,FALSE
thing,FALSE
relate,TRUE
correspond,FALSE
react,FALSE
respond,FALSE
conform,FALSE
relate,TRUE
interact,FALSE
communicate,FALSE
capacity,FALSE
platform,TRUE
building,FALSE
designate,FALSE
classify,FALSE
code,TRUE
rate,TRUE
standardize,FALSE
edition,FALSE
volume,FALSE
note,FALSE
‚Ä†,FALSE
source,TRUE
¬ß,FALSE
source,TRUE
‚Ä°,FALSE
order,TRUE
advise,FALSE
teach,FALSE
guide,TRUE
license,FALSE
developer,FALSE
choose,TRUE
discover,FALSE
pick,FALSE
country,FALSE
machine,FALSE
entity,FALSE
resolve,FALSE
influence,FALSE
maintenance,FALSE
exceed,FALSE
reach,FALSE
occur,TRUE
#,FALSE
last,FALSE
#,FALSE
#,FALSE
#,FALSE
#,FALSE
#,FALSE
#,FALSE
#,FALSE
#,FALSE
#,FALSE
#,FALSE
#,FALSE
#,FALSE
#,FALSE
#,FALSE
month,FALSE
week,FALSE
min,FALSE
hour,FALSE
minute,FALSE
minute,FALSE
every,FALSE
per,FALSE
month,FALSE
quarter,FALSE
clock,FALSE
contract,FALSE
calendar,FALSE
interval,FALSE
average,FALSE
socket,FALSE
serial,FALSE
optimization,FALSE
client,TRUE
host,TRUE
engine,FALSE
host,TRUE
network,TRUE
connectivity,FALSE
compatibility,FALSE
flexibility,FALSE
reliability,FALSE
extension,FALSE
opening,FALSE
get,TRUE
find,TRUE
add,TRUE
many,FALSE
their,FALSE
game,TRUE
room,FALSE
distract,FALSE
shock,FALSE
upset,FALSE
hurt,FALSE
scare,FALSE
disturb,FALSE
anger,FALSE
surprise,FALSE
attract,FALSE
alarm,FALSE
threaten,FALSE
harm,FALSE
delay,FALSE
slow,FALSE
disrupt,FALSE
kill,FALSE
stall,FALSE
stress,FALSE
insult,FALSE
destroy,FALSE
distress,FALSE
shame,FALSE
human,TRUE
child,FALSE
multitude,FALSE
couple,FALSE
lot,FALSE
diversity,FALSE
spectrum,FALSE
multiple,FALSE
array,FALSE
reason,TRUE
reason,FALSE
purpose,TRUE
click,FALSE
click,FALSE
rely,TRUE
click,FALSE
call,TRUE
remain,FALSE
sit,FALSE
check,TRUE
turn,FALSE
confirm,FALSE
progress,FALSE
shoot,FALSE
cartridge,FALSE
weapon,FALSE
gun,FALSE
bomb,FALSE
song,FALSE
prompt,FALSE
enter,FALSE
trigger,FALSE
apply,TRUE
operate,TRUE
multi,FALSE
end,TRUE
single,FALSE
multi,FALSE
dual,FALSE
per,FALSE
zone,FALSE
say,FALSE
assume,FALSE
logic,FALSE
linear,FALSE
hierarchy,FALSE
processor,FALSE
administrative,FALSE
academic,FALSE
separate,TRUE
split,FALSE
separation,FALSE
isolate,FALSE
separately,FALSE
apart,FALSE
detach,FALSE
differentiate,FALSE
divide,FALSE
disconnect,FALSE
exclude,FALSE
random,FALSE
variable,FALSE
intensive,FALSE
mining,FALSE
manager,FALSE
x,FALSE
v,FALSE
c,FALSE
management,FALSE
b,FALSE
#,FALSE
r,FALSE
patient,FALSE
ability,FALSE
expertise,FALSE
disability,FALSE
useful,FALSE
helpful,FALSE
professional,FALSE
license,FALSE
retrieve,FALSE
move,FALSE
Sunday,FALSE
sunday,FALSE
first,FALSE
\,FALSE
early,FALSE
#,FALSE
#,FALSE
10,FALSE
#,FALSE
#,FALSE
12,FALSE
#,FALSE
#,FALSE
semester,FALSE
season,FALSE
week,FALSE
week,FALSE
effect,FALSE
intention,FALSE
objective,FALSE
phrase,FALSE
mean,TRUE
imply,FALSE
say,TRUE
suggest,FALSE
emphasize,FALSE
denote,FALSE
crash,FALSE
red,FALSE
hot,FALSE
boot,FALSE
FALSE,FALSE
old,FALSE
#,FALSE
alter,FALSE
damage,TRUE
reproduce,FALSE
copy,TRUE
indirectly,FALSE
intentionally,FALSE
remotely,FALSE
illegally,FALSE
automatically,FALSE
independently,FALSE
encryption,FALSE
modification,FALSE
encode,FALSE
replication,FALSE
creation,FALSE
transfer,FALSE
convert,FALSE
move,TRUE
attach,FALSE
switch,FALSE
revert,FALSE
migrate,FALSE
compare,FALSE
disturb,FALSE
discover,FALSE
source,TRUE
stay,FALSE
remain,TRUE
stay,FALSE
stay,FALSE
survive,FALSE
remain,TRUE
foundation,FALSE
instrument,FALSE
forum,FALSE
work,TRUE
improvement,FALSE
recover,FALSE
return,FALSE
year,TRUE
second,FALSE
gb,FALSE
percent,FALSE
mb,FALSE
mm,FALSE
load,TRUE
recover,FALSE
ship,FALSE
empty,FALSE
clean,FALSE
purchase,FALSE
cycle,FALSE
digit,FALSE
second,FALSE
minute,FALSE
attempt,FALSE
battery,FALSE
amount,FALSE
availability,FALSE
quantity,FALSE
percentage,FALSE
density,FALSE
cell,FALSE
seat,FALSE
package,FALSE
action,FALSE
incident,FALSE
instruction,FALSE
attack,FALSE
record,FALSE
trail,FALSE
chain,FALSE
string,FALSE
compilation,FALSE
measurement,FALSE
statement,FALSE
care,FALSE
risk,FALSE
reading,FALSE
undertake,FALSE
direct,TRUE
ex,FALSE
co,FALSE
micro,FALSE
provider,FALSE
manager,FALSE
maker,FALSE
pull,FALSE
custom,FALSE
preference,FALSE
assign,FALSE
restrict,FALSE
limit,TRUE
expose,FALSE
bandwidth,FALSE
fund,FALSE
Google,FALSE
sms,FALSE
mail,FALSE
list,FALSE
consult,FALSE
ask,TRUE
make,TRUE
make,TRUE
satisfaction,FALSE
involvement,FALSE
behavior,FALSE
concern,FALSE
participation,FALSE
view,TRUE
industry,FALSE
suitable,FALSE
inadequate,FALSE
insufficient,FALSE
adequate,FALSE
alter,FALSE
change,TRUE
adjust,FALSE
enhance,FALSE
acquire,FALSE
generate,TRUE
manage,TRUE
distribute,FALSE
promote,FALSE
organize,FALSE
display,TRUE
assumption,FALSE
distinction,FALSE
choice,FALSE
decision,FALSE
assumption,FALSE
choice,FALSE
determination,FALSE
difference,FALSE
recommendation,FALSE
less,FALSE
equally,FALSE
highly,FALSE
particularly,FALSE
deem,FALSE
sufficiently,FALSE
immediately,FALSE
so,FALSE
assume,FALSE
option,FALSE
clause,FALSE
degree,FALSE
condition,FALSE
dimension,FALSE
opportunity,FALSE
incentive,FALSE
avenue,FALSE
excuse,FALSE
outlet,FALSE
programmer,FALSE
upgrade,FALSE
upgrade,FALSE
revision,FALSE
bug,FALSE
fault,FALSE
defect,FALSE
problem,TRUE
unnecessary,FALSE
defect,FALSE
comment,FALSE
involve,TRUE
encompasse,FALSE
suggest,FALSE
purchase,FALSE
project,TRUE
idea,FALSE
marketing,FALSE
creative,FALSE
ad,FALSE
advertising,FALSE
produce,TRUE
prepare,FALSE
generation,FALSE
animal,FALSE
subject,FALSE
adult,FALSE
specie,FALSE
dog,FALSE
swimmer,FALSE
infant,FALSE
difficulty,FALSE
difficulty,FALSE
trouble,FALSE
limitation,FALSE
success,FALSE
trouble,FALSE
see,TRUE
choose,FALSE
obtain,FALSE
match,TRUE
symbol,FALSE
sound,FALSE
marking,FALSE
paint,FALSE
color,TRUE
variation,FALSE
disorder,FALSE
signature,FALSE
spot,FALSE
difference,FALSE
field,FALSE
near,FALSE
pitch,FALSE
photo,FALSE
double,FALSE
color,TRUE
sight,FALSE
flash,FALSE
blue,FALSE
white,FALSE
partial,FALSE
blind,FALSE
code,TRUE
contrast,FALSE
block,FALSE
sensitive,FALSE
wise,FALSE
sensitivity,FALSE
shift,FALSE
correction,FALSE
free,FALSE
most,FALSE
generally,FALSE
maximum,FALSE
page,TRUE
boundary,FALSE
width,FALSE
length,FALSE
length,FALSE
sheet,FALSE
strip,FALSE
leaf,FALSE
chapter,FALSE
fix,TRUE
measure,TRUE
reflect,FALSE
suit,FALSE
represent,TRUE
convey,FALSE
illustrate,FALSE
orientation,FALSE
scope,FALSE
by,FALSE
also,FALSE
and,FALSE
thus,FALSE
affect,FALSE
create,TRUE
define,TRUE
transform,FALSE
treat,FALSE
produce,TRUE
vary,TRUE
many,FALSE
large,FALSE
diverse,FALSE
age,FALSE
ethnic,FALSE
peer,FALSE
demographic,FALSE
interest,TRUE
experience,TRUE
sector,FALSE
graphical,FALSE
comply,FALSE
coincide,FALSE
cooperate,FALSE
come,FALSE
accord,FALSE
emphasis,FALSE
descriptive,FALSE
global,FALSE
universal,FALSE
statistical,FALSE
meta,FALSE
cross,FALSE
self,TRUE
auto,FALSE
well,FALSE
reliance,FALSE
sustainability,FALSE
governance,FALSE
discipline,FALSE
esteem,FALSE
efficacy,FALSE
song,FALSE
age,FALSE
kernel,FALSE
acceleration,FALSE
achieve,TRUE
ensure,TRUE
attain,FALSE
enhance,FALSE
affect,FALSE
accomplish,FALSE
researcher,FALSE
engineer,FALSE
designer,FALSE
analyst,FALSE
result,TRUE
actual,FALSE
patch,FALSE
attacker,FALSE
adopt,FALSE
xml,FALSE
NFC,FALSE
java,FALSE
usb,FALSE
Linux,FALSE
primary,FALSE
prefer,FALSE
colour,FALSE
TRUE,FALSE
body,TRUE
of,FALSE
light,TRUE
natural,FALSE
pure,FALSE
understanding,FALSE
perfect,FALSE
red,FALSE
colour,FALSE
colour,TRUE
white,FALSE
handle,TRUE
perceive,FALSE
utilize,FALSE
study,FALSE
regard,FALSE
caution,FALSE
certainty,FALSE
precision,FALSE
discretion,FALSE
bear,FALSE
bring,FALSE
keep,TRUE
hold,FALSE
put,FALSE
carry,FALSE
give,TRUE
mind,FALSE
behaviour,FALSE
constraint,FALSE
skill,FALSE
determine,TRUE
reality,FALSE
stimulus,FALSE
transmit,FALSE
collect,FALSE
capture,FALSE
record,TRUE
express,FALSE
store,TRUE
call,TRUE
give,TRUE
get,TRUE
travel,FALSE
un,FALSE
com,FALSE
encourage,FALSE
teach,FALSE
let,FALSE
help,TRUE
let,FALSE
traveler,FALSE
passenger,FALSE
sailor,FALSE
forget,FALSE
recall,FALSE
navigate,FALSE
land,FALSE
live,FALSE
walk,FALSE
collect,FALSE
carry,FALSE
publish,TRUE
indicator,FALSE
duty,FALSE
position,FALSE
order,TRUE
plan,TRUE
scheduling,FALSE
investigate,FALSE
clear,FALSE
postpone,FALSE
confirm,FALSE
priority,FALSE
routine,FALSE
daily,FALSE
arrest,FALSE
question,FALSE
charge,FALSE
hearing,FALSE
assist,FALSE
military,FALSE
train,FALSE
senior,FALSE
department,FALSE
team,FALSE
commander,FALSE
think,FALSE
feel,FALSE
behave,FALSE
efficiently,FALSE
well,FALSE
deal,FALSE
effort,FALSE
frequency,FALSE
lack,FALSE
implement,TRUE
employ,TRUE
maintain,TRUE
intervention,FALSE
invite,FALSE
challenge,FALSE
designer,FALSE
touch,FALSE
criminal,FALSE
friend,FALSE
hero,FALSE
easy,FALSE
market,FALSE
world,FALSE
virtual,FALSE
voice,FALSE
employment,FALSE
lifetime,FALSE
exceed,FALSE
exceed,FALSE
involve,TRUE
exceed,FALSE
equal,FALSE
as,FALSE
0,FALSE
span,FALSE
exclude,FALSE
sort,FALSE
census,FALSE
electoral,FALSE
measure,FALSE
assessment,FALSE
complexity,FALSE
scrutiny,FALSE
secrecy,FALSE
company,FALSE
deal,FALSE
concern,TRUE
connect,TRUE
deal,FALSE
face,FALSE
charge,FALSE
arise,FALSE
threat,FALSE
crime,FALSE
conflict,FALSE
defence,FALSE
discuss,FALSE
cover,TRUE
direction,FALSE
verbal,FALSE
interactive,FALSE
speak,FALSE
simple,FALSE
animate,FALSE
indirect,FALSE
short,FALSE
brief,FALSE
speak,FALSE
structure,TRUE
#,FALSE
gesture,FALSE
cooperation,FALSE
similarity,FALSE
relation,FALSE
similarity,FALSE
communication,TRUE
conflict,FALSE
equality,FALSE
problem,TRUE
mapping,FALSE
imagery,FALSE
conjunction,FALSE
parallel,FALSE
accordance,FALSE
depth,FALSE
balance,FALSE
correlation,FALSE
contact,FALSE
exploration,FALSE
aspect,FALSE
portion,FALSE
provider,FALSE
demonstrate,FALSE
prove,FALSE
expert,FALSE
stakeholder,FALSE
specialist,FALSE
inclusion,FALSE
literature,FALSE
freely,FALSE
easily,FALSE
quickly,FALSE
regularly,FALSE
continuously,FALSE
constantly,FALSE
rapidly,FALSE
permanently,FALSE
instantly,FALSE
individually,FALSE
expand,FALSE
restore,FALSE
upgrade,FALSE
provision,FALSE
disclosure,FALSE
allocation,FALSE
subscription,FALSE
wealth,FALSE
mix,FALSE
education,FALSE
total,FALSE
net,FALSE
small,FALSE
individual,FALSE
large,FALSE
real,FALSE
complex,FALSE
critical,FALSE
manage,TRUE
major,FALSE
global,FALSE
principal,FALSE
average,FALSE
productivity,FALSE
mistake,FALSE
confusion,FALSE
cost,TRUE
loss,FALSE
effort,FALSE
expense,FALSE
spend,FALSE
profit,FALSE
protect,FALSE
heal,FALSE
benefit,FALSE
stem,FALSE
injury,FALSE
injury,FALSE
crash,FALSE
abuse,FALSE
various,FALSE
several,FALSE
three,FALSE
four,FALSE
five,FALSE
transit,FALSE
path,TRUE
pathway,FALSE
approach,TRUE
mode,TRUE
#,FALSE
lane,FALSE
exit,FALSE
connect,TRUE
shipping,FALSE
refer,TRUE
terrain,FALSE
water,FALSE
sea,FALSE
habitat,FALSE
responsibility,FALSE
geography,FALSE
accommodate,FALSE
#,FALSE
human,FALSE
public,FALSE
social,FALSE
its,FALSE
knowledge,FALSE
private,FALSE
certification,FALSE
fulfill,FALSE
bear,FALSE
expectation,FALSE
demand,FALSE
obligation,FALSE
practice,FALSE
magazine,FALSE
audience,FALSE
patient,FALSE
library,TRUE
package,FALSE
comprise,FALSE
allocate,FALSE
prescribe,FALSE
#,FALSE
#,FALSE
#,FALSE
#,FALSE
#,FALSE
#,FALSE
#,FALSE
#,FALSE
#,FALSE
#,FALSE
#,FALSE
core,FALSE
structure,FALSE
integration,FALSE
architecture,FALSE
development,FALSE
area,FALSE
become,FALSE
guide,TRUE
drive,TRUE
theme,FALSE
factor,FALSE
whole,FALSE
terminate,FALSE
program,FALSE
project,FALSE
operation,FALSE
work,TRUE
application,FALSE
resolve,FALSE
fraction,FALSE
proportion,FALSE
handful,FALSE
processor,FALSE
exception,FALSE
thread,FALSE
register,FALSE
accounting,FALSE
credit,FALSE
inspection,FALSE
environmental,FALSE
track,FALSE
activate,FALSE
trigger,FALSE
predict,FALSE
violation,FALSE
monitor,FALSE
supervision,FALSE
pass,FALSE
keep,TRUE
release,TRUE
inventory,FALSE
trail,FALSE
log,TRUE
tree,FALSE
info,FALSE
exploit,FALSE
#,FALSE
researcher,FALSE
engineer,FALSE
scientist,FALSE
intend,FALSE
attempt,FALSE
try,FALSE
inspect,FALSE
examine,FALSE
everyone,FALSE
individual,TRUE
citizen,FALSE
resident,FALSE
member,FALSE
person,TRUE
worker,FALSE
parent,FALSE
woman,FALSE
lodge,FALSE
settle,FALSE
claim,FALSE
objection,FALSE
objection,FALSE
petition,FALSE
dispute,FALSE
protest,FALSE
employer,FALSE
rely,TRUE
vote,FALSE
finding,FALSE
fact,FALSE
testimony,FALSE
hear,FALSE
subsequent,FALSE
preliminary,FALSE
prior,FALSE
ongoing,FALSE
thorough,FALSE
initial,FALSE
pursue,FALSE
matter,FALSE
division,FALSE
branch,FALSE
section,FALSE
service,FALSE
facilitate,FALSE
extend,FALSE
mission,FALSE
offer,TRUE
establish,TRUE
form,TRUE
meeting,FALSE
session,FALSE
respective,FALSE
allege,FALSE
tv,FALSE
pc,FALSE
wish,FALSE
decide,FALSE
agree,FALSE
choose,TRUE
continue,FALSE
want,FALSE
intend,FALSE
like,TRUE
risk,FALSE
suggest,FALSE
tie,FALSE
entry,FALSE
belong,FALSE
lead,FALSE
refer,TRUE
conclusion,FALSE
not,FALSE
stop,FALSE
never,FALSE
prevent,TRUE
potentially,FALSE
unwanted,FALSE
previously,FALSE
window,TRUE
lock,FALSE
icon,FALSE
preview,FALSE
green,FALSE
close,FALSE
box,FALSE
unlocked,FALSE
suit,FALSE
perform,TRUE
become,FALSE
defeat,FALSE
finish,FALSE
pass,FALSE
conclude,FALSE
fail,FALSE
filter,FALSE
compression,FALSE
log,FALSE
preservation,FALSE
raw,FALSE
encode,FALSE
blog,FALSE
popular,FALSE
common,FALSE
insight,FALSE
insight,FALSE
clue,FALSE
answer,FALSE
phenomenon,FALSE
consequence,FALSE
example,TRUE
instance,FALSE
scenario,FALSE
solve,FALSE
complete,FALSE
start,TRUE
enter,FALSE
execute,FALSE
conduct,FALSE
sweep,FALSE
get,TRUE
present,TRUE
large,FALSE
long,FALSE
execute,FALSE
detection,FALSE
probe,FALSE
moment,FALSE
meter,FALSE
battery,FALSE
image,TRUE
line,TRUE
file,TRUE
area,TRUE
chart,FALSE
picture,FALSE
book,TRUE
paper,TRUE
content,FALSE
photo,FALSE
compatible,FALSE
match,TRUE
align,FALSE
consistent,FALSE
correspond,FALSE
small,FALSE
music,FALSE
decorate,FALSE
interrupt,FALSE
film,FALSE
advertisement,FALSE
ad,FALSE
denote,FALSE
clear,FALSE
bold,FALSE
italic,FALSE
vertical,FALSE
fuzzy,FALSE
graphic,FALSE
rough,FALSE
plain,FALSE
ink,FALSE
solid,FALSE
strategy,FALSE
suppose,FALSE
tailor,FALSE
comparison,FALSE
registration,FALSE
acquire,FALSE
visit,FALSE
ground,FALSE
premise,FALSE
premise,FALSE
decade,FALSE
occurrence,FALSE
correlate,FALSE
comparable,FALSE
high,FALSE
great,FALSE
low,FALSE
decrease,FALSE
arrangement,FALSE
position,FALSE
geometry,FALSE
number,TRUE
Wikipedia,FALSE
everything,FALSE
group,TRUE
map,TRUE
around,FALSE
along,FALSE
name,TRUE
rhyme,FALSE
scheme,FALSE
algorithm,FALSE
assist,FALSE
trust,FALSE
engage,FALSE
place,TRUE
leave,TRUE
post,TRUE
pace,FALSE
surface,FALSE
scheme,FALSE
NSA,FALSE
multiplayer,FALSE
see,TRUE
credit,FALSE
track,FALSE
bonus,FALSE
disc,FALSE
episode,FALSE
score,FALSE
rating,FALSE
may,FALSE
apply,TRUE
stick,FALSE
chapter,FALSE
edge,FALSE
number,TRUE
location,TRUE
construction,FALSE
length,FALSE
burn,FALSE
loss,FALSE
house,FALSE
furniture,FALSE
seat,FALSE
road,FALSE
corridor,FALSE
floor,FALSE
succeed,FALSE
alteration,FALSE
exception,FALSE
addition,FALSE
asset,FALSE
vote,FALSE
ownership,FALSE
privilege,FALSE
membership,FALSE
pay,FALSE
limit,TRUE
authorization,FALSE
credential,FALSE
approve,FALSE
skip,FALSE
flat,FALSE
blank,FALSE
cheat,FALSE
skip,FALSE
black,FALSE
pause,FALSE
button,FALSE
pad,FALSE
#,FALSE
miss,FALSE
quick,FALSE
good,FALSE
activate,FALSE
closure,FALSE
appointment,FALSE
opening,FALSE
establishment,FALSE
load,TRUE
closing,FALSE
export,FALSE
download,FALSE
submission,FALSE
time,TRUE
schedule,FALSE
application,TRUE
test,TRUE
prepare,FALSE
compile,FALSE
package,FALSE
curate,FALSE
setup,FALSE
retention,FALSE
speed,FALSE
period,FALSE
#,FALSE
wide,FALSE
broad,FALSE
wide,FALSE
large,FALSE
broad,FALSE
contexts,FALSE