standard,TRUE
system,TRUE
protocol,TRUE
technology,TRUE
network,TRUE
specification,TRUE
program,FALSE
software,TRUE
service,TRUE
project,TRUE
certification,TRUE
code,TRUE
company,TRUE
design,TRUE
product,TRUE
base,FALSE
focus,TRUE
build,TRUE
dependent,TRUE
work,TRUE
design,FALSE
found,TRUE
center,TRUE
rely,TRUE
ground,TRUE
active,TRUE
model,TRUE
operate,TRUE
train,TRUE
construct,TRUE
international,TRUE
iso,TRUE
scientific,TRUE
industry,TRUE
national,TRUE
european,TRUE
different,TRUE
global,TRUE
professional,TRUE
exist,FALSE
UN,TRUE
technical,FALSE
current,FALSE
EU,FALSE
standard,TRUE
protocol,TRUE
specification,TRUE
technology,TRUE
rule,FALSE
requirement,TRUE
network,FALSE
policy,TRUE
system,TRUE
infrastructure,FALSE
principle,FALSE
architecture,TRUE
code,FALSE
service,FALSE
compare,TRUE
apply,TRUE
connect,TRUE
reduce,TRUE
convert,TRUE
attach,TRUE
trace,TRUE
attribute,TRUE
add,FALSE
link,TRUE
upgrade,TRUE
change,TRUE
couple,TRUE
refer,TRUE
tie,TRUE
#,FALSE
#,TRUE
#,TRUE
shell,TRUE
#,TRUE
rock,TRUE
side,TRUE
face,FALSE
stone,FALSE
change,TRUE
interference,TRUE
change,TRUE
variation,TRUE
nothing,TRUE
interest,TRUE
something,TRUE
anything,TRUE
lightning,TRUE
break,TRUE
advance,TRUE
defect,TRUE
change,TRUE
problem,TRUE
equipment,FALSE
wind,FALSE
solar,TRUE
power,TRUE
transmission,TRUE
water,TRUE
turbine,TRUE
root,TRUE
weather,TRUE
storm,TRUE
generate,TRUE
farm,TRUE
cool,TRUE
heating,TRUE
wind,TRUE
river,TRUE
line,TRUE
link,TRUE
channel,TRUE
line,FALSE
cable,TRUE
medium,TRUE
grid,TRUE
process,TRUE
cable,TRUE
path,TRUE
cause,FALSE
prevent,FALSE
involve,FALSE
induce,FALSE
include,FALSE
allow,FALSE
make,FALSE
affect,TRUE
indicate,FALSE
reflect,FALSE
require,TRUE
trigger,FALSE
produce,FALSE
failure,TRUE
damage,TRUE
loss,TRUE
failure,TRUE
disruption,TRUE
destruction,TRUE
loss,TRUE
harm,TRUE
erosion,TRUE
propagation,TRUE
collapse,TRUE
flooding,FALSE
damage,TRUE
steam,TRUE
gas,TRUE
electrical,TRUE
energy,TRUE
air,TRUE
electric,TRUE
combustion,TRUE
hydroelectric,TRUE
hydraulic,TRUE
#,TRUE
article,TRUE
reference,FALSE
section,FALSE
item,TRUE
information,FALSE
quote,FALSE
sentence,TRUE
detail,TRUE
word,FALSE
comment,TRUE
question,TRUE
page,TRUE
fact,FALSE
column,TRUE
entry,FALSE
section,FALSE
article,FALSE
list,TRUE
table,FALSE
book,TRUE
category,TRUE
series,TRUE
page,TRUE
collection,TRUE
chapter,TRUE
class,TRUE
chart,TRUE
group,FALSE
set,TRUE
case,TRUE
use,TRUE
useful,TRUE
intend,TRUE
important,TRUE
give,TRUE
need,TRUE
provide,TRUE
available,TRUE
suitable,FALSE
reserve,TRUE
write,TRUE
purpose,TRUE
reason,TRUE
use,TRUE
read,TRUE
datum,TRUE
reason,TRUE
research,TRUE
reference,FALSE
communication,FALSE
coordinate,FALSE
write,TRUE
control,TRUE
classification,TRUE
command,FALSE
mark,TRUE
address,TRUE
verb,TRUE
word,TRUE
speech,TRUE
sound,TRUE
score,TRUE
clause,TRUE
form,TRUE
session,TRUE
voltage,TRUE
station,TRUE
location,TRUE
load,TRUE
signal,FALSE
electricity,TRUE
number,TRUE
traffic,TRUE
node,TRUE
social,TRUE
neural,TRUE
local,TRUE
computer,TRUE
immune,TRUE
health,FALSE
transport,TRUE
radio,TRUE
food,FALSE
human,TRUE
natural,FALSE
television,FALSE
nervous,FALSE
number,TRUE
amount,TRUE
size,TRUE
quantity,FALSE
type,TRUE
length,TRUE
number,TRUE
frequency,TRUE
count,TRUE
quality,FALSE
type,TRUE
volume,FALSE
name,TRUE
order,TRUE
format,FALSE
format,TRUE
encode,TRUE
style,TRUE
style,FALSE
content,TRUE
gender,TRUE
size,TRUE
place,TRUE
attribute,TRUE
message,TRUE
message,TRUE
element,TRUE
content,TRUE
attribute,TRUE
object,TRUE
command,TRUE
link,TRUE
file,TRUE
value,TRUE
transmit,TRUE
receive,TRUE
send,TRUE
deliver,TRUE
encode,TRUE
display,TRUE
record,TRUE
present,TRUE
transfer,TRUE
distribute,TRUE
generate,TRUE
obtain,FALSE
one,FALSE
every,FALSE
run,FALSE
start,FALSE
call,FALSE
time,FALSE
level,TRUE
point,TRUE
point,TRUE
request,FALSE
stage,TRUE
level,TRUE
time,TRUE
space,TRUE
interval,TRUE
event,TRUE
location,TRUE
name,TRUE
amount,TRUE
length,TRUE
structure,TRUE
entity,TRUE
value,TRUE
output,FALSE
object,TRUE
knowledge,TRUE
image,TRUE
database,TRUE
input,TRUE
carry,TRUE
convey,FALSE
include,FALSE
present,FALSE
store,TRUE
send,TRUE
contain,TRUE
manner,FALSE
direction,FALSE
way,FALSE
mode,FALSE
language,FALSE
application,FALSE
instance,FALSE
without,FALSE
include,FALSE
see,FALSE
serial,FALSE
continuous,FALSE
automatic,FALSE
per,FALSE
via,FALSE
#,FALSE
#,FALSE
#,FALSE
file,FALSE
rate,TRUE
stream,TRUE
follow,TRUE
three,TRUE
various,TRUE
two,TRUE
four,TRUE
five,FALSE
main,TRUE
many,TRUE
specific,TRUE
basic,FALSE
several,FALSE
kind,TRUE
piece,TRUE
category,FALSE
set,FALSE
area,FALSE
class,TRUE
source,TRUE
kind,TRUE
sort,FALSE
form,FALSE
bit,FALSE
application,FALSE
algorithm,TRUE
language,TRUE
program,TRUE
game,TRUE
card,FALSE
tool,TRUE
encryption,TRUE
device,TRUE
operation,TRUE
need,TRUE
continue,FALSE
need,TRUE
appear,TRUE
tend,TRUE
seem,TRUE
exist,TRUE
analyze,TRUE
consider,FALSE
collect,TRUE
process,TRUE
study,TRUE
classify,TRUE
examine,TRUE
compile,TRUE
check,TRUE
identify,TRUE
verify,TRUE
it,TRUE
datum,FALSE
they,TRUE
these,TRUE
image,TRUE
this,TRUE
information,TRUE
file,TRUE
content,TRUE
application,TRUE
all,TRUE
display,TRUE
installation,TRUE
identification,TRUE
operation,FALSE
storage,TRUE
check,TRUE
inspection,TRUE
analysis,TRUE
processing,TRUE
distribution,TRUE
print,TRUE
either,TRUE
external,TRUE
download,TRUE
database,TRUE
user,FALSE
online,TRUE
computer,TRUE
customer,TRUE
pc,TRUE
monitor,TRUE
optional,TRUE
pdf,TRUE
[,TRUE
app,TRUE
dvd,TRUE
website,FALSE
digital,TRUE
plant,TRUE
negative,TRUE
remain,TRUE
unit,TRUE
signal,TRUE
input,TRUE
unit,TRUE
load,TRUE
component,FALSE
product,TRUE
quantity,FALSE
maintain,TRUE
specify,TRUE
keep,TRUE
register,TRUE
place,FALSE
calculate,TRUE
express,FALSE
measure,TRUE
remote,TRUE
memory,TRUE
bus,TRUE
central,FALSE
device,TRUE
controller,TRUE
physical,TRUE
container,TRUE
safe,TRUE
well,FALSE
housing,TRUE
responsible,TRUE
equipment,TRUE
facility,TRUE
tank,TRUE
environment,TRUE
build,TRUE
proper,TRUE
change,TRUE
production,TRUE
performance,TRUE
effect,TRUE
base,TRUE
purpose,TRUE
objective,TRUE
goal,TRUE
aim,TRUE
function,TRUE
task,TRUE
intention,TRUE
plan,TRUE
idea,TRUE
intent,TRUE
focus,TRUE
mission,TRUE
objective,TRUE
role,TRUE
perform,TRUE
implement,TRUE
execute,TRUE
fulfill,TRUE
accomplish,TRUE
discharge,TRUE
support,TRUE
undertake,TRUE
exercise,TRUE
provide,FALSE
complete,TRUE
achieve,TRUE
maintain,TRUE
function,TRUE
activity,TRUE
scheme,FALSE
scheme,TRUE
work,TRUE
project,FALSE
programme,TRUE
describe,TRUE
define,FALSE
outline,TRUE
prescribe,TRUE
state,FALSE
mention,FALSE
cover,TRUE
list,TRUE
establish,FALSE
table,FALSE
chapter,FALSE
figure,FALSE
section,FALSE
article,TRUE
plan,TRUE
part,TRUE
§,TRUE
figure,TRUE
paragraph,FALSE
rule,FALSE
that,FALSE
one,FALSE
trigger,FALSE
call,TRUE
hear,FALSE
detect,FALSE
put,FALSE
answer,FALSE
sound,FALSE
activate,FALSE
electronic,FALSE
inventory,TRUE
appropriate,TRUE
individual,TRUE
emergency,TRUE
alarm,TRUE
internal,TRUE
it,TRUE
#,TRUE
activity,TRUE
behaviour,TRUE
characteristic,TRUE
efficiency,TRUE
behavior,TRUE
capacity,TRUE
functionality,TRUE
management,TRUE
reliability,TRUE
maintenance,TRUE
heat,TRUE
fuel,TRUE
battery,TRUE
thermal,TRUE
nuclear,TRUE
field,TRUE
pilot,TRUE
#,TRUE
tunnel,TRUE
turbine,TRUE
engine,TRUE
generator,TRUE
shear,TRUE
pump,TRUE
#,TRUE
nature,FALSE
importance,TRUE
concern,TRUE
degree,TRUE
variety,TRUE
complexity,FALSE
interest,FALSE
significance,TRUE
magnitude,TRUE
character,TRUE
equip,FALSE
meet,TRUE
associate,TRUE
concern,TRUE
fit,FALSE
consistent,FALSE
treat,TRUE
compatible,FALSE
supply,FALSE
satisfy,TRUE
govern,FALSE
address,FALSE
concern,FALSE
problem,TRUE
criterion,FALSE
consideration,FALSE
challenge,FALSE
constraint,FALSE
condition,FALSE
issue,FALSE
expectation,FALSE
demand,FALSE
limitation,FALSE
like,FALSE
regard,TRUE
concern,TRUE
involve,FALSE
high,FALSE
environmental,TRUE
atmospheric,FALSE
generation,FALSE
supply,FALSE
consumption,FALSE
density,TRUE
flow,FALSE
supply,FALSE
material,FALSE
oxygen,TRUE
force,TRUE
specie,FALSE
element,FALSE
charge,FALSE
material,TRUE
part,TRUE
metal,TRUE
',TRUE
example,TRUE
paper,TRUE
model,TRUE
graph,TRUE
diagram,TRUE
study,FALSE
equation,FALSE
literature,FALSE
provide,FALSE
give,FALSE
describe,TRUE
show,FALSE
contain,FALSE
present,TRUE
include,TRUE
offer,FALSE
represent,TRUE
define,FALSE
use,FALSE
demonstrate,TRUE
list,TRUE
definition,FALSE
aspect,FALSE
description,TRUE
part,FALSE
illustration,FALSE
version,FALSE
component,TRUE
layer,FALSE
abstract,TRUE
organizational,FALSE
architectural,FALSE
alternative,TRUE
incomplete,TRUE
evolutionary,TRUE
algebraic,TRUE
unusual,FALSE
experimental,TRUE
interesting,FALSE
administrative,TRUE
open,TRUE
store,FALSE
collect,FALSE
exchange,TRUE
share,TRUE
compare,TRUE
access,TRUE
gather,TRUE
get,TRUE
obtain,TRUE
take,TRUE
integrate,TRUE
analyze,TRUE
manage,TRUE
result,TRUE
everything,FALSE
image,TRUE
statistic,TRUE
document,TRUE
report,TRUE
record,FALSE
measurement,FALSE
generate,FALSE
extract,FALSE
retain,FALSE
feature,FALSE
resource,FALSE
capability,FALSE
solution,FALSE
option,FALSE
improvement,FALSE
respective,TRUE
large,FALSE
relate,FALSE
multiple,FALSE
new,FALSE
parallel,FALSE
find,FALSE
check,FALSE
read,TRUE
keep,TRUE
remember,TRUE
replace,FALSE
record,TRUE
identify,TRUE
locate,TRUE
clock,FALSE
date,TRUE
period,FALSE
coin,FALSE
time,FALSE
count,FALSE
regard,FALSE
take,FALSE
know,FALSE
clock,FALSE
account,TRUE
selection,TRUE
use,TRUE
number,TRUE
group,TRUE
collection,TRUE
loss,TRUE
length,TRUE
control,FALSE
set,FALSE
production,TRUE
each,TRUE
transfer,TRUE
resolution,TRUE
choice,TRUE
schedule,TRUE
parameter,TRUE
course,FALSE
schedule,FALSE
seat,FALSE
accuracy,TRUE
average,TRUE
interval,TRUE
extent,FALSE
duration,FALSE
intensity,FALSE
allowance,TRUE
estimate,TRUE
end,FALSE
advance,FALSE
principle,FALSE
concept,FALSE
method,TRUE
problem,TRUE
creation,TRUE
acquisition,TRUE
construction,TRUE
development,FALSE
organization,TRUE
formation,TRUE
preparation,TRUE
establishment,TRUE
mapping,TRUE
certain,TRUE
unique,TRUE
key,TRUE
relevant,TRUE
3d,TRUE
channel,TRUE
interface,TRUE
wire,TRUE
vehicle,TRUE
circuit,FALSE
process,FALSE
character,TRUE
bell,TRUE
fire,TRUE
#,FALSE
#,FALSE
#,TRUE
call,FALSE
light,TRUE
retrieve,FALSE
download,TRUE
release,TRUE
request,TRUE
gather,FALSE
access,TRUE
start,TRUE
station,TRUE
depend,TRUE
cell,TRUE
gauge,TRUE
source,TRUE
site,FALSE
campus,TRUE
demand,TRUE
maximum,TRUE
machine,TRUE
counter,TRUE
minimum,TRUE
job,TRUE
total,TRUE
life,TRUE
lifetime,FALSE
period,TRUE
age,TRUE
cycle,TRUE
hour,TRUE
locomotive,TRUE
train,TRUE
truck,TRUE
mill,TRUE
minute,FALSE
day,TRUE
percent,TRUE
second,TRUE
month,FALSE
year,TRUE
hour,FALSE
week,TRUE
cycle,FALSE
meter,FALSE
hour,FALSE
km,FALSE
experience,FALSE
usage,FALSE
credit,TRUE
business,FALSE
user,FALSE
operational,FALSE
office,TRUE
counter,FALSE
run,TRUE
case,TRUE
#,TRUE
machine,TRUE
slot,TRUE
gate,TRUE
day,FALSE
year,TRUE
block,TRUE
month,FALSE
between,TRUE
connect,FALSE
connect,TRUE
link,FALSE
destination,TRUE
route,FALSE
origin,FALSE
node,FALSE
agent,FALSE
begin,FALSE
parent,FALSE
target,FALSE
receiver,FALSE
source,FALSE
find,FALSE
show,FALSE
illustrate,FALSE
summarize,FALSE
reflect,FALSE
see,FALSE
discuss,FALSE
document,TRUE
reference,TRUE
tech,TRUE
c,TRUE
b,FALSE
level,FALSE
volume,TRUE
h,FALSE
series,FALSE
plant,TRUE
d,TRUE
class,TRUE
#,TRUE
document,FALSE
text,TRUE
item,TRUE
report,FALSE
documentation,FALSE
name,FALSE
title,TRUE
type,FALSE
date,FALSE
rank,TRUE
structure,TRUE
text,FALSE
name,FALSE
#,FALSE
#,TRUE
code,FALSE
index,FALSE
zone,FALSE
#,FALSE
#,FALSE
edition,TRUE
term,TRUE
extension,FALSE
#,TRUE
speed,TRUE
pass,FALSE
priority,TRUE
light,TRUE
pressure,TRUE
#,TRUE
non,FALSE
pre,FALSE
score,FALSE
q,TRUE
a,TRUE
goal,FALSE
t,TRUE
no,TRUE
100,TRUE
10,TRUE
15,TRUE
warning,TRUE
law,TRUE
door,FALSE
internet,FALSE
subject,FALSE
internet,TRUE
portal,TRUE
library,TRUE
question,TRUE
hope,TRUE
sense,TRUE
belief,FALSE
expectation,FALSE
hope,TRUE
understand,TRUE
event,TRUE
fact,FALSE
assumption,FALSE
condition,FALSE
view,FALSE
opinion,TRUE
acquire,TRUE
receive,FALSE
gain,FALSE
retrieve,TRUE
seek,TRUE
feedback,FALSE
start,TRUE
intelligence,TRUE
hand,TRUE
info,TRUE
advice,FALSE
make,FALSE
submit,TRUE
do,TRUE
grant,TRUE
complete,TRUE
pass,TRUE
come,TRUE
sign,TRUE
reach,TRUE
#,TRUE
suit,FALSE
fit,FALSE
locate,FALSE
whole,FALSE
public,TRUE
world,TRUE
conduct,TRUE
initiate,TRUE
attempt,TRUE
begin,TRUE
enable,FALSE
sequence,TRUE
string,TRUE
selection,TRUE
range,TRUE
combination,TRUE
row,TRUE
select,TRUE
sequence,TRUE
digit,TRUE
place,TRUE
position,TRUE
note,TRUE
step,TRUE
Chart,TRUE
page,TRUE
disc,TRUE
track,TRUE
episode,TRUE
Map,FALSE
nuclear,FALSE
total,FALSE
the,FALSE
electrical,FALSE
primary,FALSE
power,TRUE
electric,TRUE
solar,TRUE
atomic,TRUE
secondary,TRUE
#,TRUE
power,TRUE
#,TRUE
aid,TRUE
rating,TRUE
measurement,FALSE
survey,TRUE
yield,FALSE
simulation,FALSE
free,FALSE
for,TRUE
single,TRUE
air,TRUE
money,TRUE
cash,TRUE
#,TRUE
feed,TRUE
feed,TRUE
window,FALSE
animal,FALSE
water,FALSE
tower,FALSE
tunnel,FALSE
#,FALSE
lease,FALSE
home,TRUE
sell,TRUE
license,TRUE
contract,FALSE
rent,FALSE
assign,TRUE
charter,TRUE
affiliate,TRUE
belong,FALSE
own,TRUE
award,FALSE
underground,TRUE
adjacent,TRUE
entire,TRUE
airport,TRUE
IBM,TRUE
Atlantic,TRUE
elevate,TRUE
ATP,TRUE
AC,FALSE
FM,FALSE
inner,TRUE
in,TRUE
on,TRUE
besides,TRUE
to,TRUE
regard,TRUE
without,TRUE
by,FALSE
during,TRUE
as,TRUE
of,TRUE
transportation,TRUE
movement,TRUE
safety,TRUE
mobility,TRUE
communication,TRUE
road,TRUE
vehicle,FALSE
road,TRUE
railway,FALSE
telephone,TRUE
automobile,TRUE
telecommunication,TRUE
car,TRUE
property,TRUE
machinery,TRUE
appliance,TRUE
utility,TRUE
installation,TRUE
utility,TRUE
facility,TRUE
situation,FALSE
he,TRUE
we,TRUE
People,FALSE
someone,TRUE
she,TRUE
user,TRUE
you,FALSE
team,TRUE
engineer,FALSE
help,TRUE
serve,TRUE
require,FALSE
create,TRUE
build,FALSE
establish,FALSE
develop,TRUE
construct,TRUE
operate,TRUE
improve,TRUE
organize,TRUE
protect,TRUE
extend,TRUE
update,FALSE
enhance,TRUE
transform,FALSE
repair,FALSE
expand,FALSE
deploy,FALSE
underlie,TRUE
sensor,TRUE
sample,TRUE
measure,TRUE
run,TRUE
reaction,TRUE
average,FALSE
record,FALSE
calculation,FALSE
observation,FALSE
mean,FALSE
response,FALSE
test,FALSE
assessment,FALSE
technique,TRUE
method,TRUE
procedure,TRUE
algorithm,FALSE
technique,TRUE
approach,TRUE
methodology,FALSE
tool,FALSE
theory,FALSE
time,FALSE
count,TRUE
filter,FALSE
evaluation,FALSE
report,FALSE
testing,FALSE
phase,TRUE
phase,TRUE
distance,TRUE
follow,TRUE
sufficient,TRUE
combine,TRUE
applicable,FALSE
adequate,TRUE
employ,FALSE
equal,TRUE
Commission,TRUE
institute,FALSE
FCC,FALSE
council,TRUE
authority,FALSE
contract,TRUE
agreement,FALSE
board,FALSE
ieee,TRUE
organisation,FALSE
depend,TRUE
rely,FALSE
act,FALSE
cooperate,FALSE
agree,TRUE
collaborate,FALSE
deliver,TRUE
carry,FALSE
decide,TRUE
•,FALSE
discrete,FALSE
real,FALSE
real,FALSE
standard,FALSE
linear,FALSE
atomic,FALSE
error,FALSE
frame,FALSE
variable,FALSE
event,FALSE
space,FALSE
Signal,FALSE
statistical,FALSE
system,FALSE
memory,TRUE
energy,TRUE
temporal,TRUE
phase,TRUE
delay,TRUE
frame,TRUE
loop,TRUE
#,TRUE
table,TRUE
#,TRUE
rate,TRUE
#,TRUE
record,TRUE
rotor,TRUE
Kaplan,TRUE
arc,TRUE
cluster,TRUE
single,FALSE
twin,FALSE
multi,TRUE
double,TRUE
hybrid,TRUE
seed,TRUE
complex,TRUE
module,TRUE
example,TRUE
other,TRUE
one,FALSE
structure,FALSE
characterize,TRUE
denote,FALSE
characterise,FALSE
represent,FALSE
categorize,FALSE
form,FALSE
indicate,FALSE
distinguish,TRUE
network,FALSE
service,TRUE
interface,TRUE
instal,TRUE
implement,TRUE
direct,TRUE
terminal,TRUE
platform,TRUE
company,TRUE
#,TRUE
#,FALSE
#,FALSE
#,TRUE
#,FALSE
#,TRUE
connection,FALSE
wire,TRUE
thread,TRUE
able,FALSE
choose,FALSE
allow,FALSE
utilize,TRUE
enable,TRUE
create,TRUE
desire,TRUE
necessary,TRUE
connect,TRUE
refer,TRUE
switch,TRUE
communicate,TRUE
apply,TRUE
adapt,FALSE
respond,FALSE
relate,TRUE
move,FALSE
cater,FALSE
migrate,FALSE
transfer,TRUE
correspond,FALSE
plant,TRUE
design,FALSE
#,TRUE
#,TRUE
#,TRUE
#,TRUE
#,FALSE
execution,FALSE
rank,TRUE
match,FALSE
penalty,TRUE
break,FALSE
strategy,FALSE
static,FALSE
aspect,FALSE
department,TRUE
agency,TRUE
department,FALSE
center,FALSE
divide,TRUE
group,FALSE
separate,TRUE
organize,FALSE
subdivide,TRUE
group,TRUE
division,TRUE
way,FALSE
domain,TRUE
branch,TRUE
functional,TRUE
engineering,FALSE
operative,TRUE
operational,FALSE
#,FALSE
#,TRUE
#,FALSE
#,FALSE
#,FALSE
#,TRUE
#,TRUE
#,TRUE
#,TRUE
#,FALSE
management,TRUE
general,TRUE
respectively,TRUE
author,TRUE
developer,FALSE
creator,FALSE
designer,FALSE
advocate,TRUE
editor,TRUE
member,TRUE
author,FALSE
supporter,FALSE
reader,FALSE
claim,FALSE
argue,FALSE
state,TRUE
note,TRUE
believe,TRUE
say,TRUE
suggest,FALSE
assert,FALSE
argue,FALSE
acknowledge,FALSE
show,FALSE
consider,TRUE
context,FALSE
interpretation,TRUE
scope,TRUE
mean,TRUE
variable,TRUE
domain,TRUE
helpful,TRUE
essential,TRUE
correct,FALSE
insufficient,FALSE
valid,FALSE
determine,TRUE
describe,TRUE
change,TRUE
define,TRUE
establish,TRUE
explain,TRUE
make,TRUE
consider,FALSE
provide,TRUE
give,TRUE
satisfy,TRUE
express,FALSE
apply,TRUE
validity,FALSE
meaning,TRUE
status,TRUE
area,TRUE
order,TRUE
warning,FALSE
instruction,TRUE
warn,FALSE
issue,FALSE
raise,FALSE
initiate,TRUE
deploy,FALSE
fire,FALSE
rescue,FALSE
use,TRUE
rule,FALSE
support,TRUE
method,TRUE
error,TRUE
see,FALSE
default,TRUE
normal,TRUE
normal,TRUE
TRUE,TRUE
null,TRUE
fix,TRUE
net,TRUE
measure,TRUE
transmit,TRUE
sample,TRUE
limit,FALSE
#,FALSE
model,TRUE
module,TRUE
constitute,TRUE
comprise,TRUE
define,TRUE
represent,TRUE
determine,TRUE
govern,FALSE
become,FALSE
economy,FALSE
cost,FALSE
population,FALSE
effort,TRUE
workforce,TRUE
impact,TRUE
influence,TRUE
effect,TRUE
dependence,TRUE
impact,TRUE
consequence,TRUE
action,TRUE
reliance,TRUE
notable,TRUE
fundamental,TRUE
convenient,FALSE
identify,TRUE
communicating,FALSE
represent,TRUE
display,TRUE
demonstrate,TRUE
property,TRUE
portion,TRUE
quality,TRUE
xml,TRUE
structure,TRUE
statistical,TRUE
raw,TRUE
good,TRUE
general,TRUE
policy,TRUE
computational,TRUE
point,TRUE
angle,TRUE
plane,TRUE
rear,TRUE
window,FALSE
implementation,TRUE
contact,FALSE
practice,TRUE
generator,TRUE
#,TRUE
sense,FALSE
plan,FALSE
control,TRUE
protection,FALSE
coordination,FALSE
large,FALSE
treatment,TRUE
brake,FALSE
basis,FALSE
requirement,FALSE
formula,TRUE
justification,FALSE
authority,FALSE
patent,FALSE
regulation,FALSE
permit,FALSE
license,FALSE
rule,FALSE
licence,FALSE
similar,FALSE
relate,FALSE
equivalent,FALSE
comparable,FALSE
pertain,FALSE
identical,FALSE
correspond,TRUE
particular,TRUE
propose,TRUE
small,TRUE
conventional,FALSE
chemical,TRUE
control,FALSE
manage,TRUE
operate,TRUE
monitor,TRUE
regulate,TRUE
drive,TRUE
produce,TRUE
supervise,TRUE
approve,TRUE
execute,TRUE
coordinate,TRUE
support,TRUE
enforce,TRUE
conduct,TRUE
body,FALSE
member,FALSE
CA,TRUE
board,FALSE
ltd,FALSE
team,FALSE
relationship,FALSE
song,TRUE
topic,FALSE
story,FALSE
movement,FALSE
lyric,TRUE
theme,FALSE
view,TRUE
perform,TRUE
explain,TRUE
understand,TRUE
evaluate,FALSE
derive,TRUE
determine,TRUE
mathematical,TRUE
theoretical,FALSE
graphical,FALSE
geometric,FALSE
philosophical,TRUE
logical,FALSE
sort,FALSE
start,TRUE
find,TRUE
locate,TRUE
also,TRUE
and,TRUE
thus,TRUE
begin,TRUE
now,TRUE
but,TRUE
except,TRUE
write,TRUE
so,FALSE
schedule,TRUE
form,FALSE
low,FALSE
outer,TRUE
upper,FALSE
bottom,TRUE
low,TRUE
middle,TRUE
top,TRUE
last,FALSE
next,TRUE
final,FALSE
car,FALSE
V8,FALSE
box,FALSE
lever,TRUE
file,TRUE
Database,TRUE
image,TRUE
resource,TRUE
video,TRUE
#,TRUE
bulk,TRUE
temporary,TRUE
short,TRUE
simple,TRUE
#,TRUE
#,FALSE
medium,FALSE
#,FALSE
analysis,TRUE
recovery,TRUE
recovery,TRUE
extraction,TRUE
consist,TRUE
consist,TRUE
instead,TRUE
compilation,TRUE
personal,FALSE
online,TRUE
direct,FALSE
open,TRUE
Digital,FALSE
access,TRUE
electronic,TRUE
automatic,FALSE
computer,TRUE
public,TRUE
capture,TRUE
retention,TRUE
share,TRUE
entry,TRUE
security,TRUE
search,TRUE
integration,TRUE
such,TRUE
reference,TRUE
some,TRUE
property,TRUE
its,TRUE
character,TRUE
their,FALSE
fragment,TRUE
interpret,TRUE
accord,TRUE
together,TRUE
anywhere,FALSE
loosely,FALSE
directly,TRUE
depend,FALSE
base,TRUE
relation,TRUE
connection,TRUE
relation,TRUE
relationship,FALSE
correspondence,TRUE
association,FALSE
interaction,TRUE
comparison,TRUE
order,TRUE
similarity,FALSE
boundary,FALSE
similarity,FALSE
register,FALSE
symbol,TRUE
_,FALSE
index,TRUE
array,TRUE
row,FALSE
software,FALSE
an,TRUE
simple,FALSE
visual,TRUE
save,TRUE
allocation,TRUE
saving,TRUE
balance,TRUE
traditional,FALSE
com,TRUE
ing,TRUE
set,FALSE
track,FALSE
in,FALSE
terminal,TRUE
consist,TRUE
consist,TRUE
compose,TRUE
comprise,TRUE
exist,TRUE
comprise,FALSE
24,FALSE
eight,TRUE
six,FALSE
core,FALSE
emphasis,FALSE
theme,TRUE
division,FALSE
programme,FALSE
operator,TRUE
assembly,FALSE
industrial,TRUE
coal,TRUE
control,TRUE
centre,FALSE
officer,FALSE
mechanism,TRUE
instrument,TRUE
mechanical,FALSE
scale,TRUE
#,TRUE
integrate,TRUE
#,TRUE
#,TRUE
also,FALSE
review,TRUE
audit,TRUE
layout,TRUE
overall,TRUE
result,TRUE
accessible,TRUE
achieve,TRUE
offer,TRUE
route,FALSE
subscription,TRUE
submission,FALSE
contribution,TRUE
post,TRUE
attachment,TRUE
addition,TRUE
previous,TRUE
precede,TRUE
simple,FALSE
latter,TRUE
early,TRUE
chinese,FALSE
binary,FALSE
number,TRUE
notation,TRUE
color,FALSE
rhyme,TRUE
square,TRUE
convention,TRUE
tree,TRUE
circle,TRUE
dictionary,TRUE
pattern,TRUE
letter,TRUE
syllable,FALSE
consonant,FALSE
vowel,FALSE
distribution,FALSE
application,TRUE
integration,TRUE
delivery,FALSE
introduction,TRUE
responsibility,TRUE
personnel,TRUE
laboratory,TRUE
factory,TRUE
ship,FALSE
military,TRUE
hardware,TRUE
manager,TRUE
administration,TRUE
#,FALSE
note,TRUE
enter,TRUE
print,FALSE
insert,TRUE
header,TRUE
use,FALSE
contain,TRUE
within,TRUE
absence,TRUE
presence,TRUE
band,FALSE
singer,TRUE
speaker,TRUE
circuit,TRUE
player,FALSE
master,FALSE
operator,FALSE
emergency,FALSE
fire,FALSE
search,FALSE
call,FALSE
incident,TRUE
security,FALSE
disaster,FALSE
safety,FALSE
alert,TRUE
action,FALSE
incident,TRUE
attack,TRUE
disaster,FALSE
log,TRUE
history,TRUE
log,TRUE
video,TRUE
dispatch,TRUE
event,TRUE
log,TRUE
investigation,TRUE
automate,FALSE
secure,FALSE
mobile,TRUE
mail,FALSE
net,FALSE
package,TRUE
capability,TRUE
offer,TRUE
add,TRUE
contain,TRUE
possess,TRUE
assume,TRUE
give,TRUE
ensure,TRUE
mechanism,TRUE
ability,TRUE
measure,FALSE
procedure,TRUE
mean,TRUE
step,FALSE
attempt,TRUE
return,FALSE
bring,TRUE
convert,TRUE
restore,FALSE
direct,FALSE
sensitive,FALSE
transaction,FALSE
server,TRUE
#,FALSE
authority,FALSE
#,FALSE
government,FALSE
office,FALSE
reverse,FALSE
auto,FALSE
connectivity,FALSE
cache,FALSE
completion,FALSE
termination,TRUE
commencement,FALSE
initiation,FALSE
conclusion,FALSE
closure,FALSE
sample,FALSE
observation,FALSE
diesel,FALSE
reactor,FALSE
tidal,FALSE
propulsion,FALSE
go,FALSE
allocate,FALSE
motor,FALSE
publish,FALSE
arrange,FALSE
sort,FALSE
separate,FALSE
detail,TRUE
additional,TRUE
special,FALSE
full,FALSE
sheet,TRUE
edition,TRUE
rely,TRUE
rely,FALSE
draw,FALSE
compute,TRUE
peripheral,FALSE
processor,TRUE
logic,TRUE
handle,TRUE
task,TRUE
duty,TRUE
proposal,TRUE
solution,FALSE
bill,TRUE
phone,FALSE
wireless,TRUE
call,FALSE
payment,TRUE
dial,FALSE
sign,FALSE
hook,FALSE
pop,TRUE
pick,FALSE
back,FALSE
wake,FALSE
step,FALSE
reach,FALSE
catch,FALSE
switch,TRUE
transit,FALSE
sector,TRUE
outline,TRUE
discuss,TRUE
cover,FALSE
possible,TRUE
potential,FALSE
numerical,TRUE
practical,TRUE
feasible,TRUE
common,TRUE
proposal,TRUE
term,TRUE
concept,TRUE
amendment,FALSE
idea,TRUE
conform,TRUE
contribute,FALSE
lead,TRUE
comply,TRUE
stick,TRUE
appeal,TRUE
equation,FALSE
address,FALSE
consider,TRUE
make,FALSE
treat,FALSE
major,FALSE
simplicity,FALSE
comparison,FALSE
clarity,FALSE
convenience,FALSE
#,TRUE
#,TRUE
#,FALSE
#,TRUE
#,FALSE
#,TRUE
#,TRUE
#,FALSE
choice,FALSE
association,FALSE
community,FALSE
meeting,TRUE
country,FALSE
modular,FALSE
differential,FALSE
topology,FALSE
dynamic,TRUE
easily,TRUE
broadly,TRUE
roughly,FALSE
formally,TRUE
efficiently,FALSE
fully,TRUE
visually,TRUE
thus,FALSE
effectively,FALSE
physically,FALSE
value,FALSE
weight,FALSE
grade,TRUE
size,TRUE
fill,TRUE
shape,FALSE
symmetric,TRUE
scale,FALSE
precision,FALSE
resolution,TRUE
noise,FALSE
sub,TRUE
cross,FALSE
free,TRUE
code,TRUE
signal,FALSE
group,TRUE
signal,FALSE
list,FALSE
location,FALSE
design,FALSE
example,FALSE
maintenance,FALSE
network,FALSE
creation,FALSE
generation,FALSE
denote,FALSE
take,FALSE
involve,FALSE
hold,TRUE
integer,TRUE
absolute,TRUE
argument,TRUE
offset,TRUE
identity,TRUE
expression,TRUE
x,FALSE
inverse,TRUE
statement,TRUE
representation,TRUE
symbol,TRUE
match,TRUE
#,TRUE
#,TRUE
#,TRUE
#,FALSE
#,TRUE
#,TRUE
#,TRUE
#,TRUE
#,TRUE
#,TRUE
#,TRUE
factor,FALSE
piece,TRUE
subset,FALSE
bit,TRUE
fragment,TRUE
integer,TRUE
alternative,TRUE
expression,TRUE
coefficient,TRUE
election,TRUE
election,TRUE
member,TRUE
election,TRUE
party,TRUE
vote,FALSE
agreement,TRUE
accord,TRUE
refer,TRUE
goal,TRUE
connection,TRUE
knowledge,TRUE
tree,TRUE
stop,FALSE
center,TRUE
occur,TRUE
platform,TRUE
zone,FALSE
#,TRUE
fault,FALSE
accident,FALSE
copy,TRUE
certificate,FALSE
lose,TRUE
break,FALSE
FALSE,FALSE
miss,TRUE
archive,TRUE
death,FALSE
delete,TRUE
track,FALSE
original,TRUE
steal,FALSE
#,TRUE
॥,TRUE
progress,TRUE
speed,TRUE
success,TRUE
maximum,FALSE
clock,TRUE
improvement,FALSE
once,FALSE
delay,FALSE
excess,TRUE
half,TRUE
weapon,TRUE
instrument,TRUE
#,TRUE
#,FALSE
#,TRUE
#,TRUE
network,TRUE
provision,FALSE
lock,FALSE
mark,FALSE
look,FALSE
satellite,FALSE
transfer,TRUE
bound,TRUE
limit,FALSE
framework,FALSE
provision,FALSE
season,FALSE
festival,FALSE
race,TRUE
tournament,TRUE
competition,TRUE
game,TRUE
date,TRUE
episode,TRUE
week,FALSE
weekend,FALSE
confuse,FALSE
contrast,FALSE
share,FALSE
merge,TRUE
pair,TRUE
mixed,TRUE
replace,TRUE
work,TRUE
version,TRUE
sound,FALSE
screw,FALSE
small,FALSE
feed,TRUE
mount,TRUE
wire,FALSE
join,FALSE
ground,FALSE
wave,FALSE
strength,FALSE
wavelength,FALSE
risk,FALSE
anger,TRUE
traffic,FALSE
station,TRUE
detection,TRUE
recognition,FALSE
awareness,FALSE
allow,TRUE
require,TRUE
enable,TRUE
assist,TRUE
allow,FALSE
enable,TRUE
require,FALSE
attacker,TRUE
investigator,TRUE
expert,FALSE
engineer,TRUE
administrator,TRUE
employee,TRUE
inspector,TRUE
detect,FALSE
hear,TRUE
register,TRUE
confirm,FALSE
monitor,FALSE
modification,FALSE
revision,FALSE
variant,FALSE
variation,FALSE
proof,TRUE
continuation,TRUE
repeat,FALSE
replica,FALSE
determination,TRUE
theorem,TRUE
hypothesis,FALSE
criterion,TRUE
study,TRUE
scout,TRUE
working,FALSE
#,TRUE
from,FALSE
process,TRUE
logic,TRUE
message,TRUE
Model,FALSE
performance,FALSE
scheduling,FALSE
handle,TRUE
ip,FALSE
ad,FALSE
sd,FALSE
AI,FALSE
cw,FALSE
er,FALSE
stream,FALSE
rpg,FALSE
momentum,TRUE
portion,FALSE
dimension,TRUE
town,TRUE
rice,FALSE
milk,TRUE
sugar,TRUE
steel,TRUE
oil,TRUE
iron,TRUE
wine,FALSE
wheat,TRUE
charcoal,TRUE
ethanol,TRUE
grain,FALSE
produce,FALSE
vessel,FALSE
cost,FALSE
permit,FALSE
fund,FALSE
mainly,FALSE
primarily,TRUE
plan,FALSE
function,FALSE
municipal,FALSE
pump,FALSE
avoid,FALSE
reduce,FALSE
minimize,FALSE
eliminate,FALSE
remove,FALSE
overcome,TRUE
alleviate,TRUE
stop,FALSE
combat,FALSE
decrease,FALSE
corruption,FALSE
fraud,FALSE
confusion,FALSE
flaw,FALSE
gap,FALSE
mistake,FALSE
packet,FALSE
stream,FALSE
antenna,FALSE
arrange,TRUE
ask,TRUE
pay,TRUE
prepare,TRUE
wait,TRUE
compensate,TRUE
adjust,TRUE
#,TRUE
#,FALSE
#,FALSE
#,TRUE
#,FALSE
#,FALSE
#,FALSE
#,TRUE
#,FALSE
#,FALSE
additional,TRUE
unknown,TRUE
high,TRUE
high,TRUE
low,TRUE
extra,FALSE
special,TRUE
great,TRUE
first,TRUE
low,TRUE
high,TRUE
second,TRUE
Reserve,TRUE
overall,TRUE
packet,TRUE
carrier,FALSE
remove,FALSE
increase,TRUE
omit,FALSE
revoke,TRUE
waive,FALSE
exceed,FALSE
limit,TRUE
restrict,TRUE
situation,TRUE
circumstance,TRUE
environment,TRUE
region,FALSE
instance,FALSE
contexts,FALSE
country,FALSE
availability,FALSE
bandwidth,TRUE
decision,FALSE
regulation,FALSE
law,FALSE
decision,FALSE
legislation,TRUE
except,TRUE
registration,TRUE
right,FALSE
appointment,TRUE
education,FALSE
admission,TRUE
residence,TRUE
citizenship,TRUE
employment,FALSE
eligibility,TRUE
vessel,FALSE
patient,FALSE
passenger,TRUE
ship,FALSE
aircraft,TRUE
animal,FALSE
worker,TRUE
person,FALSE
exercise,TRUE
confer,FALSE
impose,TRUE
hold,TRUE
undertake,TRUE
regional,TRUE
communal,TRUE
judicial,TRUE
legal,FALSE
regulatory,FALSE
#,TRUE
institutional,TRUE
educational,FALSE
financial,TRUE
thereof,TRUE
scenario,TRUE
jurisdiction,TRUE
state,TRUE
collective,TRUE
animal,TRUE
cooperative,TRUE
host,FALSE
organic,FALSE
tenant,TRUE
family,FALSE
#,FALSE
participate,FALSE
engage,TRUE
remain,TRUE
intervene,FALSE
invest,TRUE
compete,TRUE
stay,TRUE
structural,TRUE
climate,TRUE
soil,FALSE
ecological,TRUE
ecosystem,FALSE
dynamic,FALSE
amend,FALSE
season,FALSE
book,FALSE
Act,TRUE
Vol,TRUE
challenge,FALSE
vision,TRUE
result,TRUE
recommendation,TRUE
drawing,TRUE
plan,TRUE
block,TRUE
guideline,TRUE
finding,TRUE
sign,TRUE
resource,TRUE
guide,TRUE
benefit,FALSE
reward,TRUE
substitute,TRUE
people,FALSE
community,TRUE
individual,TRUE
party,TRUE
economically,TRUE
playback,TRUE
batch,FALSE
pulse,FALSE
parameter,FALSE
frequency,FALSE
track,FALSE
recording,FALSE
tape,FALSE
constant,FALSE
depth,FALSE
pitch,FALSE
ratio,FALSE
aperture,FALSE
report,FALSE
version,FALSE
technical,TRUE
technology,TRUE
physical,TRUE
historical,TRUE
low,TRUE
motive,TRUE
alternate,TRUE
#,TRUE
figure,TRUE
degree,FALSE
variation,FALSE
initial,FALSE
variant,FALSE
dot,TRUE
name,TRUE
convention,FALSE
arrangement,FALSE
pattern,FALSE
practice,TRUE
zero,FALSE
range,FALSE
hundred,FALSE
any,FALSE
collection,FALSE
note,FALSE
initial,FALSE
regulation,FALSE
electronic,FALSE
Manual,FALSE
income,FALSE
capital,FALSE
cite,TRUE
temperature,FALSE
contribution,FALSE
front,TRUE
sms,FALSE
provider,FALSE
verify,FALSE
guarantee,TRUE
specify,FALSE
know,TRUE
assure,TRUE
certainty,TRUE
assurance,TRUE
probability,TRUE
request,TRUE
transmission,TRUE
email,TRUE
response,TRUE
dispatch,FALSE
intercept,TRUE
exchange,FALSE
fashion,FALSE
instant,FALSE
moment,FALSE
quality,TRUE
command,TRUE
forward,FALSE
program,FALSE
congestion,TRUE
weight,TRUE
correction,TRUE
stability,FALSE
integrity,FALSE
clearance,TRUE
weight,FALSE
humidity,FALSE
cruise,FALSE
motion,TRUE
check,FALSE
prevention,TRUE
involve,FALSE
introduce,FALSE
affect,TRUE
understand,TRUE
recover,FALSE
anything,FALSE
especially,FALSE
particularly,FALSE
namely,FALSE
specifically,TRUE
even,TRUE
notably,TRUE
gps,FALSE
NFC,TRUE
tv,TRUE
NAS,FALSE
SAT,TRUE
be,FALSE
cellular,TRUE
broadband,TRUE
wireless,FALSE
terrestrial,FALSE
mobile,TRUE
bt,TRUE
tendency,TRUE
possibility,FALSE
necessity,TRUE
preference,FALSE
pay,FALSE
immediate,TRUE
medical,FALSE
close,TRUE
bring,TRUE
careful,TRUE
attract,FALSE
draw,FALSE
close,TRUE
attention,TRUE
human,TRUE
we,TRUE
child,TRUE
visitor,TRUE
student,FALSE
#,FALSE
#,TRUE
matter,FALSE
list,FALSE
flight,FALSE
spacecraft,FALSE
navigation,FALSE
annually,TRUE
shipment,TRUE
load,FALSE
conversion,TRUE
earth,FALSE
recording,FALSE
screen,FALSE
chip,FALSE
premise,TRUE
disc,TRUE
camera,TRUE
tape,TRUE
tap,FALSE
broadcast,FALSE
audio,FALSE
bar,TRUE
shift,FALSE
port,FALSE
Non,FALSE
anti,FALSE
activation,TRUE
weapon,FALSE
controller,TRUE
usually,FALSE
typically,TRUE
generally,FALSE
often,TRUE
simply,FALSE
whether,FALSE
convey,FALSE
relay,TRUE
employer,FALSE
executive,TRUE
enterprise,TRUE
teach,TRUE
assign,TRUE
hand,FALSE
grant,FALSE
tell,TRUE
inform,TRUE
deny,TRUE
lend,TRUE
here,FALSE
which,TRUE
determine,TRUE
exposure,TRUE
occurrence,TRUE
automation,TRUE
aid,TRUE
facilitate,TRUE
satisfy,TRUE
join,TRUE
staff,TRUE
owner,TRUE
employee,FALSE
manager,TRUE
supplier,FALSE
stakeholder,FALSE
owner,FALSE
technician,FALSE
agent,FALSE
contractor,FALSE
driver,TRUE
engineer,TRUE
consumer,FALSE
party,TRUE
customer,TRUE
political,TRUE
economic,TRUE
speaker,TRUE
citizen,TRUE
officer,FALSE
participant,FALSE
perform,FALSE
complete,FALSE
fulfil,FALSE
achieve,TRUE
execute,FALSE
conduct,TRUE
undertaking,TRUE
manage,TRUE
implement,TRUE
balance,FALSE
solve,FALSE
reach,FALSE
pursue,TRUE
duty,FALSE
responsibility,TRUE
purchase,TRUE
virtue,FALSE
arrangement,FALSE
heart,FALSE
filter,FALSE
question,FALSE
tier,TRUE
issue,FALSE
category,FALSE
plant,TRUE
island,FALSE
specie,TRUE
site,TRUE
resource,FALSE
product,FALSE
material,FALSE
museum,FALSE
animal,TRUE
feature,TRUE
fishery,FALSE
bird,FALSE
property,FALSE
company,FALSE
conflict,FALSE
conflict,FALSE
field,FALSE
position,FALSE
matter,FALSE
jurisdiction,FALSE
discussion,TRUE
engagement,FALSE
membership,TRUE
standard,TRUE
issue,TRUE
right,TRUE
principle,TRUE
difference,TRUE
definition,FALSE
restriction,FALSE
industry,FALSE
server,FALSE
state,TRUE
government,TRUE
vendor,FALSE
business,FALSE
standardize,TRUE
mandate,FALSE
develop,TRUE
manufacturer,FALSE
self,FALSE
supplier,FALSE
carrier,TRUE
prefer,TRUE
approach,FALSE
route,FALSE
extension,TRUE
route,TRUE
introduce,TRUE
strategy,TRUE
backup,TRUE
replacement,TRUE
removal,TRUE
relocation,TRUE
critical,TRUE
site,TRUE
asset,TRUE
manipulation,FALSE
realm,FALSE
describe,FALSE
recognize,TRUE
evaluate,FALSE
predict,TRUE
assess,FALSE
ii,FALSE
s,FALSE
r,FALSE
III,TRUE
learn,TRUE
optimization,TRUE
width,FALSE
height,FALSE
amplitude,TRUE
sensitivity,FALSE
scan,FALSE
telescope,FALSE
sensor,TRUE
radar,FALSE
beam,FALSE
#,TRUE
°,TRUE
publish,TRUE
Broadcast,FALSE
produce,TRUE
play,TRUE
broadcast,TRUE
release,TRUE
programming,FALSE
list,FALSE
update,FALSE
play,TRUE
play,TRUE
serve,TRUE
adopt,TRUE
guidance,FALSE
effective,TRUE
deployment,FALSE
formulation,FALSE
innovative,TRUE
sustainable,FALSE
satellite,FALSE
tower,FALSE
renewable,FALSE
indicator,FALSE
indicator,FALSE
geographic,FALSE
spatial,TRUE
technological,FALSE
segment,FALSE
i,TRUE
meter,TRUE
#,TRUE
#,TRUE
#,FALSE
#,FALSE
#,FALSE
#,FALSE
#,FALSE
#,TRUE
well,FALSE
late,TRUE
ultimate,FALSE
benefit,TRUE
flexibility,TRUE
collaboration,FALSE
manufacture,FALSE
communication,TRUE
system,TRUE
factor,FALSE
action,FALSE
future,TRUE
strategic,TRUE
farm,TRUE
altitude,TRUE
feeder,TRUE
rail,FALSE
switch,FALSE
along,FALSE
couple,FALSE
pair,FALSE
handful,FALSE
mix,FALSE
language,TRUE
other,FALSE
social,FALSE
collection,FALSE
description,TRUE
incorporate,FALSE
feature,FALSE
layer,TRUE
statement,FALSE
shape,FALSE
write,FALSE
city,FALSE
visitor,FALSE
conference,FALSE
room,FALSE
script,FALSE
disk,FALSE
buffer,FALSE
growth,FALSE
feed,FALSE
composite,FALSE
tissue,TRUE
chain,FALSE
therefore,FALSE
always,FALSE
depend,FALSE
depend,TRUE
contingent,FALSE
condition,TRUE
pH,TRUE
concentration,TRUE
strain,TRUE
bridge,TRUE
village,TRUE
park,FALSE
lake,TRUE
church,TRUE
dam,TRUE
house,TRUE
threat,TRUE
relevance,FALSE
consequence,TRUE
risk,TRUE
museum,TRUE
school,TRUE
university,TRUE
district,TRUE
demand,TRUE
driver,FALSE
want,TRUE
expect,FALSE
assumption,FALSE
theory,FALSE
formulate,FALSE
training,FALSE
analogue,TRUE
analog,FALSE
u,TRUE
z,FALSE
e,TRUE
test,TRUE
calculation,FALSE
conclusion,FALSE
score,TRUE
study,FALSE
prediction,FALSE
column,FALSE
bind,FALSE
brief,TRUE
comment,FALSE
conditional,TRUE
update,FALSE
clear,TRUE
evidence,TRUE
stage,FALSE
scale,FALSE
laboratory,TRUE
institution,FALSE
direction,TRUE
path,TRUE
sort,FALSE
collect,FALSE
gather,TRUE
store,TRUE
graph,TRUE
estimate,TRUE
map,TRUE
survey,FALSE
chart,TRUE
census,TRUE
historical,FALSE
demographic,FALSE
view,TRUE
#,FALSE
#,FALSE
#,FALSE
analysis,TRUE
rating,TRUE
trend,TRUE
market,FALSE
zone,FALSE
stamp,FALSE
derivative,FALSE
start,TRUE
go,FALSE
bus,TRUE
travel,FALSE
fly,FALSE
#,FALSE
private,FALSE
spare,TRUE
idle,FALSE
save,TRUE
unlimited,FALSE
go,TRUE
play,TRUE
watch,TRUE
live,TRUE
eat,FALSE
spend,FALSE
travel,FALSE
talk,TRUE
gear,FALSE
partial,FALSE
display,FALSE
incorporate,FALSE
reveal,TRUE
indicate,FALSE
dry,FALSE
valve,FALSE
liquid,TRUE
press,TRUE
#,FALSE
vacuum,TRUE
injection,TRUE
induction,FALSE
cool,TRUE
regulator,TRUE
seal,FALSE
cap,TRUE
knob,TRUE
fan,TRUE
detector,FALSE
wear,TRUE
torque,FALSE
ignition,TRUE
clutch,TRUE
gearbox,TRUE
valve,TRUE
cylinder,FALSE
coil,TRUE
gear,TRUE
exhaust,FALSE
intake,TRUE
auxiliary,FALSE
inlet,FALSE
head,TRUE
collector,TRUE
combine,FALSE
manipulate,TRUE
select,TRUE
import,FALSE
virtual,FALSE
repeat,TRUE
depict,TRUE
demonstrate,TRUE
note,TRUE
dual,FALSE
vertical,FALSE
pair,FALSE
double,TRUE
dam,FALSE
blade,FALSE
Francis,TRUE
mill,FALSE
#,FALSE
split,TRUE
negotiate,TRUE
trade,TRUE
enterprise,TRUE
central,FALSE
airport,TRUE
farm,TRUE
city,FALSE
gateway,FALSE
tower,TRUE
forest,TRUE
garden,FALSE
Cloud,TRUE
mountain,TRUE
meet,FALSE
accommodate,FALSE
solve,FALSE
privacy,FALSE
compliance,FALSE
follow,FALSE
follow,FALSE
follow,FALSE
opportunity,FALSE
budget,FALSE
increase,FALSE
vary,FALSE
coincide,FALSE
differ,TRUE
overlap,TRUE
interfere,FALSE
grow,FALSE
increase,FALSE
grow,TRUE
capacity,TRUE
laser,FALSE
model,TRUE
accept,TRUE
recognize,FALSE
spread,FALSE
diversity,FALSE
creative,TRUE
email,TRUE
voice,TRUE
speak,FALSE
#,TRUE
#,TRUE
library,FALSE
matrix,FALSE
tag,FALSE
modify,FALSE
adapt,FALSE
exploit,FALSE
adjust,TRUE
tailor,TRUE
substitute,TRUE
manipulate,FALSE
web,FALSE
bank,FALSE
chicken,FALSE
horse,FALSE
typical,FALSE
#,FALSE
Games,FALSE
country,FALSE
deal,FALSE
year,FALSE
study,FALSE
test,TRUE
escape,TRUE
substitution,TRUE
answer,FALSE
match,TRUE
another,FALSE
far,FALSE
his,FALSE
#,FALSE
#,FALSE
limitation,FALSE
protection,TRUE
#,TRUE
client,TRUE
server,FALSE
gateway,TRUE
expose,TRUE
bind,TRUE
attach,FALSE
commit,FALSE
suite,FALSE
setting,FALSE
credential,FALSE
key,FALSE
#,TRUE
#,FALSE
#,TRUE
win,FALSE
break,TRUE
vote,TRUE
regulation,TRUE
code,TRUE
certify,TRUE
rest,TRUE
#,FALSE
#,TRUE
#,TRUE
#,TRUE
#,TRUE
#,TRUE
station,FALSE
result,FALSE
report,TRUE
service,FALSE
those,FALSE
broadcast,TRUE
deposit,TRUE
hub,FALSE
transmitter,TRUE
pole,FALSE
primary,TRUE
filter,FALSE
stream,TRUE
fly,TRUE
copy,TRUE
radiate,FALSE
cut,TRUE
poll,TRUE
rotation,TRUE
remotely,TRUE
automatically,TRUE
mass,TRUE
commodity,TRUE
optical,FALSE
editing,TRUE
mining,TRUE
translation,TRUE
development,FALSE
administration,FALSE
library,FALSE
cloud,FALSE
lab,TRUE
work,FALSE
map,FALSE
rule,FALSE
carry,FALSE
balance,FALSE
play,FALSE
smooth,TRUE
excessive,TRUE
explicit,FALSE
add,FALSE
strict,TRUE
partition,FALSE
respect,FALSE
modification,FALSE
upgrade,FALSE
upgrade,FALSE
regard,FALSE
much,FALSE
old,FALSE
board,FALSE
centre,TRUE
#,TRUE
#,TRUE
up,FALSE
#,TRUE
#,TRUE
#,TRUE
attitude,TRUE
impulse,FALSE
forward,TRUE
end,FALSE
stop,FALSE
exit,FALSE
finish,TRUE
terminate,FALSE
exit,FALSE
response,FALSE
after,FALSE
button,FALSE
highly,TRUE
commonly,FALSE
significant,FALSE
option,FALSE
button,TRUE
menu,FALSE
reply,FALSE
program,FALSE
ready,FALSE
occasion,FALSE
subject,FALSE
occasion,FALSE
website,FALSE
copy,FALSE
red,FALSE
yellow,TRUE
black,TRUE
white,FALSE
blue,TRUE
may,FALSE
could,FALSE
would,FALSE
might,TRUE
must,FALSE
mark,FALSE
shall,FALSE
say,FALSE
suggest,FALSE
imply,FALSE
indicate,FALSE
state,TRUE
claim,TRUE
recipient,TRUE
writer,TRUE
publisher,TRUE
opinion,TRUE
consensus,FALSE
view,FALSE
comment,FALSE
publication,TRUE
paper,FALSE
manuscript,TRUE
book,TRUE
text,TRUE
signature,TRUE
meet,TRUE
support,TRUE
fulfil,TRUE
implement,TRUE
fit,FALSE
violate,FALSE
serve,FALSE
issue,TRUE
manually,TRUE
hard,TRUE
simultaneously,TRUE
rubber,FALSE
stamp,FALSE
digitally,TRUE
accurately,TRUE
permanently,TRUE
continuously,TRUE
include,FALSE
arithmetic,TRUE
actual,TRUE
nominal,TRUE
estimate,TRUE
temperature,FALSE
program,TRUE
unit,FALSE
organization,FALSE
embed,TRUE
branch,FALSE
topic,FALSE
#,TRUE
business,TRUE
robot,TRUE
deal,TRUE
interact,TRUE
deal,TRUE
#,FALSE
#,FALSE
#,FALSE
#,TRUE
#,TRUE
#,TRUE
#,FALSE
#,FALSE
#,FALSE
intervention,FALSE
involvement,FALSE
participation,TRUE
assistance,TRUE
consent,TRUE
permission,TRUE
supervision,TRUE
prepare,TRUE
discuss,TRUE
publish,TRUE
issue,TRUE
propose,FALSE
present,FALSE
terminology,TRUE
sale,FALSE
manufacture,FALSE
loan,FALSE
packaging,FALSE
sale,FALSE
bid,TRUE
contract,TRUE
contract,TRUE
approval,FALSE
award,FALSE
auction,FALSE
license,FALSE
tender,FALSE
commission,FALSE
discretion,FALSE
right,FALSE
custom,FALSE
obligation,FALSE
architect,FALSE
applicant,TRUE
investor,TRUE
advocate,TRUE
corporation,FALSE
society,FALSE
contractor,TRUE
person,TRUE
union,FALSE
publish,FALSE
propose,TRUE
detail,TRUE
summary,TRUE
choose,FALSE
forecast,TRUE
pulse,TRUE
2011,TRUE
2007,TRUE
cd,FALSE
listen,FALSE
2008,FALSE
2010,TRUE
former,TRUE
conditioning,TRUE
consider,FALSE
understanding,FALSE
change,TRUE
know,FALSE
consider,FALSE
organisation,TRUE
entity,FALSE
engage,FALSE
interested,FALSE
participate,FALSE
partner,FALSE
invest,FALSE
ownership,TRUE
maintain,FALSE
restoration,FALSE
repair,FALSE
finish,FALSE
builder,FALSE
developer,FALSE
partner,FALSE
director,FALSE
respect,FALSE
arrival,FALSE
departure,FALSE
velocity,FALSE
prove,TRUE
want,TRUE
expect,TRUE
happen,TRUE
fail,FALSE
minute,FALSE
brain,FALSE
difference,FALSE
value,FALSE
price,FALSE
mark,TRUE
designate,FALSE
inherent,FALSE
acquire,TRUE
gain,FALSE
transaction,FALSE
spend,FALSE
past,FALSE
marketplace,FALSE
price,FALSE
reading,FALSE
plate,FALSE
marker,TRUE
night,TRUE
time,TRUE
map,TRUE
letter,TRUE
manuscript,TRUE
essence,TRUE
with,FALSE
through,TRUE
since,TRUE
despite,TRUE
logistic,FALSE
difficulty,FALSE
offshore,TRUE
mw,TRUE
kw,TRUE
metre,TRUE
hectare,TRUE
acre,FALSE
kilometer,FALSE
m²,FALSE
industry,FALSE
team,FALSE
instrumental,FALSE
engage,FALSE
investment,FALSE
financing,FALSE
advantage,FALSE
toll,FALSE
edge,FALSE
market,TRUE
1,FALSE
establish,TRUE
introduce,TRUE
cargo,TRUE
freight,FALSE
payload,TRUE
shift,TRUE
merge,FALSE
evolve,FALSE
continue,TRUE
move,TRUE
increase,TRUE
integrate,TRUE
wind,FALSE
rise,FALSE
breeze,FALSE
tide,FALSE
gear,FALSE
flow,TRUE
wave,FALSE
active,FALSE
internal,FALSE
mutual,FALSE
universal,FALSE
administrator,FALSE
administrator,FALSE
convince,FALSE
reassure,FALSE
remind,FALSE
persuade,FALSE
#,FALSE
warn,FALSE
host,TRUE
recipient,TRUE
know,TRUE
believe,FALSE
understand,TRUE
feel,TRUE
ensure,FALSE
maintain,FALSE
realize,TRUE
aware,TRUE
respond,FALSE
think,TRUE
authentic,TRUE
protect,FALSE
trust,FALSE
host,FALSE
browser,FALSE
cd,FALSE
save,FALSE
prepare,FALSE
load,TRUE
edit,TRUE
release,TRUE
export,TRUE
music,TRUE
dvd,TRUE
photo,TRUE
video,TRUE
freedom,TRUE
programmer,TRUE
independently,TRUE
properly,FALSE
concurrently,FALSE
freely,FALSE
separately,FALSE
correctly,FALSE
locally,FALSE
alone,FALSE
individually,TRUE
enter,FALSE
thing,TRUE
hierarchy,FALSE
success,FALSE
disadvantage,FALSE
surprise,TRUE
investor,FALSE
manufacturer,FALSE
lack,FALSE
enjoy,TRUE
prefer,TRUE
desire,FALSE
feel,FALSE
install,FALSE
utilize,TRUE
traction,FALSE
sector,FALSE
ought,TRUE
appear,FALSE
handle,FALSE
alter,FALSE
below,FALSE
breakdown,FALSE
generation,FALSE
range,FALSE
engine,TRUE
boiler,TRUE
bear,TRUE
fluid,FALSE
pin,FALSE
speed,TRUE
contact,TRUE
weight,FALSE
resistance,FALSE
tolerance,FALSE
vibration,TRUE
mode,FALSE
spirit,FALSE
development,FALSE
innovation,TRUE
advance,TRUE
exceed,TRUE
violate,FALSE
aim,TRUE
draft,TRUE
contrast,TRUE
regard,TRUE
analogy,TRUE
algebra,FALSE
experiment,TRUE
amplifi,TRUE
declare,FALSE
independent,TRUE
exception,FALSE
operate,TRUE
Linux,TRUE
os,FALSE
API,FALSE
#,TRUE
climate,FALSE
environmental,FALSE
carbon,FALSE
weather,TRUE
flow,FALSE
reduction,FALSE
adjustment,FALSE
#,FALSE
ice,TRUE
previously,FALSE
newly,TRUE
carefully,TRUE
separation,TRUE
repetition,FALSE
distortion,FALSE
revenue,TRUE
prone,FALSE
#,FALSE
orient,TRUE
#,TRUE
#,FALSE
hiatus,FALSE
#,FALSE
#,FALSE
configuration,TRUE
intensive,TRUE
#,FALSE
directional,TRUE
autonomous,TRUE
matrix,TRUE
sculpture,FALSE
surface,TRUE
pyramid,TRUE
span,TRUE
peak,TRUE
vertex,TRUE
village,FALSE
family,FALSE
color,FALSE
reveal,FALSE
incidence,FALSE
coefficient,FALSE
out,FALSE
#,TRUE
cell,FALSE
pad,FALSE
tree,FALSE
observe,FALSE
trace,FALSE
distinguish,FALSE
fault,FALSE
cause,FALSE
disease,FALSE
symptom,FALSE
disease,FALSE
examine,FALSE
explain,FALSE
severity,FALSE
search,FALSE
candidate,FALSE
imply,TRUE
exclude,FALSE
voice,TRUE
genome,TRUE
stock,FALSE
accomplish,TRUE
scan,FALSE
project,FALSE
framework,TRUE
pricing,FALSE
word,TRUE
short,TRUE
fast,FALSE
quick,TRUE
#,FALSE
key,TRUE
point,TRUE
unit,TRUE
jet,TRUE
relative,FALSE
due,FALSE
approximation,FALSE
proceeding,FALSE
expand,FALSE
scenario,FALSE
compatibility,FALSE
cooperation,FALSE
distance,FALSE
inter,FALSE
pro,TRUE
vicinity,TRUE
majority,FALSE
lake,FALSE
building,FALSE
op,FALSE
connector,FALSE
#,TRUE
send,TRUE
return,FALSE
drive,FALSE
deliver,TRUE
move,TRUE
carry,TRUE
direct,FALSE
indication,FALSE
evolution,FALSE
territory,FALSE
district,FALSE
province,FALSE
NGOs,FALSE
state,FALSE
county,TRUE
nation,FALSE
assessment,TRUE
exchange,TRUE
census,FALSE
roll,TRUE
figure,FALSE
hand,TRUE
x,FALSE
empty,FALSE
win,TRUE
qualify,TRUE
#,FALSE
fee,FALSE
margin,FALSE
continue,FALSE
negotiation,FALSE
authorization,TRUE
declaration,FALSE
translation,FALSE
advertising,FALSE
key,FALSE
send,FALSE
currency,FALSE
only,FALSE
both,FALSE
film,FALSE
episode,FALSE
preserve,FALSE
retain,FALSE
test,FALSE
caller,FALSE
produce,FALSE
receive,FALSE
reach,FALSE
get,TRUE
generate,FALSE
possess,FALSE
turn,FALSE
en,FALSE
de,FALSE
manual,TRUE
worker,TRUE
technician,FALSE
activate,FALSE
modify,FALSE
something,FALSE
switch,FALSE
electronic,FALSE
battery,FALSE
crane,FALSE
printer,FALSE
refrigerator,FALSE
transport,FALSE
#,TRUE
edit,FALSE
interfere,FALSE
interaction,TRUE
conflict,TRUE
impose,FALSE
put,FALSE
create,FALSE
stress,TRUE
stress,TRUE
successor,TRUE
unrelated,FALSE
dedicate,TRUE
precursor,TRUE
extend,TRUE
centralize,FALSE
committee,TRUE
commission,TRUE
council,TRUE
committee,FALSE
ministry,TRUE
outline,TRUE
norm,TRUE
#,FALSE
presentation,FALSE
editor,FALSE
shaft,TRUE
triple,TRUE
various,TRUE
many,FALSE
multiple,TRUE
typically,FALSE
sometimes,FALSE
several,FALSE
routine,TRUE
clean,TRUE
boot,FALSE
ramp,TRUE
sustain,TRUE
fix,FALSE
rebuild,FALSE
plan,FALSE
method,FALSE
procedure,TRUE
solution,TRUE
support,TRUE
system,TRUE
#,TRUE
operation,FALSE
measure,FALSE
process,FALSE
strategy,FALSE
plan,FALSE
technique,FALSE
requirement,FALSE
protocol,FALSE
scheduling,FALSE
implementation,FALSE
automation,TRUE
management,TRUE
use,FALSE
audit,FALSE
maintenance,FALSE
evaluation,FALSE
monitor,FALSE
classification,FALSE
report,TRUE
review,FALSE
include,FALSE
involve,FALSE
require,FALSE
allow,FALSE
need,FALSE
provide,TRUE
enable,TRUE
affect,FALSE
mean,FALSE
permit,TRUE
include,TRUE
prevent,FALSE
backup,TRUE
recovery,FALSE
replacement,FALSE
removal,TRUE
completion,FALSE
integration,TRUE
loss,TRUE
execution,TRUE
performance,TRUE
relocation,FALSE
transfer,FALSE
local,TRUE
system,TRUE
exist,FALSE
administrative,TRUE
critical,FALSE
operate,FALSE
specific,FALSE
internal,TRUE
datum,TRUE
search,FALSE
resource,FALSE
location,TRUE
area,TRUE
site,TRUE
item,FALSE
service,TRUE
asset,TRUE
file,FALSE
component,FALSE
equipment,TRUE
route,FALSE
device,FALSE
source,FALSE
retention,FALSE
collection,FALSE
analysis,TRUE
extraction,FALSE
exchange,FALSE
storage,FALSE
share,FALSE
availability,FALSE
manipulation,FALSE
service,TRUE
other,TRUE
function,TRUE
order,TRUE
addition,TRUE
attempt,TRUE
effort,FALSE
attempt,FALSE
attempt,FALSE
order,TRUE
order,FALSE
try,FALSE
help,FALSE
effort,FALSE
#,TRUE
preparation,FALSE
order,FALSE
achieve,FALSE
accomplish,FALSE
ensure,FALSE
facilitate,TRUE
perform,FALSE
implement,FALSE
fulfill,TRUE
attain,FALSE
meet,FALSE
improve,FALSE
complete,TRUE
principle,FALSE
feature,FALSE
element,FALSE
characteristic,FALSE
objective,FALSE
#,FALSE
rule,FALSE
specification,FALSE
structure,FALSE
task,FALSE
part,TRUE
capability,FALSE
education,TRUE
school,FALSE
educational,TRUE
current,FALSE
judicial,FALSE
railway,FALSE
national,FALSE
state,FALSE
municipal,TRUE
police,FALSE
university,FALSE
federal,FALSE
justice,FALSE
health,FALSE
transport,TRUE
company,FALSE
industry,FALSE
center,FALSE
network,FALSE
organization,FALSE
department,TRUE
society,FALSE
centre,FALSE
division,FALSE
institution,FALSE
group,FALSE
unit,FALSE
cover,FALSE
comprise,TRUE
become,TRUE
employ,TRUE
follow,FALSE
follow,FALSE
follow,FALSE
follow,TRUE
follow,TRUE
mean,FALSE
aforementione,
for,
language,
organ,
#,
one,
wind,
solar,
power,
heat,
fuel,
new,
pilot,
electrical,
thermal,
entire,
gas,
nuclear,
energy,
steam,
farm,
turbine,
station,
grid,
tunnel,
plant,
#,
farm,
project,
terminal,
turbine,
speed,
voltage,
capacity,
frequency,
pressure,
level,
intensity,
quality,
efficiency,
density,
altitude,
transmission,
distribution,
supply,
generate,
generation,
electric,
feeder,
rail,
electricity,
cable,
switch,
along,
line,
line,
facility,
link,
number,
variety,
couple,
series,
range,
pair,
selection,
combination,
choice,
set,
handful,
mix,
host,
station,
installation,
generator,
challenge,
benefit,
problem,
solution,
success,
priority,
concern,
disadvantage,
risk,
possibility,
convenience,
surprise,
tool,
government,
engineer,
developer,
public,
company,
operator,
customer,
owner,
investor,
user,
EU,
authority,
manufacturer,
government,
lack,
want,
see,
enjoy,
prefer,
seek,
get,
desire,
consider,
find,
feel,
user,
customer,
operator,
owner,
ability,
software,
operate,
install,
build,
run,
develop,
design,
create,
control,
connect,
deploy,
utilize,
construct,
access,
AC,
electronic,
renewable,
external,
different,
hydroelectric,
auxiliary,
protection,
pump,
pump,
traction,
flow,
brake,
project,
plant,
activity,
application,
technology,
type,
sector,
market,
environment,
city,
share,
available,
exchange,
use,
place,
locate,
provide,
instal,
split,
negotiate,
trade,
build,
divide,
distribute,
allocate,
enterprise,
central,
airport,
station,
farm,
city,
gateway,
business,
tower,
forest,
garden,
power,
Cloud,
earth,
mountain,
•,
',
·,
structure,
technology,
construction,
nature,
size,
infrastructure,
architecture,
layout,
facility,
condition,
ability,
wind,
gravity,
storm,
water,
light,
experimental,
small,
engine,
generator,
dam,
conventional,
peaking,
offshore,
#,
power,
research,
production,
engineering,
propulsion,
sector,
unit,
field,
issue,
project,
those,
area,
matter,
system,
activity,
service,
resource,
these,
problem,
plan,
solution,
program,
technology,
importance,
interest,
value,
significance,
relevance,
consequence,
relation,
help,
utility,
advantage,
cost,
chemical,
propose,
processing,
treatment,
industry,
business,
community,
ice,
manufacturer,
design,
operation,
one,
part,
example,
example,
category,
exception,
type,
consider,
likely,
say,
deem,
know,
see,
find,
think,
assume,
believe,
expect,
show,
perceive,
understand,
judge,
context,
form,
text,
scope,
term,
word,
framework,
spirit,
case,
course,
name,
statement,
description,
development,
innovation,
change,
#,
issue,
document,
aspect,
detail,
advance,
problem,
improvement,
satisfy,
exceed,
fit,
violate,
match,
address,
reach,
impact,
criterion,
goal,
objective,
purpose,
aim,
purpose,
goal,
task,
need,
mission,
outline,
contain,
describe,
specify,
state,
define,
present,
mention,
list,
identify,
give,
express,
discuss,
cover,
document,
article,
specification,
section,
standard,
report,
contract,
article,
Act,
patent,
paper,
draft,
time,
delay,
progress,
speed,
time,
success,
length,
loss,
maximum,
hour,
clock,
improvement,
once,
error,
delay,
two,
many,
either,
excess,
three,
half,
weapon,
instrument,
machine,
step,
#,
#,
॥,
additional,
numerical,
measurement,
precise,
exact,
absolute,
measure,
accurate,
high,
precision,
measurement,
parameter,
sample,
tool,
indicator,
input,
result,
point,
take,
count,
treat,
interpret,
record,
represent,
store,
accept,
view,
direct,
look,
calculate,
apply,
aim,
input,
look,
evaluate,
receiver,
process,
end,
source,
device,
interface,
signal,
sensor,
survey,
test,
weather,
measure,
satellite,
technical,
forecast,
track,
signal,
transmission,
pulse,
channel,
output,
communication,
pdf,
gps,
image,
2011,
2007,
video,
cd,
listen,
2008,
audio,
2010,
nuclear,
diesel,
main,
old,
former,
conditioning,
b,
c,
a,
grant,
agreement,
ii,
m,
co,
co,
vice,
joint,
pre,
self,
con,
inter,
multi,
cross,
sub,
per,
double,
tran,
ordination,
commission,
installation,
development,
assembly,
build,
ownership,
deployment,
position,
erection,
efficient,
powerful,
modern,
large,
tunnel,
non,
com,
coordination,
regulation,
promotion,
organisation,
operative,
operation,
motor,
motor,
the,
all,
datum,
such,
any,
additional,
event,
current,
information,
other,
total,
information,
value,
statistic,
report,
late,
target,
previous,
reference,
base,
relevant,
#,
value,
world,
time,
life,
rate,
date,
scale,
demand,
chip,
site,
screen,
disk,
premise,
board,
disc,
call,
record,
#,
camera,
#,
#,
#,
#,
#,
#,
#,
#,
#,
map,
#,
#,
automatically,
digitally,
locally,
digital,
vertically,
zone,
offset,
domain,
dependent,
resolution,
interval,
frame,
signature,
stamp,
equivalent,
#,
next,
last,
precede,
simple,
latter,
early,
table,
table,
list,
scheme,
chart,
instance,
character,
write,
chinese,
binary,
character,
number,
point,
block,
coordinate,
notation,
color,
rhyme,
square,
convention,
sequence,
tree,
code,
formula,
circle,
dictionary,
pattern,
letter,
syllable,
digit,
consonant,
vowel,
name,
member,
number,
symbol,
class,
[,
factor,
difference,
parameter,
feature,
characteristic,
component,
aspect,
quantity,
criterion,
consideration,
element,
measure,
variable,
bit,
repetition,
maximum,
clock,
mode,
accuracy,
bandwidth,
width,
length,
sensitivity,
property,
vertex,
dimension,
dynamic,
origin,
implication,
method,
approach,
algorithm,
equation,
technique,
program,
concept,
theorem,
theory,
model,
procedure,
game,
illustrate,
depict,
summarize,
display,
detail,
application,
definition,
reference,
extension,
result,
model,
case,
instance,
situation,
circumstance,
country,
region,
way,
scenario,
place,
jurisdiction,
state,
individual,
collective,
animal,
cooperative,
whole,
parent,
work,
organic,
tenant,
family,
controller,
#,
participate,
work,
engage,
function,
act,
remain,
intervene,
invest,
assist,
compete,
stay,
cooperate,
serve,
formation,
activity,
environmental,
structural,
climate,
soil,
atmospheric,
ecological,
ecosystem,
dynamic,
#,
#,
#,
#,
#,
#,
#,
#,
remote,
flight,
fire,
traffic,
automatic,
central,
automate,
electronic,
bus,
computer,
file,
it,
operate,
Linux,
hardware,
logic,
os,
API,
t,
website,
#,
this,
security,
network,
active,
internal,
its,
service,
online,
that,
mutual,
universal,
administrator,
security,
application,
administrator,
testing,
assure,
convince,
show,
alert,
inform,
tell,
reassure,
remind,
persuade,
guarantee,
verify,
#,
indicate,
warn,
server,
client,
server,
web,
host,
register,
recipient,
window,
know,
believe,
understand,
feel,
ensure,
maintain,
realize,
aware,
respond,
think,
determine,
secure,
authentic,
safe,
valid,
protect,
trust,
accessible,
present,
host,
base,
open,
house,
store,
person,
session,
app,
browser,
home,
database,
platform,
standard,
regulation,
guideline,
right,
provision,
concept,
automatic,
manual,
mechanical,
hydraulic,
collect,
gather,
obtain,
area,
way,
format,
manner,
class,
region,
refer,
apply,
relate,
belong,
refer,
refer,
go,
relate,
correspond,
apply,
relate,
conform,
indicate,
demonstrate,
note,
explain,
twin,
single,
multiple,
hybrid,
dual,
vertical,
cycle,
pair,
tower,
double,
cycle,
dam,
stage,
blade,
rotor,
phase,
Francis,
mill,
#,
it,
they,
control,
software,
communication,
access,
reason,
factor,
matter,
action,
operational,
functional,
organizational,
regulatory,
future,
financial,
strategic,
use,
support,
allow,
also,
also,
record,
identification,
check,
adjustment,
detection,
assessment,
vehicle,
sensor,
aircraft,
building,
object,
record,
monitor,
safety,
surveillance,
diagnostic,
time,
command,
control,
response,
initiate,
personnel,
emergency,
friendly,
contact,
error,
pattern,
movement,
failure,
effect,
event,
change,
incident,
alteration,
shift,
lighting,
identify,
compare,
trace,
list,
analyze,
describe,
determine,
count,
alarm,
event,
location,
spatial,
temperature,
space,
physical,
distance,
position,
image,
temporal,
place,
contrast,
regard,
regard,
respect,
comparison,
preference,
analogy,
connection,
parallel,
set,
variable,
module,
object,
array,
expression,
agent,
algebra,
experiment,
amplifi,
determine,
select,
generate,
establish,
choose,
assign,
construct,
declare,
compile,
active,
free,
alternative,
conditional,
independent,
i,
algorithm,
setting,
sequence,
subset,
set,
exception,
#,
#,
#,
#,
car,
V8,
#,
box,
lever,
mean,
usage,
meaning,
degree,
variation,
initial,
variant,
year,
dot,
code,
name,
legal,
encode,
write,
convention,
scheme,
contexts,
arrangement,
practice,
small,
add,
zero,
denote,
omit,
reduce,
top,
performance,
senior,
student,
career,
youth,
membership,
club,
championship,
entry,
professional,
design,
profile,
project,
analysis,
research,
center,
Database,
technology,
page,
book,
chapter,
version,
edition,
library,
provide,
give,
contain,
include,
offer,
present,
allow,
show,
describe,
give,
discussion,
lot,
catalogue,
approach,
option,
manage,
compare,
try,
term,
practice,
memory,
#,
#,
side,
#,
#,
#,
#,
#,
#,
path,
#,
make,
send,
submit,
enter,
write,
request,
issue,
initiate,
receive,
online,
official,
email,
appropriate,
entry,
initial,
internet,
internet,
notice,
#,
#,
card,
letter,
sign,
note,
obtain,
prepare,
give,
generate,
publish,
produce,
summary,
picture,
map,
photo,
photograph,
directory,
copy,
catalog,
history,
worker,
employee,
people,
stakeholder,
person,
particular,
potential,
blow,
#,
blow,
#,
#,
park,
vessel,
field,
attribute,
#,
#,
title,
#,
paragraph,
explanation,
cost,
hour,
permit,
fund,
level,
reserve,
require,
responsible,
design,
necessary,
essential,
intend,
important,
mainly,
primarily,
need,
plan,
function,
run,
underground,
content,
display,
download,
view,
publication,
every,
another,
database,
computer,
website,
optional,
dvd,
rom,
sd,
meter,
machinery,
sense,
control,
observation,
atomic,
#,
#,
#,
#,
loop,
wireless,
network,
provision,
capability,
hook,
back,
dial,
start,
bottom,
pick,
lock,
mark,
pop,
look,
radio,
transfer,
center,
acquisition,
#,
link,
connection,
definition,
bound,
limit,
boundary,
study,
member,
study,
age,
scout,
working,
#,
#,
collection,
see,
in,
from,
supplier,
provider,
vendor,
client,
party,
participant,
contractor,
manager,
agent,
consumer,
entity,
group,
party,
individual,
organization,
party,
organisation,
citizen,
whose,
provide,
regard,
offer,
knowledge,
functionality,
product,
benefit,
mobile,
commercial,
virtual,
common,
simple,
manage,
enable,
connect,
operate,
communication,
mechanism,
figure,
diagram,
graph,
table,
figure,
section,
gallery,
module,
able,
perform,
mean,
detect,
select,
monitor,
identify,
load,
retrieve,
track,
update,
import,
view,
analyze,
share,
edit,
restore,
modify,
maintain,
personal,
download,
as,
start,
find,
locate,
and,
thus,
begin,
now,
but,
except,
write,
so,
section,
article,
chapter,
part,
§,
step,
rule,
schedule,
form,
low,
outer,
upper,
low,
inner,
middle,
top,
final,
phase,
level,
stage,
type,
mode,
note,
group,
mission,
task,
system,
cooperation,
relation,
agreement,
contact,
interaction,
integration,
interaction,
conflict,
change,
connection,
army,
military,
combat,
infantry,
artillery,
aa,
reconnaissance,
army,
NATO,
UN,
marine,
controller,
room,
surface,
panel,
command,
panel,
Model,
version,
framework,
category,
simulation,
pricing,
mining,
representation,
historical,
statistical,
log,
rule,
standard,
right,
limitation,
use,
change,
quality,
constraint,
principle,
difference,
restriction,
recommendation,
special,
certain,
material,
various,
combine,
take,
convert,
add,
manipulate,
separate,
integer,
logical,
integer,
real,
analog,
message,
format,
code,
program,
combine,
encode,
separate,
integrate,
repeat,
interpretation,
rest,
manuscript,
essence,
realm,
reason,
matter,
transfer,
management,
selection,
recording,
distribution,
translation,
editing,
recovery,
mining,
transport,
#,
administration,
packet,
laboratory,
cloud,
machine,
archive,
carry,
work,
carry,
spread,
send,
read,
map,
play,
sort,
filter,
check,
carry,
smooth,
print,
edit,
interference,
interfere,
limitation,
conflict,
conflict,
confusion,
focus,
core,
basis,
subject,
emphasis,
aim,
theme,
programme,
include,
network,
industrial,
coal,
mail,
net,
protocol,
package,
offer,
contain,
retain,
possess,
assume,
acquire,
mechanism,
return,
move,
bring,
direct,
migrate,
deliver,
transmit,
raw,
sensitive,
transaction,
content,
material,
medium,
good,
server,
authority,
office,
reverse,
log,
auto,
connectivity,
cache,
termination,
commencement,
initiation,
delivery,
conclusion,
closure,
failure,
begin,
least,
four,
message,
handle,
burst,
duration,
period,
circuit,
interval,
range,
one,
trigger,
call,
hear,
detect,
put,
answer,
sound,
activate,
inventory,
air,
#,
decision,
decision,
policy,
law,
rule,
law,
like,
concern,
involve,
except,
telecommunication,
telephone,
vehicle,
appliance,
implement,
impose,
execute,
do,
manufacture,
principle,
concern,
consideration,
un,
well,
I,
sufficient,
regulate,
organize,
evident,
execute,
coordinate,
regulate,
administer,
situation,
can,
fail,
exist,
stop,
overlap,
must,
travel,
interact,
behave,
execute,
occur,
react,
respond,
communicate,
computer,
memory,
process,
logic,
message,
handle,
xml,
ip,
3d,
ad,
AI,
cw,
er,
stream,
rpg,
momentum,
matrix,
complex,
sculpture,
surface,
layer,
pyramid,
comprise,
use,
involve,
cover,
incorporate,
represent,
span,
specie,
seat,
peak,
track,
village,
family,
color,
reveal,
node,
interface,
node,
terminal,
platform,
idea,
intention,
plan,
intent,
vision,
strategy,
result,
drawing,
block,
finding,
sign,
resource,
guide,
reward,
payment,
substitute,
community,
directly,
economically,
sms,
NFC,
tv,
NAS,
SAT,
be,
cellular,
broadband,
fix,
wireless,
terrestrial,
mobile,
international,
bt,
2012,
2013,
2014,
2015,
2009,
2016,
2017,
2006,
2004,
2005,
2003,
behaviour,
behavior,
jet,
combustion,
shear,
force,
compare,
accord,
relative,
due,
relate,
approximation,
index,
volume,
discuss,
list,
collect,
note,
essay,
paper,
quote,
chapter,
comment,
discussion,
opinion,
commentary,
guidance,
purchase,
executive,
economic,
labor,
labour,
corporate,
social,
direction,
marketing,
product,
topic,
result,
underlie,
participate,
candidate,
medium,
kind,
category,
form,
publish,
adopt,
develop,
standardize,
approve,
create,
recognize,
issue,
signal,
route,
packet,
Protocol,
via,
use,
standard,
product,
technical,
draft,
concept,
strategic,
general,
prepare,
draft,
formulate,
review,
endorse,
collaboration,
cooperation,
parliamentary,
professional,
steering,
consultation,
team,
committee,
delegation,
council,
#,
body,
meet,
representative,
expert,
partner,
specialist,
leader,
staff,
participation,
colleague,
expertise,
ab,
Netherlands,
subsidiary,
association,
representative,
representative,
head,
ambassador,
representative,
partner,
spokesperson,
subsidiary,
spokesman,
market,
industry,
SA,
representation,
shareholder,
Digital,
global,
International,
nordic,
medium,
swedish,
advanced,
open,
five,
basic,
several,
piece,
kind,
sort,
bit,
language,
game,
card,
encryption,
continue,
appear,
tend,
seem,
analyze,
process,
study,
classify,
examine,
verify,
fact,
assumption,
question,
theory,
argument,
idea,
belief,
instruction,
general,
continue,
ease,
aid,
promote,
inspection,
repair,
repair,
training,
supervision,
responsibility,
administration,
actual,
pump,
engine,
blade,
cell,
drive,
maintain,
monitor,
situate,
park,
mount,
distance,
away,
reach,
#,
distant,
view,
enough,
ground,
inability,
tendency,
requirement,
probability,
willingness,
navigation,
transit,
channel,
thread,
relay,
pass,
convey,
route,
origin,
destination,
transmitter,
carrier,
hub,
arrival,
conversion,
voice,
version,
start,
go,
bus,
air,
travel,
fly,
#,
full,
private,
spare,
idle,
save,
save,
unlimited,
#,
#,
#,
free,
play,
watch,
live,
eat,
spend,
talk,
well,
practical,
prefer,
ultimate,
flexibility,
occur,
require,
fault,
defect,
flaw,
fault,
weakness,
bug,
mistake,
defect,
processor,
cpu,
CP,
r,
pc,
cr,
CA,
s,
integrity,
batch,
frequency,
altitude,
elevation,
slope,
conduct,
angle,
point,
sort,
rear,
fact,
sight,
experience,
perspective,
view,
mind,
report,
document,
reflect,
annual,
account,
register,
#,
buffer,
container,
sheet,
slot,
ready,
action,
release,
disposition,
composition,
condition,
status,
sentence,
form,
associate,
orient,
#,
deal,
et,
involve,
relationship,
song,
story,
lyric,
theme,
derive,
mathematical,
theoretical,
graphical,
scientific,
geometric,
computational,
static,
philosophical,
window,
plane,
check,
keep,
remember,
replace,
locate,
count,
clock,
date,
coin,
keep,
regard,
item,
documentation,
name,
number,
title,
date,
rank,
structure,
volume,
text,
name,
code,
series,
index,
zone,
#,
#,
edition,
extension,
television,
analogue,
u,
z,
10,
e,
manager,
headquarter,
meta,
semi,
#,
#,
#,
instrument,
interpret,
understand,
represent,
capture,
describe,
waste,
produce,
respective,
correspond,
root,
visible,
preservation,
only,
protection,
trust,
just,
sense,
assumption,
belief,
understand,
hope,
something,
recover,
retrieve,
preserve,
update,
save,
modify,
destroy,
lose,
alter,
erase,
reconstruct,
delete,
recycle,
copy,
compress,
discard,
transfer,
restore,
return,
correct,
replace,
unavailable,
incomplete,
unnecessary,
redundant,
impossible,
damage,
isolate,
possible,
difficult,
irrelevant,
extent,
degree,
dimension,
primary,
speed,
regime,
feed,
own,
govern,
supervise,
support,
conductor,
administrator,
engineer,
director,
manager,
supervisor,
reduce,
accommodate,
regulate,
emission,
receive,
transmit,
deliver,
sample,
country,
demand,
opportunity,
budget,
increase,
vary,
coincide,
differ,
decrease,
interfere,
grow,
come,
increase,
increase,
grow,
overall,
total,
capacity,
lifetime,
laser,
modular,
influence,
impact,
dependence,
effect,
responsibility,
role,
role,
position,
global,
supply,
spacecraft,
housing,
proper,
annually,
shipment,
feed,
load,
clarity,
property,
access,
import,
enter,
add,
change,
replace,
affect,
introduce,
alter,
require,
expose,
remove,
copy,
rfc,
contribute,
comply,
bind,
commit,
adapt,
some,
certain,
many,
most,
several,
thus,
already,
previously,
quickly,
easily,
therefore,
often,
still,
however,
choose,
remove,
scan,
avoid,
reveal,
prove,
expose,
protect,
in,
up,
ing,
fi,
tell,
call,
call,
out,
ring,
singer,
end,
solar,
electric,
electricity,
water,
green,
lightning,
land,
smart,
light,
heat,
taylor,
direct,
scenario,
fashion,
chain,
battery,
belt,
continuously,
remotely,
wave,
pipe,
tower,
feed,
bring,
release,
convert,
deliver,
supply,
transport,
transfer,
pour,
put,
discrete,
continuous,
real,
linear,
frame,
space,
Signal,
statistical,
energy,
stream,
period,
#,
#,
rate,
#,
record,
wheel,
weight,
compass,
gear,
armor,
wheel,
gear,
weapon,
sail,
ammunition,
simplicity,
short,
sure,
human,
grant,
list,
range,
number,
group,
each,
set,
hundred,
choice,
collection,
schedule,
schedule,
amount,
average,
variation,
nothing,
interest,
something,
anything,
break,
advance,
equipment,
root,
cool,
heating,
river,
cable,
cause,
induce,
reflect,
trigger,
damage,
disruption,
destruction,
loss,
harm,
erosion,
propagation,
collapse,
flooding,
damage,
radar,
dna,
chemical,
ingredient,
substance,
seed,
mineral,
make,
complete,
accomplish,
voice,
command,
#,
p,
employ,
forward,
program,
no,
congestion,
weight,
Manual,
correction,
stability,
reliability,
clearance,
feedback,
humidity,
cruise,
motion,
check,
prevention,
introduce,
affect,
warn,
disaster,
hazard,
tornado,
reaction,
occur,
start,
moment,
instant,
incident,
step,
result,
happen,
bring,
come,
lead,
occur,
engage,
start,
restart,
discharge,
fire,
ignition,
activation,
evacuation,
whistle,
#,
accident,
noise,
movement,
disturbance,
cause,
produce,
cause,
create,
generate,
make,
immediate,
abrupt,
early,
accidental,
explosion,
land,
trouble,
sound,
raise,
cause,
induce,
he,
she,
everything,
test,
assessment,
predict,
know,
confirm,
infringement,
consequence,
close,
#,
zone,
trial,
#,
stamp,
accompany,
supply,
stamp,
consistent,
calendar,
UTC,
correct,
hour,
day,
#,
0,
1,
5,
12,
11,
#,
#,
#,
#,
library,
cd,
release,
load,
creation,
edit,
print,
read,
compilation,
export,
playback,
modification,
music,
book,
dvd,
photo,
video,
overcome,
solve,
key,
privacy,
compliance,
policy,
utilize,
departure,
velocity,
expect,
happen,
claim,
word,
minute,
brain,
limit,
image,
file,
content,
speak,
#,
their,
#,
focus,
concentrate,
translation,
spectral,
newly,
carefully,
scan,
filter,
quality,
strength,
amplitude,
separation,
sample,
distortion,
exposure,
growth,
pulse,
contribution,
front,
reference,
property,
character,
fragment,
categorize,
group,
model,
depend,
together,
anywhere,
loosely,
depend,
base,
relation,
relationship,
correspondence,
comparison,
similarity,
similarity,
register,
_,
column,
row,
liaison,
communicating,
dialogue,
interchange,
coordinate,
technician,
rescue,
crew,
team,
department,
crew,
reactor,
#,
dispatch,
desk,
similar,
limit,
successor,
link,
unrelated,
convert,
upgrade,
dedicate,
precursor,
couple,
extend,
centralize,
compute,
board,
location,
example,
label,
estimate,
#,
#,
alone,
intensive,
#,
directional,
autonomous,
score,
road,
rating,
vote,
address,
regulation,
iso,
shape,
complexity,
steel,
oil,
sugar,
food,
iron,
milk,
rice,
ethanol,
wheat,
wine,
grain,
aluminum,
produce,
#,
curve,
phenomenon,
universe,
characterize,
cardinal,
equation,
chart,
design,
develop,
define,
manage,
assess,
evaluate,
study,
construct,
establish,
create,
garden,
take,
take,
take,
bring,
bear,
take,
hold,
care,
hand,
heart,
atmosphere,
fluid,
disposal,
spectrum,
variation,
diversity,
range,
nutrient,
temperature,
oxygen,
moisture,
pH,
depth,
precipitation,
rainfall,
stress,
ventilation,
pressure,
vibration,
sound,
nitrogen,
outline,
define,
useful,
feasible,
proposal,
amendment,
lead,
agree,
stick,
appeal,
consist,
consist,
consist,
consist,
compose,
coverage,
back,
scale,
straight,
tune,
phone,
halt,
jump,
strike,
begin,
stop,
exit,
stall,
rotation,
starter,
#,
drive,
interrupt,
switch,
pause,
#,
#,
speech,
language,
voice,
video,
english,
word,
communication,
translate,
convey,
evidence,
verbal,
oral,
speech,
print,
visual,
conversation,
conversation,
exchange,
interview,
cue,
multimedia,
calculation,
observation,
experiment,
study,
make,
render,
let,
make,
render,
prove,
calculate,
determine,
adjust,
turn,
band,
send,
coordinate,
deliver,
connect,
upgrade,
go,
include,
arithmetic,
calculation,
counter,
nominal,
estimate,
quantity,
accurately,
amount,
display,
warning,
intelligence,
raise,
deploy,
fire,
configuration,
#,
#,
#,
test,
FALSE,
driver,
circuit,
attacker,
caller,
receive,
hold,
get,
return,
possess,
turn,
mark,
en,
de,
continue,
change,
night,
broadcast,
stage,
negotiation,
authorization,
declaration,
subscription,
registration,
purchase,
advertising,
fee,
genome,
#,
stock,
undertake,
scan,
station,
report,
deposit,
pole,
master,
stream,
fly,
radiate,
cut,
pass,
poll,
antenna,
info,
broadcast,
feed,
stream,
minimize,
eliminate,
remove,
alleviate,
corruption,
fraud,
gap,
#,
arrange,
ask,
pay,
wait,
compensate,
#,
#,
#,
#,
#,
#,
#,
#,
#,
#,
neural,
transaction,
take,
hold,
precedence,
structure,
six,
seven,
eight,
nine,
ten,
segment,
layer,
domain,
property,
money,
product,
extract,
manipulate,
thank,
solely,
fundamental,
door,
portal,
library,
question,
expectation,
hope,
opinion,
gain,
collect,
gather,
extract,
start,
hand,
advice,
submit,
fit,
attach,
sign,
reach,
#,
suit,
mill,
#,
finance,
commission,
lease,
rent,
run,
firm,
business,
enterprise,
specialize,
engage,
specialize,
interested,
specialise,
invest,
specialise,
deal,
invest,
engage,
bell,
#,
light,
request,
cell,
gauge,
campus,
military,
joint,
field,
tape,
#,
footage,
#,
#,
chat,
enhance,
demonstrate,
highlight,
encourage,
explain,
inter,
existence,
occurrence,
commander,
officer,
hospital,
commander,
medical,
reception,
shield,
preserve,
defend,
prohibit,
guard,
protect,
protect,
steal,
distort,
leak,
compromise,
exploit,
intercept,
capture,
abuse,
expose,
suppress,
exclude,
exempt,
hide,
conceal,
interception,
threaten,
advance,
compromise,
effectiveness,
continuity,
validity,
authenticity,
secrecy,
#,
#,
#,
#,
rank,
match,
penalty,
break,
season,
festival,
race,
year,
tournament,
competition,
episode,
week,
weekend,
election,
confuse,
contrast,
merge,
pair,
mixed,
work,
sound,
we,
People,
someone,
user,
you,
team,
engineer,
establish,
organize,
integrate,
extend,
transform,
expand,
major,
principal,
may,
phase,
gather,
collect,
store,
preservation,
exclusion,
filter,
address,
consider,
treat,
minimum,
figure,
problem,
issue,
question,
culture,
mode,
\,
min,
shift,
merge,
evolve,
move,
increase,
integrate,
wind,
trend,
rise,
breeze,
tide,
gear,
mw,
flow,
wave,
digit,
suitable,
helpful,
recommend,
vacuum,
guide,
imply,
indicate,
assume,
suggest,
guarantee,
demonstrate,
prove,
control,
ill,
outside,
application,
introduction,
factory,
ship,
climate,
environmental,
carbon,
weather,
flow,
reduction,
#,
tidal,
undertake,
exercise,
programme,
prescribe,
plan,
convention,
committee,
declaration,
define,
specify,
introduce,
allocation,
stationary,
market,
environment,
dairy,
goal,
knowledge,
tree,
stop,
between,
connect,
link,
source,
mass,
commodity,
optical,
animal,
sell,
license,
contract,
charter,
affiliate,
belong,
award,
adjacent,
airport,
IBM,
Atlantic,
elevate,
ATP,
FM,
justification,
license,
licence,
applicable,
comparable,
pertain,
identical,
unique,
enforce,
board,
authority,
ltd,
shall,
ought,
appear,
code,
handle,
report,
an,
physical,
historical,
high,
low,
motive,
alternate,
consumption,
kw,
car,
literature,
illustration,
abstract,
architectural,
evolutionary,
algebraic,
unusual,
interesting,
find,
use,
keep,
gather,
get,
write,
make,
have,
price,
load,
weight,
sail,
bank,
send,
give,
place,
direction,
communicate,
with,
besides,
by,
through,
after,
since,
during,
without,
on,
despite,
logistic,
economy,
population,
difficulty,
trend,
challenge,
generation,
initiative,
shift,
enable,
arbitrary,
easy,
option,
instruction,
comment,
click,
without,
press,
official,
safe,
store,
home,
hospital,
permanent,
recognition,
expansion,
episode,
specimen,
photograph,
manuscript,
within,
composite,
tissue,
#,
always,
depend,
depend,
depend,
contingent,
condition,
rely,
concentration,
strain,
maintenance,
development,
lab,
rule,
balance,
excessive,
explicit,
strict,
partition,
mapping,
#,
#,
utility,
administer,
upgrade,
prepare,
discuss,
consider,
publish,
issue,
propose,
state,
present,
terminology,
sale,
manufacture,
loan,
packaging,
sale,
bid,
contract,
submission,
contract,
approval,
award,
auction,
license,
tender,
duty,
discretion,
job,
right,
custom,
obligation,
author,
entity,
architect,
applicant,
employee,
investor,
advocate,
employer,
corporation,
agency,
contractor,
union,
propose,
decide,
detail,
brief,
whether,
portion,
meet,
#,
magnitude,
equip,
concern,
compatible,
satisfy,
expectation,
charge,
metal,
owe,
accordance,
volume,
part,
note,
source,
page,
minute,
album,
game,
good,
music,
show,
world,
year,
hierarchy,
good,
day,
second,
variance,
sum,
ratio,
height,
train,
#,
tier,
plant,
island,
specie,
site,
material,
museum,
animal,
feature,
fishery,
bird,
company,
conflict,
expression,
jurisdiction,
engagement,
membership,
emergency,
fire,
warning,
search,
call,
incident,
disaster,
safety,
action,
attack,
event,
log,
investigation,
freight,
bulk,
cargo,
liquid,
garbage,
extensive,
name,
#,
#,
specifically,
especially,
resistant,
climb,
#,
manually,
hard,
simultaneously,
rubber,
permanently,
forward,
would,
suggestion,
assistance,
fulfil,
suit,
satisfy,
planning,
clean,
break,
wrap,
default,
collection,
#,
recover,
fetch,
generic,
label,
vector,
key,
arise,
derive,
stem,
originate,
stray,
originate,
original,
normal,
improvement,
establishment,
institution,
agency,
club,
ensure,
facilitate,
escape,
substitution,
answer,
necessity,
incentive,
consume,
distribute,
torque,
thrust,
file,
image,
resource,
#,
temporary,
#,
#,
#,
instead,
instrumentation,
diagnosis,
fix,
difficulty,
ensure,
maintain,
effective,
improve,
rapid,
perform,
readiness,
compatibility,
improve,
operation,
operational,
encompasse,
constitute,
governance,
optimization,
distinguish,
differentiate,
#,
#,
#,
#,
#,
#,
#,
#,
#,
#,
#,
methodology,
town,
visitor,
conference,
regional,
contain,
script,
Kaplan,
arc,
screw,
truck,
wire,
join,
wavelength,
differential,
topology,
broadly,
roughly,
formally,
efficiently,
fully,
visually,
effectively,
physically,
weight,
grade,
size,
fill,
shape,
symmetric,
player,
artist,
participant,
performance,
city,
performer,
researcher,
student,
researcher,
analyst,
want,
get,
want,
assess,
learn,
evaluate,
rely,
concentrate,
incoming,
prediction,
graph,
estimate,
score,
survey,
scale,
census,
demographic,
#,
statement,
analysis,
rating,
derivative,
move,
household,
human,
notable,
convenient,
represent,
explain,
express,
display,
demonstrate,
apparatus,
organise,
arrange,
much,
v,
quasi,
micro,
super,
counter,
pseudo,
deal,
combine,
surround,
communal,
rational,
#,
state,
butterfly,
plant,
cooperative,
community,
food,
bird,
dog,
Sugar,
post,
station,
nearby,
both,
film,
recording,
retain,
length,
gap,
camera,
signal,
long,
begin,
begin,
begin,
open,
beginning,
originate,
minute,
metre,
second,
mile,
stimulus,
flash,
button,
end,
finish,
terminate,
conclude,
closing,
end,
return,
culminate,
complete,
month,
repeat,
boiler,
farm,
agriculture,
explore,
concrete,
region,
class,
author,
creator,
designer,
advocate,
editor,
supporter,
reader,
argue,
believe,
say,
suggest,
assert,
argue,
acknowledge,
adequate,
insufficient,
apply,
here,
which,
death,
#,
presentation,
editor,
electrical,
diesel,
early,
conclusion,
alternative,
explanation,
candidate,
cite,
revise,
refine,
confirm,
expand,
subsequently,
clearly,
explicitly,
later,
generally,
partially,
finally,
ultimately,
#,
#,
reference,
ieee,
cater,
qualify,
architecture,
optimal,
portion,
reserve,
flood,
horizon,
page,
python,
basic,
primary,
simple,
mathematical,
price,
#,
#,
margin,
impulse,
certificate,
break,
miss,
#,
incidence,
coefficient,
#,
pad,
tree,
observe,
trace,
distinguish,
disease,
symptom,
disease,
examine,
presence,
severity,