provide,TRUE
support,TRUE
standard,FALSE
datum,FALSE
network,TRUE
node,FALSE
grid,TRUE
bus,FALSE
interface,FALSE
core,TRUE
diagram,TRUE
model,FALSE
map,TRUE
system,TRUE
list,TRUE
information,TRUE
node,TRUE
protocol,TRUE
network,TRUE
cable,TRUE
connection,TRUE
component,TRUE
switch,TRUE
layer,FALSE
device,FALSE
server,TRUE
interface,TRUE
line,TRUE
link,FALSE
processor,TRUE
service,TRUE
wire,FALSE
rack,TRUE
station,TRUE
module,FALSE
loop,FALSE
lane,TRUE
tunnel,TRUE
track,TRUE
available,TRUE
use,TRUE
exist,TRUE
connect,TRUE
allow,TRUE
require,TRUE
refer,TRUE
access,TRUE
refer,TRUE
link,FALSE
access,TRUE
accord,TRUE
accord,TRUE
relate,TRUE
guide,TRUE
add,TRUE
change,TRUE
update,TRUE
response,TRUE
report,TRUE
',TRUE
ability,TRUE
capability,TRUE
tool,TRUE
software,TRUE
option,TRUE
mean,TRUE
equipment,TRUE
capacity,TRUE
capability,TRUE
option,TRUE
hardware,FALSE
technology,FALSE
mechanism,FALSE
tool,FALSE
accelerate,FALSE
enable,FALSE
allow,FALSE
provide,FALSE
facilitate,FALSE
manage,FALSE
support,FALSE
ensure,TRUE
guarantee,TRUE
perform,TRUE
improve,TRUE
prevent,TRUE
handle,TRUE
achieve,TRUE
speed,TRUE
recovery,TRUE
rescue,FALSE
repair,TRUE
protection,FALSE
repair,TRUE
save,TRUE
recovery,TRUE
relief,TRUE
removal,TRUE
escape,TRUE
restoration,TRUE
free,TRUE
salvage,TRUE
salvation,TRUE
rehabilitation,TRUE
damage,TRUE
crash,TRUE
remote,TRUE
unwanted,TRUE
embed,TRUE
fix,TRUE
break,TRUE
dead,TRUE
unreliable,FALSE
discard,TRUE
old,FALSE
expensive,TRUE
infect,TRUE
static,FALSE
weak,FALSE
wire,FALSE
lock,TRUE
start,TRUE
end,TRUE
spot,TRUE
run,TRUE
run,TRUE
hot,TRUE
button,TRUE
terminate,TRUE
cold,TRUE
couple,FALSE
line,TRUE
storage,TRUE
backup,TRUE
device,TRUE
redundant,TRUE
failure,FALSE
memory,TRUE
failure,FALSE
chip,TRUE
resource,TRUE
upgrade,TRUE
error,TRUE
problem,TRUE
integrate,TRUE
build,TRUE
incorporate,TRUE
load,TRUE
add,TRUE
program,TRUE
instal,TRUE
insert,TRUE
introduce,TRUE
enter,TRUE
feed,TRUE
include,FALSE
download,TRUE
implement,FALSE
import,TRUE
service,FALSE
case,FALSE
game,TRUE
application,TRUE
the,FALSE
different,FALSE
but,FALSE
their,FALSE
thus,TRUE
our,FALSE
what,TRUE
therefore,TRUE
all,TRUE
different,TRUE
hence,TRUE
both,TRUE
these,TRUE
individual,TRUE
expectation,TRUE
need,TRUE
attitude,TRUE
opinion,TRUE
preference,TRUE
view,FALSE
knowledge,FALSE
wish,FALSE
experience,FALSE
ability,FALSE
requirement,FALSE
value,TRUE
skill,FALSE
desire,FALSE
experience,FALSE
benefit,TRUE
demand,FALSE
request,FALSE
feedback,FALSE
behavior,FALSE
user,TRUE
user,FALSE
community,FALSE
website,TRUE
site,FALSE
audience,TRUE
company,TRUE
app,FALSE
public,TRUE
customer,TRUE
world,FALSE
industry,TRUE
developer,FALSE
organization,FALSE
operate,FALSE
operate,FALSE
enterprise,TRUE
software,TRUE
Linux,TRUE
support,TRUE
it,TRUE
integrate,TRUE
open,TRUE
Unix,TRUE
current,TRUE
Microsoft,TRUE
information,TRUE
management,TRUE
a,TRUE
operation,TRUE
system,TRUE
system,FALSE
system,FALSE
environment,TRUE
simulation,FALSE
computer,FALSE
design,TRUE
vehicle,FALSE
board,TRUE
specification,TRUE
version,TRUE
product,TRUE
package,TRUE
driver,TRUE
application,TRUE
standard,TRUE
source,TRUE
sufficient,FALSE
adequate,TRUE
write,TRUE
enough,TRUE
full,FALSE
native,FALSE
code,FALSE
code,TRUE
material,FALSE
material,TRUE
file,TRUE
space,TRUE
#,TRUE
card,TRUE
documentation,FALSE
board,TRUE
provide,TRUE
supply,TRUE
equip,TRUE
compatible,TRUE
ship,TRUE
develop,TRUE
deliver,TRUE
complete,TRUE
design,FALSE
technical,FALSE
development,FALSE
financial,TRUE
time,FALSE
quality,TRUE
security,TRUE
marketing,FALSE
product,FALSE
commercial,FALSE
license,TRUE
maintenance,TRUE
testing,TRUE
diagnostic,TRUE
performance,TRUE
test,TRUE
monitor,TRUE
analysis,TRUE
evaluation,TRUE
safety,TRUE
assistance,TRUE
e,TRUE
Non,TRUE
c,TRUE
sub,TRUE
x,FALSE
#,FALSE
controller,FALSE
terminal,FALSE
sensor,FALSE
element,FALSE
operator,FALSE
receiver,FALSE
agent,FALSE
computer,FALSE
deploy,FALSE
place,TRUE
activate,FALSE
maintain,FALSE
locate,TRUE
operate,TRUE
position,TRUE
protect,TRUE
power,TRUE
compliance,TRUE
#,TRUE
implementation,TRUE
level,TRUE
layer,TRUE
point,TRUE
level,TRUE
point,TRUE
area,TRUE
frequency,TRUE
location,TRUE
protect,TRUE
shield,FALSE
secure,TRUE
defend,TRUE
protect,TRUE
guard,TRUE
block,TRUE
buffer,TRUE
keep,TRUE
save,TRUE
protect,TRUE
traffic,TRUE
interference,TRUE
communication,FALSE
transaction,FALSE
communication,FALSE
use,FALSE
route,FALSE
attack,FALSE
block,FALSE
interception,FALSE
internet,FALSE
local,FALSE
internal,FALSE
internet,FALSE
incoming,TRUE
ip,TRUE
route,TRUE
electronic,TRUE
domain,TRUE
complex,TRUE
sensitive,TRUE
specific,TRUE
highly,TRUE
detail,TRUE
common,TRUE
important,TRUE
feature,TRUE
#,TRUE
nature,TRUE
function,FALSE
characteristic,TRUE
architecture,TRUE
#,TRUE
functionality,TRUE
structure,TRUE
rule,TRUE
behavior,FALSE
limitation,TRUE
complexity,TRUE
action,TRUE
property,TRUE
decision,TRUE
risk,TRUE
measure,FALSE
measurement,TRUE
care,TRUE
step,FALSE
path,FALSE
risk,FALSE
priority,FALSE
action,FALSE
route,FALSE
perform,FALSE
take,FALSE
initiate,FALSE
do,FALSE
execute,FALSE
make,FALSE
trigger,FALSE
direct,FALSE
give,FALSE
undertake,FALSE
assume,FALSE
cause,TRUE
release,FALSE
mechanism,TRUE
program,TRUE
controller,FALSE
control,TRUE
disk,TRUE
drive,TRUE
disk,TRUE
drive,TRUE
#,TRUE
copy,TRUE
work,FALSE
copy,FALSE
#,FALSE
press,FALSE
surface,FALSE
patch,FALSE
compute,FALSE
limit,FALSE
review,FALSE
part,FALSE
text,FALSE
name,FALSE
author,FALSE
result,FALSE
process,TRUE
application,FALSE
analysis,FALSE
source,TRUE
method,TRUE
use,TRUE
form,TRUE
end,TRUE
book,TRUE
press,TRUE
article,TRUE
journal,TRUE
series,FALSE
paper,TRUE
Journal,FALSE
text,TRUE
novel,TRUE
review,TRUE
magazine,TRUE
and,TRUE
for,TRUE
also,TRUE
additionally,TRUE
finally,TRUE
first,TRUE
furthermore,TRUE
three,TRUE
possible,TRUE
major,FALSE
operational,TRUE
know,TRUE
critical,FALSE
active,TRUE
four,TRUE
affect,TRUE
process,TRUE
impact,FALSE
dependence,TRUE
reliance,TRUE
restriction,TRUE
effect,TRUE
constraint,TRUE
limitation,TRUE
effect,TRUE
strain,TRUE
effort,TRUE
limit,TRUE
expenditure,TRUE
restriction,FALSE
process,TRUE
business,TRUE
processing,TRUE
manufacture,TRUE
human,FALSE
program,FALSE
processor,TRUE
correct,FALSE
repair,FALSE
resolve,TRUE
solve,FALSE
detect,TRUE
address,FALSE
restore,FALSE
manage,TRUE
replace,TRUE
accomplish,FALSE
recover,FALSE
intervention,TRUE
input,TRUE
signal,TRUE
contact,TRUE
interaction,TRUE
activity,TRUE
input,FALSE
force,TRUE
essential,TRUE
recommend,TRUE
necessary,FALSE
vital,TRUE
crucial,TRUE
desirable,TRUE
expect,TRUE
propose,TRUE
mandatory,FALSE
must,TRUE
unit,FALSE
site,TRUE
would,FALSE
contain,TRUE
receive,TRUE
carry,TRUE
retain,TRUE
include,TRUE
maintain,TRUE
share,TRUE
display,TRUE
require,FALSE
transmit,FALSE
deliver,FALSE
status,FALSE
reliability,FALSE
configuration,FALSE
connection,FALSE
integrity,FALSE
condition,FALSE
coverage,FALSE
#,TRUE
readiness,TRUE
problem,TRUE
error,TRUE
fault,TRUE
fault,TRUE
#,TRUE
issue,TRUE
#,TRUE
damage,TRUE
issue,TRUE
loss,TRUE
spot,TRUE
mode,TRUE
component,TRUE
channel,TRUE
unit,TRUE
circuit,TRUE
sector,TRUE
channel,TRUE
prevent,TRUE
avoid,FALSE
remove,TRUE
cure,TRUE
treat,TRUE
overcome,TRUE
identify,TRUE
send,TRUE
provide,TRUE
transmit,TRUE
make,TRUE
pass,FALSE
deliver,TRUE
conduct,TRUE
add,TRUE
direct,TRUE
return,TRUE
connect,TRUE
perform,FALSE
transfer,TRUE
back,TRUE
learn,TRUE
benefit,FALSE
help,TRUE
choose,TRUE
away,TRUE
switch,TRUE
accident,FALSE
injury,TRUE
disease,TRUE
injury,TRUE
crash,TRUE
mechanical,TRUE
cost,TRUE
file,TRUE
external,TRUE
server,FALSE
resource,TRUE
integration,TRUE
concern,TRUE
ground,TRUE
future,FALSE
base,TRUE
normal,FALSE
command,TRUE
trial,FALSE
correction,FALSE
truth,TRUE
success,FALSE
confirm,FALSE
detection,FALSE
command,TRUE
gain,TRUE
null,TRUE
question,TRUE
signal,TRUE
alarm,TRUE
confusion,TRUE
order,TRUE
warn,TRUE
position,FALSE
emergency,FALSE
alert,FALSE
message,FALSE
message,FALSE
report,FALSE
send,FALSE
transmit,FALSE
receive,FALSE
pass,FALSE
route,TRUE
issue,FALSE
distribute,TRUE
obtain,TRUE
method,TRUE
way,FALSE
protocol,FALSE
principle,FALSE
medium,TRUE
technique,FALSE
machine,FALSE
robot,FALSE
engine,TRUE
terminal,TRUE
station,TRUE
create,TRUE
store,TRUE
control,TRUE
generate,TRUE
read,TRUE
assemble,TRUE
define,TRUE
produce,TRUE
process,TRUE
test,TRUE
modify,TRUE
monitor,TRUE
access,FALSE
service,FALSE
advantage,TRUE
challenge,TRUE
aspect,TRUE
goal,TRUE
strength,TRUE
criticism,FALSE
concern,TRUE
approach,TRUE
solution,TRUE
feature,TRUE
simplicity,TRUE
compatibility,TRUE
independence,TRUE
convenience,TRUE
flexibility,FALSE
ease,TRUE
stability,TRUE
retention,FALSE
lack,FALSE
regardless,TRUE
independent,TRUE
degree,TRUE
absence,TRUE
assurance,TRUE
proof,FALSE
operation,FALSE
deployment,TRUE
usage,TRUE
assembly,TRUE
installation,TRUE
construction,FALSE
efficiency,FALSE
accuracy,TRUE
precision,TRUE
transparency,TRUE
underlie,TRUE
entire,FALSE
group,FALSE
function,TRUE
start,TRUE
end,FALSE
begin,FALSE
back,TRUE
after,FALSE
right,TRUE
next,TRUE
day,TRUE
start,TRUE
door,TRUE
last,TRUE
word,TRUE
Mid,TRUE
2011,TRUE
2017,TRUE
2012,TRUE
2013,TRUE
2014,FALSE
2015,TRUE
2008,TRUE
2016,TRUE
pdf,TRUE
2009,TRUE
2010,TRUE
2007,TRUE
2006,TRUE
2003,TRUE
2018,TRUE
addition,TRUE
attempt,TRUE
place,TRUE
attempt,TRUE
#,TRUE
attempt,TRUE
effort,TRUE
order,TRUE
hope,FALSE
order,TRUE
try,FALSE
help,FALSE
need,FALSE
verify,FALSE
preserve,FALSE
avoid,TRUE
monitor,TRUE
cover,TRUE
check,TRUE
register,TRUE
visit,TRUE
call,TRUE
update,TRUE
visitor,TRUE
threat,TRUE
event,TRUE
improvement,TRUE
database,FALSE
web,TRUE
way,FALSE
time,TRUE
activity,TRUE
enter,TRUE
audit,FALSE
open,FALSE
activate,FALSE
upgrade,TRUE
reach,FALSE
breach,TRUE
restart,TRUE
install,FALSE
block,TRUE
check,TRUE
close,TRUE
consider,TRUE
complete,TRUE
destroy,TRUE
record,TRUE
service,FALSE
research,TRUE
radio,FALSE
memory,TRUE
datum,FALSE
control,FALSE
automatic,TRUE
virtual,FALSE
an,TRUE
internal,FALSE
computer,TRUE
external,TRUE
direct,TRUE
management,TRUE
control,TRUE
manager,FALSE
Controller,FALSE
handle,FALSE
hold,FALSE
write,FALSE
trace,FALSE
send,TRUE
turn,FALSE
play,FALSE
bring,FALSE
set,FALSE
call,FALSE
store,TRUE
roll,TRUE
take,TRUE
content,FALSE
name,TRUE
address,TRUE
address,FALSE
output,TRUE
result,TRUE
register,FALSE
state,FALSE
instruction,FALSE
address,TRUE
logic,FALSE
instruction,TRUE
list,TRUE
facility,TRUE
transfer,TRUE
collection,TRUE
integration,TRUE
maintenance,TRUE
instead,FALSE
distribution,FALSE
creation,TRUE
development,TRUE
receiver,TRUE
administrator,TRUE
operator,TRUE
project,TRUE
client,TRUE
continue,TRUE
delay,TRUE
stop,TRUE
resume,TRUE
halt,TRUE
cease,FALSE
resist,FALSE
execution,FALSE
transmission,FALSE
record,FALSE
log,FALSE
relevant,FALSE
subsequent,FALSE
current,FALSE
new,FALSE
variable,TRUE
parameter,TRUE
event,TRUE
scheduling,TRUE
record,TRUE
document,FALSE
detail,TRUE
statement,TRUE
supply,TRUE
set,FALSE
range,TRUE
balance,FALSE
collection,FALSE
availability,FALSE
rest,TRUE
majority,FALSE
number,TRUE
satisfy,FALSE
clear,TRUE
exhaust,TRUE
reach,TRUE
reduce,TRUE
change,TRUE
fill,FALSE
meet,TRUE
establish,TRUE
enable,TRUE
lose,TRUE
eliminate,FALSE
transport,TRUE
path,TRUE
switch,TRUE
method,TRUE
mode,TRUE
port,TRUE
cable,TRUE
well,TRUE
follow,TRUE
design,TRUE
extension,TRUE
photography,TRUE
draw,TRUE
original,TRUE
also,TRUE
often,TRUE
therefore,TRUE
still,TRUE
typically,TRUE
version,TRUE
usually,TRUE
generally,TRUE
allow,TRUE
require,TRUE
offer,TRUE
maintain,FALSE
enable,TRUE
give,TRUE
use,TRUE
ensure,TRUE
prefer,FALSE
modification,FALSE
connectivity,FALSE
entry,TRUE
console,TRUE
keyboard,TRUE
task,TRUE
programming,FALSE
optimization,TRUE
automation,TRUE
conduct,TRUE
handle,FALSE
carry,FALSE
achieve,TRUE
transfer,TRUE
move,FALSE
cpu,TRUE
desktop,TRUE
volume,FALSE
resolution,TRUE
tech,TRUE
compact,TRUE
lightweight,TRUE
modular,TRUE
digital,FALSE
portable,TRUE
general,TRUE
small,TRUE
capable,TRUE
3d,TRUE
rugge,TRUE
special,TRUE
general,TRUE
primary,TRUE
two,TRUE
purpose,TRUE
duty,TRUE
layout,TRUE
assignment,FALSE
reference,TRUE
language,TRUE
module,TRUE
container,FALSE
facility,FALSE
pc,FALSE
object,FALSE
package,FALSE
implement,FALSE
support,FALSE
carry,FALSE
use,FALSE
execute,FALSE
control,FALSE
hold,TRUE
utilize,TRUE
maintain,TRUE
manage,TRUE
#,FALSE
#,FALSE
ii,FALSE
#,FALSE
cycle,FALSE
table,TRUE
platform,FALSE
potential,FALSE
possibility,TRUE
opportunity,TRUE
provision,TRUE
generate,TRUE
detect,TRUE
accept,FALSE
communicate,FALSE
variety,TRUE
amount,TRUE
array,FALSE
quantity,FALSE
portion,TRUE
selection,TRUE
proportion,FALSE
percentage,FALSE
fraction,TRUE
electrical,TRUE
#,FALSE
item,TRUE
interrupt,TRUE
key,FALSE
clock,TRUE
voice,TRUE
heat,FALSE
noise,TRUE
temperature,FALSE
voltage,TRUE
ram,FALSE
weight,TRUE
physical,TRUE
antenna,TRUE
one,FALSE
either,TRUE
directly,TRUE
single,TRUE
tightly,TRUE
permanently,TRUE
another,TRUE
always,TRUE
#,TRUE
type,FALSE
via,FALSE
per,FALSE
twist,FALSE
gate,FALSE
conductor,TRUE
mixed,TRUE
wire,FALSE
junction,TRUE
multiple,TRUE
cross,TRUE
pair,TRUE
pair,TRUE
coil,TRUE
double,TRUE
together,TRUE
metal,TRUE
fiber,FALSE
form,TRUE
factor,TRUE
part,TRUE
consideration,TRUE
solution,TRUE
suitable,TRUE
need,FALSE
appropriate,FALSE
utilize,FALSE
choose,FALSE
specify,TRUE
isolation,TRUE
rf,FALSE
electromagnetic,FALSE
thermal,FALSE
field,FALSE
radio,FALSE
#,FALSE
clearance,FALSE
resistance,TRUE
disturbance,TRUE
motion,TRUE
stress,TRUE
surface,TRUE
environmental,FALSE
boundary,FALSE
distance,FALSE
engineering,TRUE
reason,TRUE
term,TRUE
#,FALSE
distance,TRUE
duration,FALSE
circuit,TRUE
wavelength,TRUE
endurance,TRUE
owner,TRUE
administrator,TRUE
agency,FALSE
player,TRUE
contractor,FALSE
entity,TRUE
employer,TRUE
authority,TRUE
right,TRUE
discretion,TRUE
jurisdiction,FALSE
power,FALSE
responsibility,FALSE
right,FALSE
permission,FALSE
privilege,FALSE
remove,FALSE
exclude,FALSE
separate,FALSE
withdraw,FALSE
dismiss,FALSE
extract,FALSE
release,FALSE
transfer,FALSE
select,FALSE
direct,FALSE
eliminate,TRUE
ban,TRUE
identify,TRUE
person,FALSE
name,FALSE
child,FALSE
member,TRUE
bug,FALSE
page,TRUE
virus,TRUE
student,TRUE
account,TRUE
victim,TRUE
suspect,TRUE
target,FALSE
body,TRUE
candidate,TRUE
party,TRUE
driver,TRUE
couple,FALSE
patient,FALSE
find,TRUE
trust,TRUE
contact,TRUE
register,TRUE
save,FALSE
pay,FALSE
see,FALSE
select,FALSE
grant,FALSE
deny,FALSE
able,FALSE
permit,FALSE
afford,FALSE
show,FALSE
guarantee,FALSE
offer,TRUE
assign,TRUE
award,TRUE
it,FALSE
they,TRUE
this,TRUE
book,TRUE
poem,TRUE
he,FALSE
article,TRUE
word,FALSE
construct,FALSE
compose,TRUE
manner,TRUE
format,FALSE
style,TRUE
script,TRUE
font,FALSE
dialect,FALSE
language,FALSE
employ,FALSE
include,FALSE
incorporate,FALSE
employ,FALSE
employ,TRUE
adopt,TRUE
follow,TRUE
technique,TRUE
technology,TRUE
algorithm,TRUE
principle,FALSE
convention,FALSE
extension,TRUE
make,TRUE
aim,TRUE
compensate,TRUE
correct,TRUE
serve,TRUE
count,TRUE
stand,TRUE
edit,TRUE
read,TRUE
reasonable,TRUE
succeed,TRUE
check,TRUE
check,TRUE
set,TRUE
where,TRUE
to,TRUE
until,TRUE
more,FALSE
include,FALSE
additional,FALSE
similar,FALSE
associate,TRUE
kit,TRUE
see,TRUE
see,TRUE
compare,FALSE
state,FALSE
statistical,TRUE
statistical,TRUE
insurance,TRUE
#,FALSE
#,TRUE
#,TRUE
#,TRUE
part,TRUE
#,TRUE
#,TRUE
rate,TRUE
count,TRUE
coefficient,TRUE
rate,FALSE
coefficient,FALSE
ratio,FALSE
table,FALSE
statistic,FALSE
auto,FALSE
sample,TRUE
item,TRUE
cell,TRUE
log,TRUE
indicator,TRUE
effectiveness,TRUE
objective,TRUE
mission,TRUE
attain,TRUE
establish,TRUE
create,TRUE
meet,TRUE
sustain,FALSE
assure,TRUE
productivity,TRUE
speed,TRUE
identification,FALSE
replacement,TRUE
diagnosis,TRUE
recognition,TRUE
insertion,TRUE
discovery,TRUE
treatment,FALSE
elimination,TRUE
report,FALSE
track,TRUE
defect,TRUE
flaw,TRUE
bug,TRUE
weakness,TRUE
crack,TRUE
mistake,FALSE
gap,FALSE
electronic,FALSE
such,TRUE
its,FALSE
each,TRUE
that,TRUE
any,TRUE
every,FALSE
apply,FALSE
structure,TRUE
organize,FALSE
language,FALSE
environment,TRUE
anything,TRUE
database,TRUE
network,TRUE
administration,TRUE
encryption,TRUE
o,TRUE
d,TRUE
t,FALSE
p,FALSE
m,TRUE
v,TRUE
u,TRUE
r,TRUE
n,TRUE
exception,TRUE
goal,FALSE
aid,FALSE
advantage,TRUE
creation,FALSE
generation,FALSE
compilation,TRUE
modification,FALSE
distribution,TRUE
translation,TRUE
type,TRUE
relationship,TRUE
interchange,TRUE
minimum,TRUE
maximum,FALSE
maximum,TRUE
upwards,TRUE
bit,TRUE
bandwidth,TRUE
penetration,TRUE
member,TRUE
employee,TRUE
branch,TRUE
participant,FALSE
stakeholder,TRUE
customer,FALSE
administrator,TRUE
member,TRUE
portal,FALSE
operate,TRUE
report,TRUE
comply,FALSE
apply,TRUE
participate,FALSE
begin,FALSE
proceed,FALSE
without,TRUE
upon,FALSE
sort,FALSE
kind,TRUE
form,TRUE
measure,TRUE
search,TRUE
objective,TRUE
follow,FALSE
follow,FALSE
follow,FALSE
step,FALSE
strategy,FALSE
change,FALSE
requirement,TRUE
permit,TRUE
expect,FALSE
force,TRUE
encourage,FALSE
electric,TRUE
nuclear,TRUE
solar,TRUE
central,TRUE
AC,TRUE
flow,TRUE
allocation,TRUE
consumption,TRUE
measurement,TRUE
inspection,TRUE
occur,TRUE
fail,TRUE
happen,TRUE
terminate,TRUE
intervene,FALSE
assist,TRUE
context,FALSE
framework,TRUE
presence,TRUE
build,TRUE
valve,TRUE
plant,TRUE
algorithm,TRUE
scheme,TRUE
integrate,TRUE
incorporate,TRUE
accommodate,TRUE
combine,TRUE
connect,TRUE
satisfy,FALSE
feed,TRUE
reduce,TRUE
fit,TRUE
introduce,TRUE
#,TRUE
time,TRUE
spatial,TRUE
life,TRUE
value,FALSE
temporal,TRUE
day,TRUE
load,FALSE
computational,TRUE
energy,TRUE
load,TRUE
burden,TRUE
master,TRUE
main,TRUE
intermediate,TRUE
virtual,FALSE
destination,TRUE
home,TRUE
loop,TRUE
zone,TRUE
non,TRUE
quasi,TRUE
semi,TRUE
anti,TRUE
pseudo,FALSE
ultra,FALSE
near,FALSE
less,TRUE
super,FALSE
sub,FALSE
quantum,TRUE
post,FALSE
slave,TRUE
transmitter,FALSE
high,FALSE
rich,FALSE
upper,FALSE
pure,FALSE
affect,TRUE
reduce,FALSE
increase,FALSE
create,TRUE
involve,FALSE
identify,FALSE
compare,FALSE
generate,FALSE
particular,FALSE
typical,TRUE
region,TRUE
country,TRUE
topology,TRUE
placement,TRUE
size,TRUE
movement,TRUE
activation,TRUE
affect,TRUE
increase,FALSE
influence,TRUE
alter,TRUE
enhance,TRUE
decrease,FALSE
low,FALSE
harm,FALSE
disrupt,TRUE
network,TRUE
net,FALSE
wireless,FALSE
total,FALSE
overall,FALSE
effective,TRUE
infrastructure,FALSE
b,TRUE
in,TRUE
may,TRUE
engineer,TRUE
technician,FALSE
might,FALSE
generator,FALSE
offer,FALSE
possess,TRUE
track,TRUE
locate,TRUE
battery,TRUE
short,FALSE
shortage,TRUE
surge,FALSE
drop,FALSE
crisis,TRUE
breakdown,FALSE
cut,TRUE
disruption,TRUE
swap,FALSE
occur,FALSE
happen,TRUE
begin,FALSE
start,FALSE
commence,FALSE
strike,FALSE
arrive,FALSE
fail,TRUE
erupt,TRUE
result,FALSE
occur,TRUE
get,FALSE
leave,TRUE
give,TRUE
want,FALSE
keep,TRUE
keep,FALSE
render,FALSE
ahead,TRUE
clear,TRUE
worth,TRUE
aware,FALSE
assure,TRUE
plenty,TRUE
outside,FALSE
record,TRUE
anyone,TRUE
personnel,TRUE
electricity,TRUE
battery,TRUE
base,TRUE
spend,TRUE
depend,FALSE
dependent,TRUE
remain,FALSE
observation,TRUE
attention,TRUE
imagery,TRUE
image,TRUE
object,TRUE
instrument,TRUE
light,FALSE
clock,FALSE
observation,FALSE
interrupt,FALSE
unavailable,TRUE
erase,TRUE
return,TRUE
command,TRUE
location,TRUE
status,TRUE
warning,FALSE
message,FALSE
security,TRUE
code,FALSE
navigation,TRUE
event,TRUE
action,FALSE
distress,FALSE
incorrect,TRUE
FALSE,FALSE
return,FALSE
mislead,FALSE
reference,FALSE
warning,FALSE
present,FALSE
communicate,FALSE
post,FALSE
display,FALSE
broadcast,FALSE
dispatch,FALSE
submit,FALSE
convey,FALSE
content,FALSE
date,FALSE
title,FALSE
character,TRUE
time,TRUE
hour,TRUE
depth,FALSE
period,TRUE
frame,TRUE
forward,FALSE
relative,TRUE
across,TRUE
automatically,TRUE
grade,TRUE
difficulty,TRUE
interest,TRUE
basis,TRUE
serial,FALSE
logical,TRUE
relay,TRUE
#,TRUE
prepare,FALSE
screen,FALSE
qualify,TRUE
arrange,TRUE
wait,TRUE
vicinity,TRUE
middle,TRUE
course,TRUE
direction,TRUE
face,TRUE
collision,TRUE
disaster,TRUE
situation,TRUE
compression,TRUE
tactical,TRUE
flexible,TRUE
dual,TRUE
connector,TRUE
integrate,TRUE
host,TRUE
offer,TRUE
port,TRUE
model,FALSE
various,FALSE
dedicate,FALSE
share,FALSE
many,FALSE
several,FALSE
kernel,FALSE
host,TRUE
peripheral,TRUE
#,TRUE
#,FALSE
suppose,TRUE
intend,FALSE
tasked,TRUE
leave,TRUE
mean,FALSE
ask,TRUE
say,TRUE
oversee,TRUE
negotiate,FALSE
function,TRUE
interaction,TRUE
matter,FALSE
machine,FALSE
room,TRUE
master,TRUE
doctor,FALSE
commander,FALSE
President,FALSE
director,FALSE
architect,FALSE
leader,FALSE
mistress,FALSE
actual,FALSE
individual,FALSE
basic,FALSE
#,FALSE
work,FALSE
supervision,TRUE
lead,TRUE
remainder,TRUE
bulk,TRUE
entirety,TRUE
inside,TRUE
front,TRUE
bottom,TRUE
section,TRUE
document,TRUE
manual,TRUE
chapter,TRUE
publication,FALSE
booklet,TRUE
contain,TRUE
present,TRUE
contain,TRUE
describe,TRUE
comprise,FALSE
description,TRUE
outline,FALSE
definition,TRUE
specification,TRUE
explanation,FALSE
summary,TRUE
overview,FALSE
history,TRUE
discussion,FALSE
plan,TRUE
develop,FALSE
build,TRUE
define,TRUE
implement,FALSE
construct,FALSE
deploy,TRUE
execute,FALSE
manufacture,TRUE
unify,TRUE
advanced,FALSE
central,TRUE
global,FALSE
Digital,TRUE
ieee,TRUE
sensor,TRUE
instrument,TRUE
monitor,TRUE
phase,FALSE
part,FALSE
#,FALSE
guidance,FALSE
automate,TRUE
routine,TRUE
only,TRUE
however,TRUE
so,TRUE
moreover,TRUE
upstream,TRUE
next,TRUE
last,TRUE
side,TRUE
recover,TRUE
succeed,FALSE
survive,TRUE
die,TRUE
automatic,FALSE
partial,FALSE
degradation,FALSE
fatigue,FALSE
destruction,TRUE
conflict,FALSE
difference,TRUE
conflict,TRUE
friction,TRUE
delay,TRUE
complication,TRUE
boot,TRUE
act,TRUE
serve,TRUE
operate,FALSE
work,FALSE
serve,FALSE
function,FALSE
act,TRUE
remain,TRUE
exist,FALSE
act,TRUE
continue,TRUE
integral,TRUE
organizational,FALSE
administrative,FALSE
autonomous,FALSE
official,FALSE
element,FALSE
subset,FALSE
robust,FALSE
sophisticated,TRUE
cluster,TRUE
library,TRUE
perform,FALSE
conduct,FALSE
handle,FALSE
run,FALSE
deliver,FALSE
permit,FALSE
implement,TRUE
estate,TRUE
global,TRUE
calculation,TRUE
test,FALSE
analysis,TRUE
calculation,FALSE
experiment,TRUE
study,TRUE
sample,TRUE
return,TRUE
response,TRUE
derive,TRUE
retrieve,TRUE
collect,TRUE
gather,FALSE
come,TRUE
extract,FALSE
originate,FALSE
acquire,FALSE
result,TRUE
draw,TRUE
respective,TRUE
scan,TRUE
filter,FALSE
formulate,TRUE
generalize,TRUE
argument,FALSE
source,FALSE
combine,FALSE
compare,FALSE
analyze,FALSE
evaluate,TRUE
represent,FALSE
electronic,FALSE
Carrier,FALSE
telephone,FALSE
local,TRUE
satellite,TRUE
communication,FALSE
carrier,TRUE
#,TRUE
#,TRUE
#,TRUE
#,TRUE
#,TRUE
packet,FALSE
#,FALSE
#,FALSE
#,TRUE
interact,FALSE
compete,FALSE
coordinate,FALSE
interfere,FALSE
deal,FALSE
join,TRUE
card,FALSE
#,FALSE
aircraft,TRUE
locomotive,FALSE
train,FALSE
ship,TRUE
vessel,TRUE
plane,TRUE
helicopter,FALSE
fleet,TRUE
locomotive,TRUE
airplane,FALSE
remain,TRUE
idle,TRUE
stay,FALSE
stall,FALSE
conduct,TRUE
fire,FALSE
low,FALSE
limit,TRUE
update,TRUE
fairly,TRUE
relatively,TRUE
fully,TRUE
strictly,TRUE
somewhat,TRUE
reasonably,FALSE
schedule,TRUE
scale,TRUE
request,TRUE
support,FALSE
evidence,FALSE
demonstrate,FALSE
format,FALSE
project,FALSE
archive,TRUE
image,TRUE
news,TRUE
box,TRUE
video,TRUE
email,FALSE
medium,TRUE
warehouse,FALSE
center,TRUE
#,FALSE
cache,TRUE
bank,FALSE
stream,TRUE
life,TRUE
world,FALSE
reality,TRUE
hard,FALSE
estate,TRUE
surveillance,TRUE
analyze,FALSE
monitor,TRUE
investigate,FALSE
procedure,FALSE
policy,TRUE
edge,FALSE
target,FALSE
key,FALSE
encounter,FALSE
discover,FALSE
threaten,FALSE
result,TRUE
engage,FALSE
cause,TRUE
suffer,TRUE
factor,FALSE
manifest,TRUE
economic,TRUE
significant,TRUE
widespread,TRUE
massive,FALSE
serious,TRUE
increase,FALSE
theft,FALSE
capture,FALSE
corruption,FALSE
acquisition,FALSE
exhaustion,TRUE
fraud,TRUE
present,TRUE
grant,TRUE
grant,FALSE
give,TRUE
employee,TRUE
officer,TRUE
agent,FALSE
freedom,TRUE
autonomy,FALSE
privacy,TRUE
scope,TRUE
authorization,FALSE
chat,TRUE
sms,TRUE
collect,FALSE
download,TRUE
import,TRUE
store,TRUE
acquire,TRUE
#,FALSE
filter,TRUE
design,FALSE
pattern,FALSE
chart,FALSE
•,TRUE
#,FALSE
#,TRUE
#,TRUE
#,TRUE
#,TRUE
#,TRUE
interval,TRUE
#,TRUE
signature,TRUE
frame,TRUE
stamp,TRUE
slot,TRUE
zone,FALSE
interpret,TRUE
decision,FALSE
absolutely,FALSE
make,FALSE
deem,TRUE
host,FALSE
type,FALSE
file,FALSE
character,TRUE
ID,TRUE
accept,TRUE
recognize,FALSE
obtain,FALSE
receive,FALSE
identify,FALSE
select,FALSE
distinguish,TRUE
remove,TRUE
issue,TRUE
request,TRUE
generate,TRUE
display,TRUE
take,FALSE
produce,FALSE
digit,TRUE
letter,FALSE
bit,TRUE
pin,TRUE
symbol,TRUE
column,FALSE
dimensional,TRUE
os,TRUE
extent,TRUE
pattern,TRUE
understand,TRUE
utility,FALSE
reflect,TRUE
express,TRUE
describe,TRUE
evident,FALSE
those,TRUE
anyone,TRUE
People,TRUE
user,TRUE
individual,FALSE
someone,FALSE
researcher,FALSE
application,FALSE
everyone,FALSE
student,FALSE
person,TRUE
filter,TRUE
avoid,TRUE
prevention,TRUE
interpret,TRUE
understand,TRUE
find,FALSE
retrieve,TRUE
intercept,TRUE
obtain,FALSE
wrong,FALSE
whole,FALSE
word,FALSE
take,FALSE
get,TRUE
select,FALSE
find,FALSE
gather,FALSE
search,FALSE
info,FALSE
log,TRUE
coordinate,TRUE
team,FALSE
convert,FALSE
insert,FALSE
translate,FALSE
put,FALSE
statement,TRUE
question,TRUE
paper,FALSE
fund,TRUE
proposal,FALSE
disclose,FALSE
accessible,FALSE
publish,FALSE
regular,FALSE
daily,FALSE
temporary,FALSE
weekly,TRUE
monthly,TRUE
quarterly,FALSE
periodic,TRUE
permanent,TRUE
theoretical,FALSE
nominal,FALSE
provisional,FALSE
testing,FALSE
other,FALSE
many,FALSE
test,FALSE
some,FALSE
professional,TRUE
specialize,TRUE
research,FALSE
analytical,FALSE
library,FALSE
package,FALSE
exist,TRUE
license,FALSE
compile,FALSE
render,FALSE
app,TRUE
script,FALSE
java,FALSE
come,FALSE
go,FALSE
arrive,FALSE
kit,TRUE
guide,TRUE
self,TRUE
re,TRUE
self,TRUE
pre,FALSE
under,FALSE
co,FALSE
risk,FALSE
post,FALSE
over,TRUE
work,TRUE
plan,TRUE
tune,FALSE
mapping,TRUE
auto,TRUE
electro,TRUE
pre,TRUE
co,TRUE
bio,TRUE
de,FALSE
teach,TRUE
regulate,FALSE
administer,TRUE
drive,FALSE
report,TRUE
regulation,TRUE
leverage,TRUE
expertise,TRUE
describe,TRUE
determine,FALSE
represent,TRUE
structure,TRUE
allow,TRUE
need,FALSE
infrastructure,TRUE
design,FALSE
online,FALSE
easy,FALSE
advance,TRUE
learn,FALSE
navigation,FALSE
certification,FALSE
demonstration,TRUE
engineering,FALSE
technical,FALSE
operation,FALSE
planning,FALSE
sale,FALSE
production,FALSE
training,FALSE
cost,FALSE
hand,TRUE
hand,FALSE
extreme,TRUE
arm,FALSE
foot,TRUE
#,FALSE
hand,FALSE
concern,TRUE
request,FALSE
gain,FALSE
claim,TRUE
deny,TRUE
alteration,TRUE
portion,TRUE
area,TRUE
section,TRUE
aspect,TRUE
segment,TRUE
except,TRUE
mean,TRUE
agree,FALSE
ensure,FALSE
indicate,FALSE
know,FALSE
extra,FALSE
policy,FALSE
agreement,TRUE
certificate,TRUE
fee,TRUE
prevent,TRUE
approval,FALSE
consent,TRUE
multi,FALSE
root,TRUE
se,TRUE
chip,FALSE
session,TRUE
like,TRUE
mean,TRUE
wish,TRUE
intend,TRUE
think,TRUE
say,TRUE
ought,FALSE
page,FALSE
section,FALSE
table,FALSE
chapter,FALSE
article,FALSE
version,FALSE
volume,TRUE
figure,TRUE
release,TRUE
note,TRUE
issue,TRUE
level,TRUE
step,FALSE
define,TRUE
outline,TRUE
cover,FALSE
establish,TRUE
discuss,FALSE
#,FALSE
#,FALSE
law,FALSE
Act,TRUE
school,FALSE
committee,FALSE
council,FALSE
regiment,TRUE
contract,TRUE
army,FALSE
constitution,FALSE
army,FALSE
subject,FALSE
author,FALSE
begin,FALSE
example,FALSE
plan,FALSE
hybrid,FALSE
unify,TRUE
simultaneously,FALSE
independently,TRUE
represent,TRUE
combine,FALSE
share,TRUE
movement,FALSE
combination,FALSE
suite,TRUE
parallel,FALSE
vector,FALSE
graphic,FALSE
center,TRUE
team,FALSE
company,FALSE
vehicle,FALSE
officer,TRUE
robot,FALSE
organization,FALSE
ongoing,FALSE
continuous,FALSE
assessment,TRUE
practice,FALSE
treatment,FALSE
health,FALSE
functional,FALSE
laboratory,FALSE
medical,FALSE
adjustment,FALSE
improvement,FALSE
review,FALSE
other,FALSE
education,FALSE
district,FALSE
qualified,FALSE
competent,FALSE
certify,FALSE
regional,FALSE
responsible,FALSE
manager,TRUE
engineer,TRUE
provider,TRUE
developer,TRUE
architect,TRUE
analyst,FALSE
responsibility,TRUE
oversight,TRUE
exposure,TRUE
sector,FALSE
phase,TRUE
respond,FALSE
appear,FALSE
attack,TRUE
react,TRUE
refuse,FALSE
try,FALSE
commit,TRUE
plan,TRUE
quick,TRUE
fast,TRUE
counter,FALSE
un,FALSE
defense,FALSE
preservation,TRUE
destructive,FALSE
recommendation,FALSE
sheet,TRUE
note,TRUE
sequence,TRUE
prepare,TRUE
circumstance,FALSE
initiate,TRUE
attend,TRUE
successful,TRUE
variant,FALSE
behave,TRUE
#,TRUE
mobile,TRUE
cellular,TRUE
wound,TRUE
fire,TRUE
micro,TRUE
lock,TRUE
clean,TRUE
balance,FALSE
load,FALSE
contract,FALSE
contribution,FALSE
license,FALSE
job,FALSE
likely,FALSE
commit,FALSE
devote,FALSE
expose,FALSE
restrict,FALSE
entitle,TRUE
attach,FALSE
subject,FALSE
suit,TRUE
consulting,FALSE
image,TRUE
print,FALSE
video,TRUE
record,TRUE
picture,TRUE
touch,FALSE
sell,FALSE
distribute,FALSE
produce,TRUE
evaluate,TRUE
market,FALSE
dna,FALSE
correlation,TRUE
#,FALSE
mechanic,FALSE
shop,TRUE
mental,FALSE
regard,TRUE
social,TRUE
behavioral,FALSE
psychological,FALSE
dental,FALSE
lifestyle,FALSE
position,FALSE
advice,FALSE
class,FALSE
unique,TRUE
optional,FALSE
property,FALSE
privilege,TRUE
setting,TRUE
number,TRUE
certificate,FALSE
restrict,TRUE
extend,TRUE
regulate,TRUE
reflect,TRUE
specify,FALSE
role,TRUE
suggest,FALSE
shall,FALSE
could,FALSE
packet,TRUE
spectrum,TRUE
consistency,FALSE
shock,FALSE
parameter,FALSE
focus,FALSE
task,FALSE
intent,FALSE
purpose,TRUE
intention,FALSE
mandate,FALSE
initiative,FALSE
study,TRUE
survey,FALSE
consortium,FALSE
publish,FALSE
list,FALSE
representation,FALSE
priority,FALSE
live,FALSE
continuity,FALSE
termination,FALSE
denial,FALSE
suspension,FALSE
cancellation,FALSE
case,FALSE
situation,TRUE
instance,TRUE
scenario,FALSE
moment,FALSE
condition,FALSE
separation,TRUE
loss,TRUE
collapse,FALSE
abandonment,FALSE
2005,FALSE
2004,TRUE
choice,FALSE
threat,TRUE
trigger,FALSE
enforce,TRUE
inability,FALSE
final,TRUE
completely,FALSE
boot,FALSE
pack,FALSE
door,FALSE
head,FALSE
graphical,FALSE
call,FALSE
name,TRUE
term,FALSE
dub,TRUE
title,FALSE
designate,TRUE
rename,FALSE
expect,FALSE
hope,TRUE
anticipate,TRUE
likely,TRUE
assume,TRUE
estimate,TRUE
propose,FALSE
believe,FALSE
possible,TRUE
plan,FALSE
think,FALSE
predict,FALSE
intend,FALSE
project,FALSE
report,FALSE
datum,FALSE
signal,TRUE
image,FALSE
word,FALSE
information,FALSE
batch,TRUE
transaction,TRUE
video,FALSE
digital,TRUE
vector,TRUE
graphic,FALSE
post,FALSE
management,FALSE
bank,TRUE
storage,TRUE
rate,TRUE
recorder,TRUE
rate,TRUE
center,FALSE
bank,TRUE
#,TRUE
center,TRUE
processing,TRUE
transfer,FALSE
flow,FALSE
exchange,TRUE
format,TRUE
software,TRUE
system,TRUE
system,TRUE
tool,TRUE
application,TRUE
service,TRUE
#,TRUE
equipment,FALSE
unit,FALSE
function,TRUE
module,FALSE
capability,FALSE
technology,FALSE
facility,FALSE
program,TRUE
generate,TRUE
handle,TRUE
produce,FALSE
match,FALSE
receive,FALSE
calculate,TRUE
record,TRUE
use,TRUE
manage,FALSE
measure,TRUE
compute,TRUE
accept,TRUE
deliver,FALSE
different,TRUE
high,FALSE
high,TRUE
maximum,TRUE
multiple,TRUE
large,FALSE
additional,FALSE
various,FALSE
certain,FALSE
new,FALSE
specific,FALSE
call,FALSE
sample,FALSE
bit,FALSE
change,FALSE
packet,FALSE
error,FALSE
sample,FALSE
power,FALSE
response,FALSE
#,FALSE
request,FALSE
stream,FALSE
flow,FALSE
value,FALSE
packet,FALSE
file,TRUE
input,TRUE
set,TRUE
type,TRUE
requirement,TRUE
signal,FALSE
item,FALSE
frame,FALSE
receive,FALSE
require,TRUE
request,FALSE
generate,FALSE
need,FALSE
accept,FALSE
desire,FALSE
allow,FALSE
available,FALSE
produce,FALSE
valid,FALSE
give,FALSE
process,FALSE
acceptable,FALSE
necessary,FALSE
desirable,FALSE
reject,TRUE
provide,TRUE
specify,FALSE
determine,FALSE
set,FALSE
demand,FALSE
define,FALSE
supply,FALSE
measure,FALSE
impose,FALSE
approve,TRUE
activity,TRUE
event,FALSE
activity,FALSE
operation,TRUE
project,TRUE
compliance,TRUE
process,FALSE
meeting,TRUE
decision,FALSE
member,FALSE
implementation,TRUE
manage,FALSE
monitor,TRUE
control,TRUE
govern,FALSE
regulate,FALSE
handle,FALSE
support,FALSE
coordinate,FALSE
administer,FALSE
affect,FALSE
cover,TRUE
maintain,FALSE
protect,FALSE
health,FALSE
monitor,FALSE
medical,FALSE
government,TRUE
regulatory,FALSE
governmental,FALSE
control,FALSE
plan,FALSE
govern,FALSE
healthcare,FALSE
scientific,TRUE
administrative,FALSE
business,FALSE
professional,
company,
agency,
organization,
vendor,
provider,
body,
component,
team,
group,
developer,
organisation,
network,
iso,
MCC,
CP,
EC,
ip,
cc,
HP,
pc,
BP,
icc,
CSI,
it,
ABC,
gp,
API,
expert,
authority,
stakeholder,
institution,
monitor,
partner,
database,
user,
virtual,
communication,
network,
final,
hardware,
graphical,
share,
common,
hybrid,
layer,
process,
tool,
protocol,
interface,
technique,
method,
capability,
module,
model,
engine,
mechanism,
call,
name,
term,
dub,
via,
title,
designate,
rename,
context,
sense,
case,
article,
way,
usage,
terminology,
section,
term,
definition,
example,
respect,
category,
language,
computer,
one,
everything,
IBM,
computer,
Linux,
refer,
apply,
correspond,
apply,
refer,
belong,
transfer,
relate,
interface,
refer,
connect,
relate,
assign,
transfer,
extend,
personal,
physical,
individual,
unit,
small,
operate,
desktop,
peripheral,
central,
external,
analog,
connect,
cpu,
processor,
architecture,
device,
machine,
bus,
instrument,
monitor,
embed,
integrate,
file,
memory,
server,
similar,
',
this,
the,
such,
all,
its,
each,
these,
that,
any,
process,
every,
it,
implement,
perform,
use,
conduct,
execute,
do,
structure,
organize,
make,
way,
manner,
mode,
form,
code,
time,
language,
environment,
anything,
environment,
database,
network,
internet,
analysis,
administration,
encryption,
application,
communication,
integration,
o,
d,
c,
t,
p,
m,
v,
e,
a,
u,
r,
n,
ii,
support,
programming,
user,
possibility,
option,
benefit,
exception,
goal,
help,
effect,
assistance,
aid,
aim,
objective,
ease,
advantage,
addition,
creation,
use,
execution,
collection,
generation,
compilation,
modification,
development,
distribution,
translation,
transaction,
material,
material,
material,
material,
when,
light,
within,
in,
inside,
entire,
protective,
ground,
fully,
main,
electronic,
air,
radar,
remote,
internal,
outer,
#,
test,
per,
testing,
area,
surface,
circuit,
channel,
device,
area,
cell,
structure,
fiber,
fibre,
low,
either,
standard,
dark,
sensitive,
thin,
#,
composite,
reinforce,
glass,
plastic,
film,
polymer,
wire,
steel,
optical,
standard,
quality,
technology,
voltage,
design,
source,
meet,
fit,
low,
minimum,
match,
exceed,
achieve,
satisfy,
maintain,
focus,
audience,
staff,
author,
purpose,
content,
participant,
role,
scope,
author,
committee,
project,
program,
forum,
work,
conference,
platform,
approach,
campaign,
practice,
discussion,
book,
group,
event,
include,
include,
comprise,
include,
involve,
consist,
encompasse,
contain,
concern,
limit,
restrict,
confine,
exclusive,
address,
open,
exclusively,
direct,
reserve,
dedicate,
mandatory,
clear,
industry,
community,
technical,
organizational,
market,
team,
policy,
world,
company,
manager,
#,
leader,
manager,
administrator,
creator,
engineer,
professional,
designer,
architect,
driver,
owner,
researcher,
founder,
operator,
builder,
technician,
product,
document,
design,
product,
site,
website,
end,
general,
average,
actual,
overall,
primary,
active,
experience,
#,
#,
#,
people,
mean,
principle,
medium,
vehicle,
robot,
terminal,
station,
create,
store,
develop,
build,
read,
assemble,
activate,
instal,
test,
deploy,
distribute,
modify,
access,
service,
step,
configuration,
algorithm,
scheme,
solution,
integrate,
bring,
incorporate,
carry,
accommodate,
combine,
connect,
balance,
feed,
reduce,
introduce,
#,
space,
time,
place,
spatial,
life,
frequency,
speed,
value,
temporal,
day,
clock,
load,
traffic,
performance,
security,
capacity,
transport,
computational,
energy,
load,
resource,
need,
force,
demand,
burden,
task,
master,
local,
base,
intermediate,
destination,
home,
state,
domain,
layer,
node,
node,
loop,
sector,
zone,
time,
non,
quasi,
semi,
anti,
pseudo,
ultra,
near,
less,
highly,
super,
sub,
quantum,
constraint,
requirement,
algorithm,
free,
slave,
transmitter,
client,
rich,
upper,
pure,
version,
port,
connection,
window,
allow,
provide,
account,
enable,
serve,
exist,
require,
allow,
assist,
search,
function,
manipulation,
movement,
expansion,
share,
optimization,
access,
deployment,
exploration,
underlie,
game,
host,
object,
table,
element,
object,
logic,
logical,
format,
view,
also,
#,
type,
describe,
show,
discuss,
list,
mention,
illustrate,
outline,
present,
person,
number,
victim,
suspect,
member,
player,
target,
body,
candidate,
child,
party,
driver,
couple,
patient,
find,
trust,
contact,
register,
save,
identify,
pay,
release,
see,
select,
reach,
replace,
grant,
deny,
able,
permit,
afford,
guarantee,
offer,
award,
name,
service,
host,
type,
datum,
message,
text,
memory,
name,
network,
file,
character,
system,
automatic,
location,
ID,
control,
manager,
security,
Controller,
compatibility,
recognize,
obtain,
identify,
select,
distinguish,
remove,
issue,
request,
transmit,
display,
take,
digit,
character,
letter,
point,
line,
bit,
pin,
symbol,
column,
position,
dimensional,
level,
element,
serial,
display,
message,
address,
os,
learn,
start,
choose,
away,
switch,
accident,
damage,
injury,
disease,
problem,
injury,
crash,
mechanical,
cost,
resource,
failure,
safety,
self,
re,
auto,
clock,
Non,
co,
CO,
computer,
pre,
counter,
multi,
Anti,
operational,
sensor,
automate,
contain,
participate,
run,
component,
cloud,
web,
base,
independent,
cycle,
automatic,
maintenance,
ready,
enable,
track,
monitor,
alert,
detect,
manage,
check,
inspect,
watch,
identify,
operate,
observe,
record,
clock,
absence,
course,
presence,
middle,
operation,
wake,
begin,
long,
single,
short,
live,
cold,
routine,
public,
continuous,
critical,
•,
take,
get,
take,
download,
extract,
select,
get,
find,
use,
collect,
obtain,
retrieve,
import,
gather,
search,
relevant,
input,
info,
detail,
log,
parameter,
information,
coordinate,
statistic,
update,
result,
convert,
enter,
insert,
translate,
store,
log,
send,
put,
turn,
knowledge,
output,
result,
statement,
report,
instruction,
require,
cover,
affect,
leave,
remove,
create,
part,
document,
site,
image,
nature,
limitation,
size,
appearance,
property,
condition,
location,
characteristic,
weight,
proximity,
dimension,
status,
purchase,
need,
keep,
wear,
acquire,
sale,
production,
delivery,
disposal,
assembly,
availability,
consumption,
manufacture,
feature,
property,
topology,
combine,
interpret,
choose,
extend,
sufficient,
consider,
specify,
create,
define,
determine,
establish,
find,
select,
give,
generate,
indicate,
assign,
represent,
prefix,
address,
address,
path,
socket,
#,
#,
#,
#,
#,
#,
#,
#,
#,
#,
connection,
call,
switch,
host,
thus,
may,
hence,
therefore,
potentially,
voice,
MAC,
voice,
route,
transmission,
switch,
switch,
number,
#,
junction,
core,
disk,
#,
diagnostic,
testing,
software,
other,
many,
test,
development,
some,
management,
integration,
professional,
package,
upgrade,
specialize,
research,
analytical,
library,
kit,
package,
exist,
write,
license,
publish,
compile,
program,
render,
establish,
app,
solution,
model,
script,
native,
enough,
full,
java,
code,
documentation,
#,
name,
come,
comply,
return,
begin,
go,
deal,
continue,
arrive,
kit,
package,
manual,
guide,
plan,
description,
license,
recommend,
important,
essential,
suggest,
functionality,
rest,
majority,
integrity,
would,
must,
shall,
could,
might,
port,
sensor,
channel,
link,
connectivity,
array,
spectrum,
region,
reliability,
stability,
accuracy,
consistency,
efficiency,
simplicity,
resolution,
fault,
collision,
noise,
loss,
stress,
problem,
shock,
parameter,
limit,
protection,
link,
protocol,
relationship,
Protocol,
capable,
compose,
inclusive,
maximum,
bandwidth,
coverage,
both,
various,
standard,
new,
additional,
basic,
advanced,
key,
command,
command,
instruction,
correspond,
associate,
equivalent,
procedure,
import,
derive,
take,
translate,
extract,
copy,
obtain,
export,
download,
transmit,
remove,
library,
fashion,
direction,
sequence,
installation,
inspection,
evaluation,
#,
key,
#,
#,
#,
#,
#,
#,
interval,
#,
signature,
variable,
stamp,
series,
slot,
zone,
delay,
add,
decision,
scan,
relay,
buffer,
backup,
message,
point,
absolutely,
make,
deem,
virtual,
unify,
integrate,
central,
global,
Digital,
ieee,
track,
detection,
measurement,
room,
phase,
part,
#,
guidance,
controller,
control,
simulation,
feedback,
repair,
engineering,
act,
serve,
operate,
work,
serve,
function,
act,
remain,
operate,
exist,
act,
continue,
integral,
autonomous,
official,
subset,
portion,
maintenance,
engineering,
research,
technical,
however,
operation,
design,
support,
planning,
sale,
construction,
training,
issue,
cost,
level,
hand,
hand,
side,
extreme,
arm,
foot,
#,
hand,
concern,
scale,
gain,
request,
gain,
claim,
grant,
deny,
modification,
visit,
change,
update,
improvement,
access,
entry,
permission,
repair,
alteration,
aspect,
portion,
section,
aspect,
feature,
segment,
internet,
except,
mean,
agree,
ensure,
ensure,
indicate,
know,
aware,
extra,
advance,
authority,
expertise,
experience,
authorization,
organization,
agreement,
certificate,
card,
fee,
present,
enable,
permit,
permit,
allow,
provide,
limit,
prevent,
approval,
consent,
clearance,
priority,
issue,
place,
multi,
pre,
root,
se,
mission,
chip,
session,
hour,
want,
like,
mean,
wish,
expect,
intend,
think,
say,
ought,
basis,
operate,
specification,
specification,
understand,
document,
research,
know,
prepare,
express,
accessible,
dialect,
script,
alphabet,
style,
dialect,
vocabulary,
term,
font,
english,
culture,
contract,
fund,
contribution,
use,
license,
employee,
job,
say,
commit,
devote,
expose,
subject,
entitle,
attach,
subject,
suit,
infrastructure,
manufacture,
consulting,
support,
assess,
investigate,
evaluate,
review,
observe,
prevent,
report,
analyze,
act,
lock,
inform,
move,
comment,
early,
rely,
advise,
carry,
check,
wait,
turn,
focus,
implement,
perform,
follow,
execute,
coordinate,
adopt,
seek,
undertaking,
step,
action,
measure,
action,
care,
risk,
responsibility,
effort,
initiative,
turn,
measurement,
minimize,
prevent,
decrease,
increase,
eliminate,
stop,
avoid,
remove,
alleviate,
counter,
delay,
reverse,
combat,
offset,
reduce,
risk,
effect,
occurrence,
severity,
consequence,
impact,
likelihood,
symptom,
probability,
incidence,
impact,
danger,
glance,
premium,
peak,
least,
distance,
four,
five,
follow,
usual,
aforementione,
many,
three,
several,
category,
kind,
combination,
range,
class,
cause,
variety,
combination,
sort,
#,
behavior,
condition,
failure,
behaviour,
#,
phenomenon,
situation,
include,
electrical,
catastrophic,
major,
branch,
fault,
defect,
error,
crash,
degradation,
bug,
flaw,
fatigue,
accident,
crack,
loss,
fail,
drop,
fall,
spin,
run,
die,
slip,
stop,
current,
temperature,
current,
static,
velocity,
height,
bias,
pressure,
thermal,
vertical,
threshold,
volume,
variation,
difference,
drop,
spike,
speed,
complexity,
success,
recovery,
resistance,
expectation,
disruption,
difficulty,
interference,
proposal,
focus,
found,
dependent,
construct,
center,
expand,
draw,
base,
build,
model,
contingent,
report,
finding,
statement,
note,
concept,
idea,
principle,
definition,
recommendation,
conclusion,
comment,
suggestion,
reference,
observation,
end,
start,
begin,
back,
after,
first,
right,
next,
day,
start,
door,
last,
word,
Mid,
2011,
2017,
2012,
2013,
2014,
2015,
2008,
2016,
pdf,
2009,
2010,
2007,
2006,
2003,
2018,
order,
attempt,
attempt,
#,
attempt,
order,
hope,
order,
effort,
try,
help,
protect,
verify,
secure,
preserve,
cover,
register,
retain,
visitor,
threat,
option,
audit,
run,
activate,
upgrade,
reach,
breach,
restart,
contact,
install,
block,
check,
close,
complete,
destroy,
record,
accord,
accord,
add,
add,
guide,
district,
qualified,
competent,
certify,
regional,
responsible,
administrator,
operator,
engineer,
owner,
provider,
administrator,
developer,
architect,
analyst,
officer,
employee,
right,
jurisdiction,
responsibility,
attention,
oversight,
exposure,
sector,
phase,
different,
but,
their,
thus,
our,
what,
therefore,
hence,
individual,
attitude,
opinion,
preference,
view,
wish,
experience,
ability,
skill,
desire,
benefit,
behavior,
app,
customer,
review,
part,
report,
author,
result,
application,
analysis,
source,
method,
form,
press,
journal,
paper,
Journal,
text,
novel,
review,
magazine,
remainder,
bulk,
content,
back,
entirety,
front,
title,
bottom,
page,
list,
chapter,
publication,
booklet,
give,
offer,
present,
describe,
outline,
explanation,
summary,
overview,
history,
detail,
develop,
build,
implement,
construct,
deploy,
execute,
command,
status,
warning,
code,
navigation,
event,
action,
distress,
incorrect,
FALSE,
mislead,
correction,
correct,
warning,
send,
deliver,
pass,
communicate,
post,
display,
feed,
broadcast,
dispatch,
submit,
convey,
date,
time,
depth,
period,
frame,
reference,
directly,
forward,
relative,
across,
automatically,
grade,
difficulty,
interest,
server,
facility,
original,
often,
still,
typically,
usually,
generally,
maintain,
ensure,
prefer,
support,
console,
keyboard,
automation,
accomplish,
undertake,
carry,
achieve,
move,
initiate,
fail,
respond,
interrupt,
appear,
attack,
react,
refuse,
survive,
proceed,
try,
commit,
attack,
plan,
self,
quick,
auto,
fast,
de,
un,
improvement,
defense,
preservation,
destructive,
sheet,
warn,
note,
circumstance,
perform,
conduct,
initiate,
schedule,
complete,
make,
attend,
successful,
temporary,
fail,
extension,
photography,
total,
net,
universal,
see,
incoming,
human,
miss,
null,
disaster,
miss,
damage,
delete,
incident,
route,
filter,
hierarchy,
pattern,
order,
tree,
relation,
path,
classify,
categorize,
sort,
analyze,
track,
divide,
evaluate,
assess,
separate,
length,
value,
filter,
complex,
unify,
separate,
simultaneously,
independently,
cluster,
control,
represent,
combine,
provide,
movement,
pair,
suite,
parallel,
station,
extent,
understand,
degree,
flexibility,
utility,
convenience,
precision,
demonstrate,
reflect,
represent,
evident,
aircraft,
locomotive,
train,
ship,
vessel,
plane,
helicopter,
fleet,
locomotive,
airplane,
remain,
idle,
terminate,
stay,
stall,
resume,
function,
work,
fire,
safety,
performance,
group,
quality,
technology,
environmental,
human,
apply,
conform,
relate,
bind,
cater,
correspond,
extend,
adapt,
contribute,
expand,
[,
domain,
block,
#,
update,
upgrade,
rebuilt,
convert,
restore,
bring,
transform,
push,
enter,
launch,
alpha,
active,
knowledge,
certificate,
label,
record,
stamp,
mark,
print,
charge,
label,
label,
sign,
stamp,
number,
correlate,
date,
brand,
arrival,
reaction,
release,
propagation,
termination,
penalty,
cable,
line,
post,
discovery,
retention,
arrest,
departure,
activation,
engineer,
scientist,
researcher,
officer,
user,
staff,
agent,
soldier,
team,
worker,
driver,
engineer,
system,
scientist,
scientist,
manufacturer,
other,
contractor,
customer,
possess,
utilize,
receive,
employ,
certification,
locate,
map,
analyze,
modify,
#,
#,
#,
#,
#,
#,
installation,
configuration,
structure,
location,
source,
ability,
potential,
opportunity,
right,
quickly,
immediately,
remotely,
instantly,
easily,
direct,
rapidly,
simply,
periodically,
continuously,
tolerance,
controller,
drive,
#,
#,
#,
#,
#,
overhaul,
replacement,
removal,
acquisition,
restoration,
rehabilitation,
rescue,
reasonable,
future,
subsequent,
succeed,
check,
set,
b,
entity,
agent,
executive,
office,
assistant,
commitment,
autonomy,
branch,
department,
administration,
department,
agency,
government,
district,
operational,
program,
contractor,
FAA,
airport,
commence,
assume,
indefinitely,
normally,
temporarily,
regularly,
strength,
vehicle,
machine,
platform,
terminal,
period,
completion,
closure,
retirement,
renovation,
modernization,
officer,
assure,
give,
ownership,
freedom,
discretion,
issue,
award,
restrict,
restore,
confirm,
enforce,
exercise,
grant,
patent,
privilege,
contract,
vendor,
personnel,
robot,
ongoing,
assessment,
test,
practice,
treatment,
field,
functional,
laboratory,
adjustment,
review,
education,
reside,
behave,
communicate,
distinct,
private,
unique,
legal,
proprietary,
permanent,
shell,
radio,
cable,
#,
prepare,
compensate,
screen,
qualify,
arrange,
wait,
interception,
vicinity,
face,
emergency,
situation,
generator,
offer,
contain,
lack,
receiver,
battery,
supply,
shortage,
surge,
crisis,
breakdown,
cut,
swap,
occur,
happen,
begin,
start,
commence,
end,
strike,
occur,
arrive,
erupt,
result,
occur,
leave,
hold,
keep,
keep,
render,
ahead,
regardless,
worth,
plenty,
outside,
anyone,
electricity,
battery,
spend,
depend,
restriction,
remain,
programmer,
browser,
visit,
share,
explore,
see,
whose,
whatever,
particular,
special,
reader,
exploit,
manipulate,
every,
website,
administer,
and,
also,
additionally,
for,
finally,
furthermore,
or,
applicable,
appropriate,
grid,
diagram,
processor,
wire,
rack,
loop,
lane,
tunnel,
track,
10,
#,
profile,
bind,
margin,
alarm,
cancellation,
fire,
manuscript,
importance,
significance,
relevance,
concern,
#,
#,
#,
#,
#,
#,
director,
worker,
official,
practitioner,
student,
artist,
collaborator,
scholar,
supplement,
template,
memorial,
individual,
party,
person,
involve,
engage,
interested,
employ,
engage,
assist,
collaborate,
participate,
invest,
compete,
field,
study,
investigation,
experiment,
goal,
objective,
interest,
purpose,
theme,
dependence,
reliance,
limitation,
strain,
expenditure,
restriction,
page,
section,
table,
chapter,
article,
version,
volume,
figure,
release,
note,
issue,
level,
step,
define,
outline,
establish,
discuss,
#,
#,
law,
Act,
school,
council,
regiment,
army,
constitution,
army,
privacy,
email,
chat,
sms,
power,
electronic,
emergency,
electrical,
display,
keyboard,
electronic,
appliance,
accessory,
phone,
power,
fit,
equip,
compatible,
manufacturer,
undergo,
withstand,
cause,
sustain,
handle,
trigger,
resist,
sufficiently,
adoption,
even,
midst,
aftermath,
instance,
light,
reduction,
stack,
respond,
connect,
convert,
communicating,
link,
bind,
refer,
add,
arbitrary,
chip,
sensitivity,
overcome,
cache,
theft,
corruption,
congestion,
compression,
confusion,
concurrency,
fraud,
contamination,
password,
signature,
alia,
logo,
variant,
double,
#,
mobile,
portable,
cellular,
wound,
cross,
micro,
bio,
destruction,
isolation,
clean,
balance,
load,
rule,
barrier,
obligation,
regulation,
enforce,
lay,
wireless,
independence,
dictate,
cause,
price,
editor,
privilege,
alter,
adjust,
web,
#,
enterprise,
open,
Unix,
current,
Microsoft,
board,
version,
adequate,
card,
board,
ship,
financial,
marketing,
commercial,
copy,
instrument,
inform,
verify,
mental,
improve,
affect,
regard,
environmental,
social,
behavioral,
psychological,
dental,
lifestyle,
position,
advice,
imagery,
observation,
lose,
interrupt,
unavailable,
erase,
return,
alternative,
attachment,
introduction,
look,
ask,
search,
aim,
stand,
they,
operation,
consist,
engage,
result,
succeed,
conclude,
start,
return,
exit,
continue,
come,
return,
restore,
return,
arrive,
proceed,
employer,
power,
duty,
exclude,
withdraw,
dismiss,
ban,
copy,
bug,
virus,
student,
methodology,
concept,
follow,
follow,
resemble,
match,
match,
reflect,
mirror,
parallel,
resemble,
follow,
state,
indicate,
#,
#,
#,
#,
#,
#,
#,
#,
#,
good,
standard,
general,
common,
good,
International,
fair,
well,
free,
formulate,
generalize,
argument,
response,
compare,
change,
exchange,
pass,
intercept,
two,
telephone,
boundary,
receiver,
carrier,
UTC,
global,
#,
#,
mount,
plate,
#,
thickness,
top,
#,
interval,
#,
slot,
size,
date,
country,
life,
world,
estate,
reality,
hard,
estate,
surveillance,
investigate,
policy,
#,
edge,
disk,
target,
key,
encounter,
detect,
discover,
threaten,
trigger,
suffer,
lead,
factor,
manifest,
economic,
significant,
widespread,
total,
massive,
serious,
increase,
capture,
exhaustion,
regulator,
authority,
mandate,
block,
freely,
intentionally,
voluntarily,
efficiently,
hour,
reason,
day,
reason,
actively,