able,FALSE
free,FALSE
require,FALSE
allow,FALSE
encourage,FALSE
ask,FALSE
expect,FALSE
invite,TRUE
permit,TRUE
authorize,FALSE
available,FALSE
instruct,FALSE
need,TRUE
unable,FALSE
force,FALSE
submit,FALSE
make,TRUE
file,TRUE
publish,FALSE
produce,FALSE
provide,TRUE
write,TRUE
give,TRUE
send,TRUE
issue,TRUE
create,FALSE
receive,TRUE
take,TRUE
post,TRUE
prepare,TRUE
one,TRUE
website,TRUE
control,TRUE
analysis,TRUE
code,TRUE
information,TRUE
management,TRUE
design,TRUE
support,TRUE
number,TRUE
system,TRUE
reference,TRUE
classification,TRUE
distribution,TRUE
method,TRUE
manager,TRUE
index,TRUE
production,TRUE
operate,TRUE
library,TRUE
computer,TRUE
publishing,TRUE
product,TRUE
technical,TRUE
software,TRUE
#,TRUE
player,TRUE
person,TRUE
student,TRUE
child,TRUE
member,TRUE
user,TRUE
footballer,TRUE
nurse,TRUE
priest,TRUE
judge,TRUE
teacher,TRUE
bishop,TRUE
candidate,TRUE
character,TRUE
scout,TRUE
follow,TRUE
option,TRUE
special,TRUE
final,TRUE
test,TRUE
last,TRUE
simple,FALSE
next,TRUE
latter,TRUE
present,TRUE
low,TRUE
well,FALSE
manual,FALSE
book,FALSE
page,FALSE
table,FALSE
guide,FALSE
rule,FALSE
model,FALSE
section,FALSE
method,FALSE
statement,FALSE
#,FALSE
procedure,FALSE
include,TRUE
contain,FALSE
cover,TRUE
represent,TRUE
describe,FALSE
comprise,FALSE
show,FALSE
provide,FALSE
involve,TRUE
define,FALSE
encompasse,FALSE
consider,FALSE
work,TRUE
thing,TRUE
activity,TRUE
function,TRUE
action,FALSE
task,FALSE
research,FALSE
service,FALSE
change,TRUE
calculation,FALSE
work,TRUE
test,FALSE
operation,TRUE
arithmetic,FALSE
information,TRUE
make,FALSE
do,FALSE
perform,FALSE
use,FALSE
obtain,FALSE
approve,FALSE
apply,FALSE
implement,FALSE
achieve,FALSE
provide,TRUE
create,TRUE
find,FALSE
produce,FALSE
give,FALSE
bad,FALSE
function,TRUE
parameter,TRUE
term,TRUE
also,TRUE
factor,TRUE
mode,TRUE
give,TRUE
use,FALSE
maximum,FALSE
total,FALSE
large,TRUE
potential,TRUE
actual,TRUE
possible,TRUE
small,TRUE
specific,TRUE
new,TRUE
minimum,TRUE
system,FALSE
memory,FALSE
software,FALSE
every,FALSE
probability,TRUE
property,TRUE
value,TRUE
action,TRUE
amount,TRUE
case,TRUE
condition,TRUE
the,TRUE
this,TRUE
a,TRUE
first,TRUE
each,TRUE
new,FALSE
second,TRUE
test,TRUE
these,TRUE
trial,TRUE
final,TRUE
such,TRUE
current,TRUE
#,TRUE
#,TRUE
time,TRUE
#,TRUE
#,TRUE
#,TRUE
#,TRUE
control,TRUE
#,FALSE
#,TRUE
#,TRUE
change,TRUE
check,TRUE
use,TRUE
begin,TRUE
request,TRUE
request,TRUE
use,TRUE
help,TRUE
start,TRUE
usage,TRUE
release,FALSE
source,TRUE
datum,TRUE
no,TRUE
an,TRUE
if,TRUE
when,TRUE
another,TRUE
any,TRUE
one,FALSE
where,TRUE
your,TRUE
number,FALSE
header,FALSE
text,TRUE
format,TRUE
type,FALSE
ID,TRUE
content,TRUE
status,FALSE
size,FALSE
length,FALSE
zero,FALSE
unknown,TRUE
FALSE,TRUE
TRUE,TRUE
office,TRUE
service,TRUE
department,TRUE
staff,TRUE
unit,TRUE
computer,TRUE
space,TRUE
library,TRUE
assistant,FALSE
agency,FALSE
resource,FALSE
employee,FALSE
officer,FALSE
administrator,FALSE
engineer,TRUE
manager,TRUE
technician,TRUE
controller,TRUE
university,TRUE
faculty,TRUE
professional,TRUE
academic,TRUE
college,TRUE
private,TRUE
school,TRUE
owner,TRUE
operator,TRUE
designer,TRUE
#,TRUE
director,TRUE
holder,TRUE
provider,TRUE
modify,TRUE
borrow,TRUE
purchase,TRUE
buy,FALSE
remove,TRUE
obtain,TRUE
choose,TRUE
acquire,TRUE
inspect,TRUE
item,TRUE
article,TRUE
image,TRUE
object,TRUE
inventory,TRUE
application,TRUE
entry,FALSE
instrument,TRUE
activity,TRUE
account,TRUE
area,TRUE
event,TRUE
address,FALSE
archive,TRUE
belong,TRUE
belong,FALSE
belong,FALSE
correspond,TRUE
relate,TRUE
refer,TRUE
apply,TRUE
connect,TRUE
go,FALSE
point,TRUE
link,TRUE
accord,FALSE
contribute,TRUE
belong,FALSE
report,TRUE
master,TRUE
employer,TRUE
creator,FALSE
user,TRUE
author,TRUE
customer,TRUE
client,FALSE
way,TRUE
thing,FALSE
happen,FALSE
exist,TRUE
apply,FALSE
hold,TRUE
as,TRUE
process,TRUE
allow,TRUE
another,TRUE
business,TRUE
register,TRUE
friend,TRUE
member,TRUE
leader,TRUE
individual,TRUE
equipment,TRUE
store,TRUE
shop,TRUE
maintenance,FALSE
ordinary,TRUE
professor,TRUE
instructor,TRUE
resident,FALSE
graduate,FALSE
researcher,TRUE
librarian,TRUE
visitor,TRUE
order,TRUE
addition,TRUE
return,FALSE
particular,TRUE
turn,TRUE
fact,FALSE
place,FALSE
attempt,TRUE
exchange,FALSE
line,TRUE
#,TRUE
avoid,TRUE
allow,TRUE
prevent,TRUE
enable,TRUE
require,TRUE
get,TRUE
perform,FALSE
permit,TRUE
undergo,TRUE
cause,TRUE
sure,TRUE
decision,FALSE
sense,TRUE
adjustment,TRUE
copy,TRUE
money,TRUE
certain,FALSE
recommendation,TRUE
clear,FALSE
suggestion,TRUE
decision,FALSE
willing,TRUE
go,FALSE
ready,FALSE
prepare,TRUE
qualified,TRUE
plan,FALSE
stack,TRUE
package,TRUE
map,FALSE
plan,FALSE
pile,FALSE
container,FALSE
volume,FALSE
matrix,FALSE
packet,FALSE
load,FALSE
sum,FALSE
drive,FALSE
design,FALSE
useful,FALSE
arrange,FALSE
build,TRUE
set,TRUE
take,FALSE
transport,TRUE
carry,FALSE
hold,TRUE
recover,FALSE
identify,TRUE
contain,FALSE
move,FALSE
list,FALSE
transfer,TRUE
access,TRUE
separate,TRUE
handle,TRUE
manage,TRUE
cover,FALSE
they,FALSE
it,FALSE
datum,FALSE
file,FALSE
we,TRUE
user,TRUE
People,TRUE
store,FALSE
treat,FALSE
classify,FALSE
sell,FALSE
view,TRUE
categorize,TRUE
handle,TRUE
purchase,TRUE
describe,TRUE
assemble,FALSE
process,TRUE
structure,TRUE
consider,FALSE
two,TRUE
three,TRUE
small,TRUE
life,TRUE
historical,TRUE
stock,FALSE
discrete,TRUE
power,TRUE
division,FALSE
unit,FALSE
office,FALSE
organization,TRUE
officer,FALSE
city,FALSE
district,FALSE
department,TRUE
refer,FALSE
refer,FALSE
relate,TRUE
assign,TRUE
responsible,TRUE
equivalent,TRUE
restrict,FALSE
appoint,TRUE
name,TRUE
upper,TRUE
reverse,TRUE
principle,TRUE
code,TRUE
operation,TRUE
basic,TRUE
exact,TRUE
simple,FALSE
general,TRUE
main,FALSE
#,FALSE
#,FALSE
point,FALSE
case,FALSE
#,FALSE
#,FALSE
functionality,FALSE
air,FALSE
squadron,FALSE
home,FALSE
flight,TRUE
its,TRUE
army,TRUE
total,TRUE
administrative,TRUE
on,TRUE
track,TRUE
wing,TRUE
military,TRUE
#,TRUE
#,TRUE
collection,TRUE
summary,TRUE
structure,TRUE
#,TRUE
bank,TRUE
link,TRUE
#,FALSE
stream,TRUE
source,TRUE
#,TRUE
profile,TRUE
say,TRUE
believe,TRUE
know,TRUE
see,TRUE
think,TRUE
understand,TRUE
assume,TRUE
conclude,TRUE
agree,TRUE
say,TRUE
find,FALSE
argue,TRUE
note,TRUE
feel,TRUE
realize,TRUE
everyone,TRUE
solely,FALSE
simply,TRUE
together,TRUE
merely,TRUE
outcome,TRUE
result,TRUE
detail,TRUE
result,TRUE
purpose,TRUE
objective,TRUE
end,TRUE
scope,TRUE
objective,TRUE
consequence,TRUE
success,TRUE
cost,TRUE
goal,TRUE
direction,TRUE
nature,TRUE
hold,TRUE
roll,TRUE
take,TRUE
count,TRUE
call,TRUE
turn,TRUE
call,FALSE
pay,TRUE
move,TRUE
come,TRUE
run,FALSE
bring,TRUE
send,FALSE
',TRUE
machine,FALSE
#,FALSE
level,FALSE
device,FALSE
program,FALSE
entity,FALSE
authority,FALSE
organization,FALSE
programmer,FALSE
ask,FALSE
command,FALSE
convince,FALSE
hire,FALSE
force,FALSE
contact,FALSE
direct,TRUE
module,TRUE
task,FALSE
either,FALSE
delegate,TRUE
assign,TRUE
please,TRUE
quick,TRUE
please,TRUE
FCC,FALSE
list,TRUE
interface,TRUE
error,TRUE
default,FALSE
protection,TRUE
#,TRUE
#,TRUE
select,TRUE
declaration,TRUE
#,TRUE
#,TRUE
category,TRUE
see,TRUE
2008,TRUE
2004,TRUE
2005,TRUE
2010,TRUE
2006,FALSE
2003,TRUE
2012,FALSE
2014,TRUE
2013,TRUE
in,TRUE
2009,TRUE
#,FALSE
free,FALSE
fair,FALSE
good,FALSE
common,TRUE
book,TRUE
receiver,TRUE
referee,TRUE
driver,TRUE
winner,TRUE
agent,TRUE
speaker,TRUE
caller,TRUE
server,TRUE
determine,TRUE
call,TRUE
decide,FALSE
handle,FALSE
make,FALSE
control,FALSE
manage,TRUE
prepare,TRUE
court,TRUE
legal,TRUE
criminal,FALSE
current,FALSE
pende,FALSE
entire,FALSE
initial,TRUE
trial,TRUE
note,FALSE
mean,TRUE
ensure,TRUE
except,TRUE
except,TRUE
so,FALSE
after,TRUE
mean,FALSE
rule,FALSE
requirement,TRUE
ranking,TRUE
code,TRUE
regulation,FALSE
level,TRUE
criterion,FALSE
statistic,FALSE
boundary,TRUE
position,TRUE
rating,TRUE
class,FALSE
standard,FALSE
district,TRUE
domain,FALSE
division,TRUE
region,TRUE
jurisdiction,FALSE
subdivision,TRUE
branch,FALSE
location,FALSE
zone,TRUE
all,FALSE
for,FALSE
other,FALSE
legal,FALSE
public,FALSE
special,FALSE
additional,FALSE
registration,FALSE
_,FALSE
framework,TRUE
network,TRUE
project,TRUE
context,TRUE
environment,FALSE
protocol,FALSE
every,FALSE
command,FALSE
file,FALSE
set,FALSE
#,FALSE
source,TRUE
sheet,TRUE
item,TRUE
log,TRUE
access,TRUE
download,TRUE
manage,FALSE
update,FALSE
send,TRUE
transfer,TRUE
open,FALSE
share,TRUE
deploy,FALSE
enter,TRUE
generate,FALSE
problem,TRUE
problem,FALSE
error,FALSE
backup,FALSE
installation,TRUE
capital,FALSE
digital,FALSE
property,TRUE
#,FALSE
#,FALSE
#,FALSE
#,FALSE
key,FALSE
[,TRUE
product,FALSE
part,FALSE
material,FALSE
equipment,FALSE
instrument,FALSE
weapon,FALSE
animal,FALSE
piece,TRUE
those,TRUE
plant,TRUE
store,TRUE
book,FALSE
specie,TRUE
mark,TRUE
database,TRUE
family,TRUE
series,TRUE
genus,TRUE
category,FALSE
world,TRUE
literature,TRUE
group,FALSE
divide,FALSE
distribute,FALSE
group,FALSE
organize,FALSE
collect,FALSE
sort,TRUE
split,FALSE
category,TRUE
#,TRUE
part,FALSE
that,FALSE
application,FALSE
browser,FALSE
app,FALSE
page,TRUE
site,FALSE
engine,FALSE
server,FALSE
developer,FALSE
service,FALSE
application,FALSE
download,TRUE
run,TRUE
play,TRUE
install,TRUE
view,TRUE
anyone,FALSE
click,TRUE
build,TRUE
client,TRUE
search,TRUE
platform,TRUE
device,FALSE
os,TRUE
hardware,FALSE
system,FALSE
technology,FALSE
computer,FALSE
platform,FALSE
environment,TRUE
format,FALSE
program,TRUE
suppose,FALSE
exactly,TRUE
parameter,FALSE
content,FALSE
man,TRUE
company,TRUE
woman,FALSE
guy,FALSE
boy,FALSE
year,FALSE
girl,TRUE
day,FALSE
assume,TRUE
take,TRUE
assume,TRUE
fill,TRUE
play,TRUE
take,TRUE
perform,FALSE
hold,FALSE
occupy,TRUE
play,FALSE
title,TRUE
position,TRUE
job,TRUE
role,FALSE
rank,FALSE
identity,FALSE
capacity,TRUE
skill,TRUE
experience,FALSE
internet,TRUE
internet,FALSE
public,FALSE
chief,FALSE
local,FALSE
site,TRUE
former,FALSE
certificate,TRUE
document,TRUE
letter,FALSE
form,TRUE
sign,FALSE
#,TRUE
require,TRUE
denial,TRUE
acceptance,TRUE
rejection,TRUE
approval,TRUE
support,FALSE
confusion,FALSE
argument,TRUE
violation,TRUE
abuse,TRUE
confirmation,FALSE
refusal,TRUE
disapproval,TRUE
response,FALSE
authorization,TRUE
evaluation,FALSE
modification,FALSE
processing,TRUE
criticism,TRUE
validity,TRUE
patent,FALSE
single,FALSE
technical,FALSE
write,FALSE
formal,FALSE
propose,FALSE
permission,FALSE
license,TRUE
behavior,TRUE
grant,TRUE
receive,TRUE
submit,FALSE
meet,FALSE
detect,FALSE
request,FALSE
initiate,FALSE
verify,FALSE
issue,FALSE
he,FALSE
time,FALSE
she,FALSE
here,FALSE
limit,FALSE
address,FALSE
pass,FALSE
add,TRUE
leave,TRUE
direct,FALSE
attach,TRUE
subject,TRUE
similar,TRUE
communicate,TRUE
schedule,TRUE
demand,TRUE
instruction,TRUE
requirement,FALSE
need,FALSE
help,FALSE
dinner,TRUE
hour,FALSE
ya,TRUE
resource,FALSE
ability,FALSE
flexibility,FALSE
bandwidth,FALSE
capability,FALSE
strength,FALSE
protect,TRUE
gain,TRUE
possess,TRUE
maintain,TRUE
save,FALSE
my,TRUE
their,FALSE
#,FALSE
#,FALSE
start,TRUE
end,FALSE
occur,FALSE
start,FALSE
be,FALSE
stop,FALSE
become,TRUE
finish,FALSE
his,FALSE
x,TRUE
v,TRUE
#,FALSE
#,FALSE
c,TRUE
t,TRUE
b,TRUE
#,TRUE
indicate,TRUE
confirm,TRUE
state,TRUE
indicate,TRUE
ensure,TRUE
denote,FALSE
prove,FALSE
imply,TRUE
reveal,TRUE
say,TRUE
check,FALSE
fail,FALSE
decide,FALSE
order,TRUE
agree,FALSE
yet,FALSE
reason,FALSE
choose,TRUE
other,FALSE
design,TRUE
stadium,FALSE
contract,TRUE
build,FALSE
version,TRUE
deal,TRUE
station,FALSE
extension,TRUE
car,TRUE
facility,FALSE
still,FALSE
currently,TRUE
always,FALSE
already,TRUE
within,FALSE
worth,FALSE
usually,FALSE
congressional,FALSE
regulatory,FALSE
Senate,FALSE
voter,TRUE
committee,FALSE
council,FALSE
Commission,FALSE
government,FALSE
to,TRUE
player,TRUE
volunteer,TRUE
also,FALSE
group,FALSE
member,TRUE
send,TRUE
issue,TRUE
note,TRUE
offer,TRUE
release,TRUE
publish,FALSE
message,TRUE
message,FALSE
mail,TRUE
email,TRUE
command,FALSE
email,TRUE
letter,FALSE
sms,TRUE
package,TRUE
app,TRUE
expect,FALSE
trust,FALSE
operate,FALSE
machine,FALSE
tool,FALSE
appliance,TRUE
module,TRUE
library,TRUE
network,FALSE
algorithm,FALSE
protocol,FALSE
represent,FALSE
chapter,FALSE
paper,FALSE
standard,FALSE
publication,FALSE
address,TRUE
meet,FALSE
outline,FALSE
implement,TRUE
establish,FALSE
document,FALSE
fundamental,TRUE
late,TRUE
aspect,FALSE
principle,TRUE
strategy,FALSE
goal,FALSE
most,FALSE
case,FALSE
#,FALSE
#,FALSE
use,FALSE
come,FALSE
comment,FALSE
write,FALSE
rely,FALSE
focus,FALSE
appear,TRUE
act,TRUE
put,TRUE
turn,TRUE
pass,TRUE
target,TRUE
keyboard,TRUE
variable,TRUE
word,TRUE
choose,TRUE
get,TRUE
#,TRUE
#,TRUE
student,TRUE
#,FALSE
group,TRUE
#,FALSE
question,FALSE
number,TRUE
choose,TRUE
need,FALSE
wish,TRUE
continue,TRUE
intend,FALSE
continue,FALSE
fail,FALSE
hear,FALSE
pass,FALSE
read,FALSE
you,FALSE
may,TRUE
fund,FALSE
people,TRUE
option,FALSE
opportunity,FALSE
opportunity,TRUE
someone,TRUE
declare,TRUE
reserve,TRUE
lend,TRUE
asset,TRUE
aircraft,FALSE
apartment,FALSE
exemption,FALSE
allowance,FALSE
hour,FALSE
automobile,FALSE
lease,FALSE
rent,TRUE
share,FALSE
loan,FALSE
tenant,TRUE
sell,FALSE
claim,TRUE
landlord,TRUE
#,TRUE
mortgage,TRUE
#,FALSE
step,TRUE
step,TRUE
level,TRUE
index,TRUE
table,FALSE
figure,TRUE
National,TRUE
state,FALSE
government,TRUE
federal,TRUE
general,TRUE
additional,TRUE
financial,TRUE
net,TRUE
exist,TRUE
cash,TRUE
personal,TRUE
info,TRUE
comment,TRUE
depend,TRUE
click,FALSE
our,FALSE
membership,FALSE
development,TRUE
leadership,TRUE
architecture,TRUE
composition,TRUE
body,TRUE
history,TRUE
define,TRUE
govern,TRUE
determine,TRUE
characterize,TRUE
represent,TRUE
illustrate,TRUE
form,TRUE
cover,TRUE
outline,TRUE
follow,FALSE
support,FALSE
summarize,TRUE
university,FALSE
degree,FALSE
degree,TRUE
physical,TRUE
date,TRUE
#,FALSE
#,TRUE
i,TRUE
application,TRUE
both,TRUE
entry,TRUE
search,TRUE
electronic,FALSE
online,TRUE
office,TRUE
some,TRUE
service,FALSE
must,TRUE
automatically,TRUE
provide,TRUE
offer,TRUE
offer,TRUE
regard,TRUE
communication,FALSE
training,TRUE
meet,FALSE
payment,FALSE
assistance,TRUE
book,TRUE
capability,FALSE
police,FALSE
state,TRUE
security,FALSE
grade,FALSE
age,FALSE
aged,FALSE
type,FALSE
age,TRUE
by,TRUE
give,FALSE
whose,FALSE
#,TRUE
grant,FALSE
like,FALSE
grant,TRUE
we,FALSE
far,FALSE
check,TRUE
change,FALSE
range,FALSE
circulation,FALSE
score,FALSE
seat,FALSE
fare,FALSE
sound,FALSE
road,TRUE
number,FALSE
classification,TRUE
weather,TRUE
climate,FALSE
rating,FALSE
vote,TRUE
guide,FALSE
Manual,FALSE
page,TRUE
directory,TRUE
register,TRUE
money,FALSE
drive,TRUE
rider,TRUE
ride,FALSE
speed,TRUE
project,FALSE
attendance,FALSE
gross,FALSE
worker,FALSE
price,FALSE
budget,TRUE
fuel,TRUE
team,TRUE
month,TRUE
capita,TRUE
player,TRUE
dollar,TRUE
chapter,TRUE
article,TRUE
section,TRUE
part,TRUE
version,FALSE
receive,TRUE
create,TRUE
generate,TRUE
write,FALSE
short,TRUE
brief,TRUE
warn,TRUE
video,FALSE
voice,TRUE
box,TRUE
menu,FALSE
block,TRUE
without,TRUE
use,TRUE
situation,TRUE
event,FALSE
incident,TRUE
accident,FALSE
occurrence,TRUE
scenario,FALSE
damage,TRUE
disaster,TRUE
follow,TRUE
would,TRUE
improvement,TRUE
effort,TRUE
attempt,TRUE
advance,TRUE
step,TRUE
progress,TRUE
investment,TRUE
proposal,FALSE
amendment,FALSE
successful,FALSE
unsuccessful,FALSE
succeed,FALSE
conduct,FALSE
abandon,FALSE
complete,FALSE
accomplish,FALSE
undertake,FALSE
make,FALSE
justify,FALSE
apply,FALSE
write,FALSE
incorporate,TRUE
employ,TRUE
understand,TRUE
define,TRUE
adopt,TRUE
add,TRUE
implement,FALSE
utilize,TRUE
english,FALSE
scientific,FALSE
modern,TRUE
accounting,TRUE
french,FALSE
common,FALSE
military,TRUE
german,TRUE
commercial,TRUE
terminology,TRUE
term,FALSE
logic,TRUE
model,FALSE
concept,FALSE
process,FALSE
procedure,FALSE
method,FALSE
programming,FALSE
assembly,TRUE
functional,TRUE
management,TRUE
descriptive,FALSE
guideline,FALSE
practice,FALSE
language,TRUE
address,TRUE
explain,FALSE
describe,TRUE
document,FALSE
consider,FALSE
maintain,FALSE
discuss,FALSE
include,FALSE
state,FALSE
ignore,FALSE
product,FALSE
topic,FALSE
transaction,FALSE
company,FALSE
industry,FALSE
2015,FALSE
2016,FALSE
2011,FALSE
2007,FALSE
2017,FALSE
very,FALSE
release,FALSE
type,FALSE
mode,FALSE
session,FALSE
form,FALSE
server,TRUE
string,TRUE
agent,TRUE
possibility,TRUE
freedom,FALSE
right,TRUE
feature,FALSE
accept,TRUE
execute,TRUE
initiate,FALSE
reject,TRUE
answer,TRUE
game,TRUE
image,TRUE
map,TRUE
song,TRUE
episode,FALSE
character,FALSE
complete,FALSE
full,FALSE
only,FALSE
complete,TRUE
overall,TRUE
historical,TRUE
official,TRUE
#,TRUE
result,TRUE
time,FALSE
#,FALSE
pattern,TRUE
screen,TRUE
match,TRUE
incomplete,FALSE
show,TRUE
#,TRUE
#,TRUE
delete,FALSE
can,FALSE
could,FALSE
name,TRUE
know,FALSE
#,TRUE
password,TRUE
name,FALSE
credential,TRUE
directory,TRUE
input,TRUE
card,TRUE
knowledge,TRUE
reference,TRUE
next,FALSE
search,FALSE
#,TRUE
#,TRUE
#,FALSE
#,FALSE
characteristic,TRUE
description,FALSE
layout,TRUE
publish,FALSE
resource,TRUE
#,FALSE
#,TRUE
#,TRUE
long,FALSE
dead,FALSE
last,TRUE
#,TRUE
start,TRUE
enter,TRUE
#,TRUE
select,FALSE
type,FALSE
load,FALSE
testing,FALSE
prepare,FALSE
mapping,FALSE
game,FALSE
result,FALSE
correspond,FALSE
population,FALSE
energy,TRUE
internal,TRUE
buffer,TRUE
average,TRUE
mean,FALSE
water,FALSE
shall,TRUE
might,FALSE
vary,FALSE
differ,TRUE
change,TRUE
vary,FALSE
operate,FALSE
proceed,FALSE
due,FALSE
prior,FALSE
lead,FALSE
lead,FALSE
amount,FALSE
tool,FALSE
#,TRUE
statement,TRUE
execute,TRUE
key,TRUE
name,FALSE
point,TRUE
team,FALSE
project,TRUE
agent,TRUE
allocate,FALSE
award,TRUE
offer,FALSE
open,FALSE
candidate,FALSE
player,FALSE
applicant,FALSE
teacher,FALSE
team,FALSE
school,TRUE
judge,FALSE
club,TRUE
coach,TRUE
committee,TRUE
instructor,TRUE
guide,TRUE
appropriate,TRUE
contributor,TRUE
dedicate,TRUE
adapt,TRUE
education,TRUE
education,FALSE
Institute,FALSE
school,FALSE
online,TRUE
center,FALSE
#,FALSE
feature,FALSE
produce,FALSE
object,FALSE
scenario,TRUE
review,TRUE
file,TRUE
correct,TRUE
rule,TRUE
stage,TRUE
Act,TRUE
door,TRUE
previous,FALSE
expression,FALSE
Google,FALSE
base,TRUE
Wikipedia,TRUE
#,TRUE
disk,TRUE
medium,TRUE
storage,TRUE
binary,TRUE
electronic,TRUE
ramp,TRUE
port,TRUE
tunnel,TRUE
gate,FALSE
channel,TRUE
tank,FALSE
door,TRUE
hatch,FALSE
pipe,TRUE
develop,TRUE
preserve,TRUE
integrate,FALSE
secure,FALSE
structure,TRUE
strategy,FALSE
facility,FALSE
infrastructure,TRUE
component,FALSE
corridor,TRUE
solution,FALSE
plan,TRUE
mechanism,TRUE
facilitate,FALSE
encourage,TRUE
predict,TRUE
monitor,FALSE
promote,TRUE
accelerate,FALSE
growth,FALSE
expansion,FALSE
construction,FALSE
acquisition,FALSE
deployment,FALSE
improvement,TRUE
improve,FALSE
future,TRUE
well,TRUE
increase,FALSE
ongoing,FALSE
enhance,FALSE
efficient,FALSE
improve,FALSE
continuous,FALSE
sustainable,TRUE
continue,TRUE
global,TRUE
proper,TRUE
analysis,TRUE
study,TRUE
recommend,TRUE
let,TRUE
active,FALSE
direct,FALSE
end,TRUE
key,FALSE
buy,FALSE
#,FALSE
#,FALSE
rule,TRUE
article,TRUE
track,FALSE
window,FALSE
number,TRUE
judge,TRUE
element,FALSE
class,TRUE
company,TRUE
extend,TRUE
show,FALSE
award,TRUE
deny,TRUE
responsibility,TRUE
power,TRUE
duty,FALSE
role,FALSE
interactive,FALSE
optional,TRUE
audio,TRUE
animate,TRUE
automate,TRUE
instant,TRUE
incoming,TRUE
empty,TRUE
exit,FALSE
example,FALSE
correction,TRUE
signal,TRUE
mark,FALSE
vector,FALSE
score,FALSE
mathematic,FALSE
architecture,FALSE
system,TRUE
editor,TRUE
designer,FALSE
Map,FALSE
Database,FALSE
location,FALSE
site,FALSE
season,FALSE
area,FALSE
place,FALSE
file,FALSE
population,TRUE
building,FALSE
year,TRUE
place,FALSE
construction,TRUE
window,TRUE
combine,FALSE
enable,TRUE
advance,TRUE
support,TRUE
easy,FALSE
quick,FALSE
fast,FALSE
complex,TRUE
rapid,TRUE
detail,TRUE
specialize,TRUE
extensive,TRUE
search,FALSE
which,FALSE
damage,TRUE
compare,TRUE
lose,TRUE
destroy,TRUE
vulnerable,FALSE
close,FALSE
relative,TRUE
adjacent,TRUE
market,TRUE
include,TRUE
access,TRUE
order,TRUE
contact,TRUE
answer,TRUE
place,TRUE
accept,TRUE
party,FALSE
person,FALSE
head,FALSE
official,FALSE
leader,FALSE
head,TRUE
commander,FALSE
employee,TRUE
manager,FALSE
headquarter,FALSE
head,TRUE
comment,FALSE
report,TRUE
work,TRUE
report,TRUE
daily,TRUE
home,FALSE
॥,TRUE
。,FALSE
problem,FALSE
business,TRUE
self,TRUE
knowledge,TRUE
process,TRUE
value,FALSE
Model,FALSE
web,FALSE
student,FALSE
orient,FALSE
base,FALSE
base,TRUE
invariant,TRUE
intensive,TRUE
center,TRUE
drive,TRUE
friendly,TRUE
operational,FALSE
#,TRUE
arise,FALSE
purchase,FALSE
buy,FALSE
acquire,TRUE
find,FALSE
identify,TRUE
develop,FALSE
introduce,TRUE
build,FALSE
want,FALSE
word,TRUE
reason,FALSE
answer,TRUE
winner,FALSE
bold,TRUE
null,TRUE
what,TRUE
schedule,TRUE
nothing,TRUE
miss,FALSE
know,TRUE
title,FALSE
example,TRUE
language,FALSE
program,FALSE
enterprise,TRUE
job,FALSE
domain,TRUE
assignment,FALSE
job,FALSE
operation,FALSE
hire,FALSE
contract,TRUE
select,TRUE
pay,TRUE
license,TRUE
order,FALSE
call,FALSE
contact,TRUE
organisation,TRUE
administrator,TRUE
individual,TRUE
basis,FALSE
switch,FALSE
shift,TRUE
vary,FALSE
migrate,FALSE
differ,FALSE
go,FALSE
jump,TRUE
transition,FALSE
communicate,TRUE
trade,TRUE
community,FALSE
administration,FALSE
depend,FALSE
dependent,TRUE
work,TRUE
independently,TRUE
respective,TRUE
various,TRUE
administrative,FALSE
different,TRUE
register,FALSE
surplus,FALSE
ownership,TRUE
industrial,TRUE
#,TRUE
#,FALSE
#,TRUE
#,TRUE
#,FALSE
#,FALSE
#,TRUE
#,FALSE
#,TRUE
#,FALSE
#,FALSE
#,TRUE
#,FALSE
asset,FALSE
product,TRUE
subsidiary,TRUE
own,FALSE
associate,FALSE
non,FALSE
foreign,FALSE
sub,FALSE
UK,TRUE
EU,TRUE
per,TRUE
group,TRUE
control,FALSE
vehicle,TRUE
inspect,TRUE
retain,TRUE
protect,TRUE
maintain,TRUE
recognise,TRUE
certify,FALSE
iso,TRUE
unit,TRUE
bank,FALSE
oversee,FALSE
vacant,FALSE
city,FALSE
municipal,TRUE
residential,TRUE
task,TRUE
warning,TRUE
maintenance,FALSE
CO,TRUE
operation,TRUE
professional,TRUE
qualified,TRUE
personal,TRUE
authorise,FALSE
private,TRUE
remote,TRUE
experience,FALSE
it,FALSE
worker,TRUE
focus,TRUE
intent,TRUE
advise,FALSE
put,FALSE
conditional,FALSE
keep,FALSE
concentrate,FALSE
wait,FALSE
ask,FALSE
check,TRUE
execution,TRUE
completion,TRUE
wait,TRUE
wait,TRUE
wait,FALSE
wait,TRUE
preparation,FALSE
inspection,TRUE
clearance,FALSE
consent,TRUE
review,FALSE
certification,TRUE
preference,FALSE
nationality,FALSE
visitor,FALSE
director,FALSE
party,TRUE
driver,TRUE
participant,TRUE
resident,FALSE
voter,FALSE
maintain,TRUE
connection,FALSE
path,TRUE
approach,TRUE
flow,TRUE
route,FALSE
reply,FALSE
introduction,FALSE
archive,FALSE
campus,TRUE
record,TRUE
material,TRUE
authority,FALSE
country,TRUE
agency,TRUE
organisation,TRUE
laboratory,TRUE
agent,TRUE
personnel,TRUE
expert,TRUE
government,TRUE
supplier,TRUE
moment,TRUE
rate,FALSE
period,FALSE
stage,FALSE
distance,FALSE
24,TRUE
daylight,TRUE
peak,TRUE
regular,FALSE
normal,FALSE
district,FALSE
network,FALSE
promote,TRUE
relegate,TRUE
move,TRUE
elevate,TRUE
recruit,FALSE
elect,FALSE
reassign,TRUE
relate,FALSE
pertain,FALSE
relevant,FALSE
primary,FALSE
field,FALSE
eliminate,FALSE
note,FALSE
winner,TRUE
#,TRUE
#,FALSE
#,FALSE
history,TRUE
then,TRUE
just,TRUE
and,FALSE
packet,TRUE
certificate,TRUE
update,TRUE
label,TRUE
specify,TRUE
verify,TRUE
define,TRUE
determine,TRUE
implement,TRUE
establish,TRUE
confirm,FALSE
update,TRUE
element,TRUE
while,TRUE
begin,TRUE
#,TRUE
up,FALSE
#,FALSE
original,TRUE
idea,FALSE
concern,FALSE
involve,FALSE
kind,FALSE
kind,FALSE
variety,FALSE
sort,TRUE
sort,FALSE
sequence,FALSE
anything,FALSE
something,FALSE
everything,FALSE
division,FALSE
tier,TRUE
lot,FALSE
God,FALSE
count,TRUE
assess,TRUE
manipulate,FALSE
location,FALSE
building,FALSE
area,FALSE
ship,FALSE
force,FALSE
property,FALSE
business,FALSE
holding,TRUE
security,FALSE
profit,FALSE
own,FALSE
possess,FALSE
interested,FALSE
active,FALSE
remain,TRUE
survive,FALSE
board,FALSE
association,FALSE
union,FALSE
club,FALSE
keep,FALSE
inherit,FALSE
book,TRUE
piece,TRUE
article,TRUE
entry,FALSE
portfolio,FALSE
simple,FALSE
follow,FALSE
latter,FALSE
last,FALSE
special,FALSE
next,FALSE
final,FALSE
bad,TRUE
test,FALSE
application,FALSE
process,FALSE
#,TRUE
function,FALSE
rule,TRUE
stage,TRUE
model,TRUE
statement,TRUE
method,TRUE
point,FALSE
mode,FALSE
mechanism,FALSE
procedure,TRUE
aspect,FALSE
tool,FALSE
involve,FALSE
describe,FALSE
include,FALSE
mean,FALSE
represent,TRUE
require,FALSE
comprise,FALSE
define,TRUE
encompasse,TRUE
contain,FALSE
denote,FALSE
possibility,FALSE
way,TRUE
concept,FALSE
act,TRUE
task,TRUE
problem,FALSE
case,TRUE
ease,TRUE
idea,FALSE
difficulty,FALSE
practice,FALSE
make,FALSE
create,FALSE
generate,TRUE
write,TRUE
implement,FALSE
send,FALSE
develop,FALSE
execute,FALSE
prepare,TRUE
produce,TRUE
processing,TRUE
issue,TRUE
find,TRUE
request,TRUE
select,TRUE
system,TRUE
object,TRUE
product,TRUE
program,TRUE
device,TRUE
feature,TRUE
resource,FALSE
experience,TRUE
environment,FALSE
service,
interface,
machine,
say,
believe,
know,
see,
think,
understand,
assume,
conclude,
agree,
say,
find,
argue,
note,
feel,
realize,
one,
everyone,
solely,
simply,
together,
merely,
outcome,
result,
detail,
result,
purpose,
objective,
end,
scope,
objective,
consequence,
success,
cost,
goal,
direction,
nature,
event,
hold,
set,
roll,
go,
take,
count,
call,
turn,
call,
pay,
move,
come,
run,
bring,
',
provide,
offer,
allow,
provide,
ensure,
enable,
maintain,
provide,
give,
support,
offer,
access,
connection,
link,
response,
path,
return,
approach,
access,
flow,
route,
reply,
introduction,
release,
channel,
internet,
library,
information,
datum,
internet,
site,
database,
archive,
archive,
campus,
computer,
build,
record,
collection,
material,
source,
authority,
party,
user,
country,
agency,
organisation,
company,
laboratory,
agent,
organization,
personnel,
expert,
government,
supplier,
time,
level,
moment,
rate,
location,
opportunity,
place,
hour,
time,
period,
station,
distance,
business,
24,
daylight,
work,
peak,
school,
work,
regular,
normal,
office,
certain,
#,
please,
a,
the,
to,
please,
for,
request,
call,
quick,
use,
service,
support,
profile,
user,
text,
play,
option,
game,
print,
version,
free,
web,
search,
app,
final,
all,
annual,
full,
census,
source,
location,
datum,
type,
total,
official,
complete,
vary,
vary,
number,
range,
sort,
list,
value,
order,
base,
distribution,
list,
year,
date,
default,
year,
month,
agency,
it,
this,
information,
file,
calendar,
website,
Map,
content,
register,
use,
require,
necessary,
make,
do,
give,
obtain,
perform,
activate,
create,
establish,
available,
apply,
issue,
customer,
visitor,
player,
student,
people,
participant,
buyer,
get,
explicitly,
become,
previously,
actively,
new,
desire,
complete,
acquire,
purchase,
additional,
[,
safety,
maintenance,
quality,
equipment,
security,
administration,
control,
management,
supply,
Personnel,
logistic,
health,
budget,
organization,
safety,
it,
management,
skill,
maintenance,
equipment,
control,
technical,
skill,
software,
knowledge,
system,
requirement,
staff,
function,
specialist,
tool,
measure,
department,
task,
manage,
maintain,
handle,
complete,
protect,
prepare,
run,
keep,
operate,
organize,
store,
monitor,
infrastructure,
facility,
network,
security,
company,
facility,
organization,
figure,
table,
level,
step,
section,
part,
chapter,
section,
table,
article,
step,
article,
paragraph,
figure,
name,
age,
type,
age,
number,
name,
type,
preference,
category,
role,
nationality,
hour,
applicant,
director,
member,
driver,
entry,
resident,
candidate,
voter,
business,
these,
administrative,
service,
office,
system,
district,
network,
software,
computer,
public,
manager,
group,
unit,
officer,
committee,
assign,
appoint,
promote,
deploy,
relegate,
transfer,
move,
elevate,
classify,
restrict,
attach,
recruit,
elect,
reassign,
situation,
position,
entity,
order,
role,
authority,
area,
structure,
relative,
accord,
relate,
relate,
appropriate,
due,
specific,
pertain,
prior,
correspond,
relevant,
respective,
particular,
current,
individual,
main,
actual,
various,
primary,
administrative,
basic,
different,
research,
domain,
field,
jurisdiction,
capacity,
॥,
。,
they,
operation,
we,
service,
respond,
refer,
report,
belong,
contribute,
respond,
operate,
dedicate,
contribute,
commit,
participate,
report,
present,
follow,
core,
general,
military,
follow,
group,
standard,
section,
team,
area,
specification,
community,
language,
database,
point,
destination,
regulation,
region,
rule,
call,
base,
page,
manual,
guide,
window,
combine,
feature,
advance,
simple,
easy,
quick,
fast,
complex,
efficient,
rapid,
detail,
specialize,
extensive,
search,
application,
functionality,
activity,
operation,
manage,
handle,
implement,
initiate,
generate,
conduct,
access,
element,
part,
aspect,
level,
copy,
version,
attribute,
property,
content,
component,
value,
form,
underlie,
exist,
asset,
entire,
economic,
abstract,
external,
electronic,
ideal,
investment,
file,
document,
language,
dictionary,
record,
code,
format,
form,
edition,
script,
read,
include,
consider,
remove,
define,
delete,
omit,
search,
add,
identify,
specify,
change,
find,
no,
an,
if,
when,
another,
any,
one,
where,
your,
header,
ID,
content,
status,
size,
length,
zero,
unknown,
FALSE,
TRUE,
car,
point,
note,
fund,
item,
be,
player,
rank,
eligible,
hold,
seed,
certify,
release,
carry,
replace,
aged,
classification,
mathematic,
architecture,
also,
name,
system,
manager,
operator,
editor,
designer,
manager,
design,
library,
publishing,
operate,
reference,
production,
product,
Database,
technical,
in,
on,
over,
after,
during,
with,
within,
of,
day,
#,
week,
mw,
year,
#,
#,
unit,
km,
phase,
month,
average,
job,
span,
shift,
vacation,
wage,
term,
study,
ratio,
project,
2007,
2011,
2014,
2015,
2010,
2012,
2008,
day,
person,
employee,
person,
worker,
man,
week,
inhabitant,
per,
job,
minute,
line,
#,
m²,
#,
#,
#,
total,
whole,
12,
full,
display,
cd,
book,
#,
menu,
log,
#,
list,
show,
cover,
store,
change,
solution,
alternative,
fact,
step,
possibility,
advantage,
benefit,
curriculum,
instrument,
plan,
receive,
request,
produce,
collect,
achieve,
approve,
each,
first,
new,
my,
every,
second,
next,
#,
#,
#,
#,
#,
#,
#,
#,
check,
occur,
start,
update,
change,
call,
perform,
use,
begin,
take,
conduct,
make,
receive,
implement,
apply,
former,
principle,
also,
technique,
often,
concern,
permit,
add,
introduce,
apply,
transfer,
provide,
connect,
return,
convert,
link,
fit,
deliver,
identify,
give,
item,
inventory,
element,
piece,
component,
part,
quantity,
character,
market,
portfolio,
scheme,
he,
she,
†,
who,
appear,
exist,
occur,
include,
belong,
fit,
appear,
seem,
show,
appear,
genus,
note,
mean,
ensure,
except,
except,
so,
ranking,
code,
criterion,
statistic,
boundary,
position,
district,
rating,
class,
district,
division,
department,
region,
subdivision,
branch,
zone,
#,
administrator,
professional,
provider,
#,
vendor,
#,
#,
developer,
choose,
offer,
define,
apply,
create,
specify,
give,
take,
identify,
select,
issue,
kind,
set,
degree,
layer,
definition,
pattern,
method,
object,
program,
file,
allow,
enable,
require,
permit,
allow,
help,
ask,
let,
other,
client,
someone,
business,
retain,
make,
get,
become,
enjoy,
remain,
subset,
portion,
majority,
lot,
variety,
summary,
percentage,
share,
determine,
indicate,
legal,
well,
correct,
their,
#,
time,
end,
start,
stop,
start,
finish,
zero,
take,
tax,
use,
performance,
exchange,
error,
distribute,
failure,
message,
propagation,
loss,
message,
error,
word,
destroy,
erase,
lose,
save,
return,
power,
resource,
ability,
space,
memory,
flexibility,
bandwidth,
capability,
strength,
acquire,
purchase,
gain,
possess,
hold,
buy,
save,
version,
player,
rule,
mode,
class,
stage,
application,
license,
assign,
register,
obtain,
locate,
pick,
approve,
grant,
extend,
receive,
add,
award,
character,
assignment,
child,
class,
instal,
write,
store,
execute,
support,
embed,
license,
host,
platform,
window,
improvement,
effort,
attempt,
advance,
recommendation,
decision,
suggestion,
progress,
investment,
proposal,
amendment,
adjustment,
successful,
unsuccessful,
take,
succeed,
abandon,
accomplish,
limit,
undertake,
justify,
use,
incorporate,
employ,
understand,
define,
adopt,
utilize,
english,
scientific,
standard,
modern,
accounting,
french,
common,
german,
commercial,
academic,
terminology,
term,
document,
logic,
model,
concept,
process,
principle,
procedure,
programming,
assembly,
formal,
functional,
sign,
descriptive,
design,
guideline,
practice,
address,
explain,
describe,
document,
consider,
meet,
maintain,
discuss,
include,
state,
ignore,
product,
topic,
transaction,
activity,
industry,
context,
number,
code,
b,
index,
go,
now,
just,
you,
user,
always,
log,
log,
click,
comment,
comment,
link,
click,
click,
Wikipedia,
facebook,
Google,
portal,
server,
stack,
package,
map,
pile,
container,
volume,
matrix,
packet,
load,
sum,
drive,
design,
able,
useful,
need,
arrange,
expect,
build,
transport,
carry,
recover,
contain,
move,
transfer,
separate,
cover,
#,
#,
#,
start,
enter,
#,
type,
load,
testing,
mapping,
previous,
theory,
consider,
thing,
action,
action,
work,
cause,
predict,
induce,
see,
experience,
framework,
protocol,
its,
command,
command,
#,
sheet,
download,
update,
send,
open,
process,
share,
enter,
problem,
backup,
installation,
stadium,
contract,
deal,
extension,
car,
still,
currently,
always,
already,
within,
worth,
usually,
FCC,
court,
congressional,
regulatory,
Senate,
voter,
pende,
public,
committee,
council,
Commission,
government,
title,
category,
key,
example,
language,
suppose,
exactly,
operation,
parameter,
typical,
report,
involve,
kind,
amount,
sort,
sort,
series,
something,
idea,
situation,
anything,
online,
only,
overall,
additional,
historical,
#,
engine,
#,
result,
site,
#,
screen,
match,
incomplete,
show,
expect,
trust,
operate,
every,
device,
machine,
server,
hardware,
appliance,
module,
library,
network,
algorithm,
protocol,
perform,
represent,
control,
option,
head,
official,
leader,
head,
commander,
chief,
headquarter,
head,
comment,
note,
work,
info,
personal,
daily,
property,
home,
online,
diagram,
example,
explain,
demonstrate,
examine,
discuss,
explore,
generate,
produce,
build,
introduce,
develop,
deliver,
quality,
potential,
digital,
physical,
key,
performance,
division,
office,
city,
refer,
refer,
responsible,
equivalent,
belong,
condition,
most,
case,
test,
#,
#,
happen,
use,
come,
write,
rely,
focus,
act,
check,
put,
turn,
decide,
pass,
target,
keyboard,
variable,
word,
specie,
collection,
list,
application,
group,
many,
game,
route,
world,
map,
scenario,
ending,
card,
path,
publish,
follow,
file,
submit,
prepare,
result,
population,
energy,
internal,
buffer,
state,
local,
initial,
mean,
water,
may,
must,
would,
could,
shall,
might,
can,
differ,
vary,
state,
proceed,
subject,
lead,
correspond,
relate,
depend,
lead,
amount,
at,
from,
#,
favorite,
#,
capital,
property,
#,
#,
#,
#,
#,
#,
#,
#,
anything,
everything,
nothing,
anyone,
Germany,
India,
Japan,
China,
Pakistan,
Russia,
Switzerland,
Italy,
Romania,
Iran,
Greece,
ukraine,
France,
Canada,
Israel,
allow,
finance,
supervise,
regulate,
fund,
facilitate,
student,
interest,
international,
exit,
admission,
registration,
expert,
immigration,
that,
his,
#,
#,
#,
request,
need,
end,
help,
direct,
find,
active,
let,
#,
buy,
save,
search,
make,
draw,
pdf,
low,
parameter,
factor,
maximum,
large,
possible,
small,
minimum,
probability,
company,
plant,
unit,
bank,
store,
manage,
oversee,
vacant,
city,
municipal,
residential,
long,
dead,
last,
box,
#,
#,
#,
#,
#,
#,
#,
#,
#,
#,
#,
#,
#,
admission,
material,
thesis,
paper,
proposal,
grant,
answer,
accept,
sign,
hear,
#,
#,
#,
#,
board,
#,
#,
#,
#,
faculty,
#,
#,
board,
member,
president,
director,
leader,
representative,
coordinator,
chair,
secretary,
advisor,
member,
administrator,
principal,
another,
associate,
fellow,
non,
affiliate,
team,
association,
panel,
club,
originate,
arise,
come,
come,
originate,
derive,
stem,
exist,
education,
learn,
degree,
educational,
professional,
graduate,
honor,
preserve,
integrate,
secure,
structure,
strategy,
corridor,
plan,
mechanism,
facilitate,
prevent,
encourage,
predict,
promote,
accelerate,
development,
growth,
expansion,
construction,
acquisition,
plan,
storage,
deployment,
improvement,
improve,
future,
continue,
well,
increase,
ongoing,
enhance,
improve,
continuous,
sustainable,
continue,
global,
proper,
our,
current,
membership,
leadership,
architecture,
composition,
body,
history,
govern,
determine,
describe,
characterize,
represent,
illustrate,
form,
cover,
outline,
organize,
summarize,
university,
and,
world,
life,
face,
chief,
program,
general,
professor,
president,
student,
library,
provost,
President,
staff,
researcher,
responsibility,
expertise,
lead,
responsibility,
monopoly,
right,
input,
focus,
university,
product,
part,
material,
instrument,
weapon,
animal,
piece,
those,
book,
mark,
family,
category,
literature,
divide,
categorize,
sell,
group,
split,
#,
2013,
see,
2016,
2006,
2005,
2017,
way,
fact,
extent,
thing,
effect,
effect,
rating,
resource,
#,
#,
#,
education,
Institute,
school,
choose,
trial,
such,
#,
usage,
analysis,
support,
distribution,
method,
index,
#,
#,
address,
i,
while,
begin,
continue,
#,
up,
#,
answer,
original,
2004,
2003,
2009,
group,
#,
#,
#,
#,
#,
#,
operator,
representative,
engineer,
establish,
install,
open,
construct,
edit,
manipulate,
modify,
deploy,
multiple,
customer,
via,
impossible,
difficult,
mandatory,
optional,
unnecessary,
pass,
reach,
spend,
selfish,
violent,
past,
heroic,
bad,
reckless,
political,
recent,
evil,
foolish,
one,
problem,
self,
knowledge,
process,
value,
Model,
web,
student,
orient,
base,
invariant,
intensive,
center,
drive,
friendly,
operational,
project,
enterprise,
job,
server,
domain,
assignment,
duty,
hire,
contract,
select,
pay,
ask,
contact,
choose,
invite,
organisation,
individual,
basis,
whose,
without,
switch,
pass,
migrate,
differ,
go,
jump,
turn,
transition,
communicate,
trade,
community,
administration,
depend,
dependent,
independently,
license,
permission,
receiver,
player,
referee,
driver,
winner,
agent,
speaker,
caller,
owner,
teacher,
handle,
prepare,
criminal,
trial,
syntax,
grammar,
origin,
definition,
origin,
calculation,
test,
arithmetic,
cash,
register,
surplus,
stock,
ownership,
industrial,
#,
#,
#,
#,
asset,
subsidiary,
own,
associate,
single,
private,
foreign,
sub,
UK,
EU,
control,
either,
vehicle,
inspect,
retain,
protect,
maintain,
recognise,
state,
government,
iso,
bank,
other,
legal,
special,
_,
building,
find,
get,
imagine,
story,
theme,
style,
title,
personal,
local,
damage,
harm,
#,
search,
#,
#,
#,
#,
help,
automatically,
collect,
present,
privilege,
command,
app,
child,
party,
guest,
client,
judge,
citizen,
lawyer,
certificate,
letter,
denial,
acceptance,
rejection,
approval,
confusion,
argument,
violation,
abuse,
confirmation,
refusal,
disapproval,
authorization,
evaluation,
modification,
criticism,
validity,
patent,
propose,
account,
behavior,
meet,
detect,
verify,
upper,
reverse,
exact,
#,
case,
#,
d,
c,
ii,
IV,
tier,
tier,
division,
grade,
rank,
write,
create,
send,
write,
instruction,
letter,
statement,
sentence,
table,
chart,
edit,
animation,
everything,
event,
book,
chapter,
#,
#,
#,
#,
wish,
fail,
agree,
fail,
fail,
hear,
card,
source,
reference,
classification,
image,
characteristic,
description,
layout,
common,
free,
land,
good,
fair,
multiple,
safe,
single,
drug,
limit,
serve,
remain,
die,
influence,
lecture,
stay,
teach,
browser,
page,
download,
view,
anyone,
platform,
os,
technology,
computer,
environment,
format,
#,
purchase,
buy,
find,
identify,
develop,
introduce,
order,
build,
want,
#,
#,
sms,
interactive,
audio,
animate,
automate,
instant,
incoming,
empty,
correction,
signal,
mark,
vector,
score,
the,
total,
all,
total,
National,
new,
military,
state,
government,
federal,
general,
new,
capital,
additional,
financial,
net,
exist,
cash,
personal,
#,
level,
version,
player,
rule,
section,
mode,
chapter,
class,
stage,
application,
license,
system,
request,
find,
identify,
select,
choose,
create,
apply,
assign,
name,
register,
obtain,
locate,
pick,
acquire,
approve,
give,
grant,
get,
provide,
extend,
issue,
offer,
receive,
add,
gain,
award,
item,
task,
name,
level,
member,
character,
people,
unit,
point,
assignment,
information,
class,
child,
job,
level,
character,
game,
project,
user,
one,
person,
application,
class,
website,
this,
a,
another,
each,
their,
first,
my,
that,
one,
these,
his,
#,
#,
mode,
#,
control,
time,
#,
#,
#,
#,
change,
#,
#,
#,
use,
change,
end,
check,
delete,
must,
can,
may,
request,
could,
file,
would,
need,
#,
file,
to,
he,
they,
in,
when,
for,
by,
some,
People,
give,
give,
whose,
#,
#,
#,
modify,
like,
grant,
need,
require,
use,
require,
we,
far,
#,
manager,
administrator,
organization,
professional,
company,
department,
provider,
system,
#,
vendor,
#,
#,
developer,
service,
define,
specify,
take,
type,
kind,
form,
set,
category,
version,
degree,
layer,
definition,
pattern,
method,
type,
tool,
software,
datum,
object,
program,
solution,
rule,
application,
database,
allow,
enable,
it,
permit,
allow,
help,
order,
ask,
allow,
let,
user,
employee,
other,
client,
customer,
someone,
organisation,
business,
keep,
retain,
make,
maintain,
manage,
become,
enjoy,
handle,
remain,
subset,
portion,
part,
number,
majority,
set,
list,
lot,
variety,
summary,
percentage,
share,
collection,
version,
work,
domain,
system,
job,
business,
service,
knowledge,
product,
every,
#,
#,
#,
#,
#,
occur,
start,
arise,
happen,
come,
begin,
purchase,
create,
buy,
get,
acquire,
find,
identify,
develop,
receive,
introduce,
order,
build,
want,
program,
device,
installation,
machine,
write,
write,
create,
provide,
send,
send,
write,
use,
command,
text,
instruction,
number,
code,
letter,
word,
statement,
sentence,
table,
form,
script,
chart,
edit,
display,
search,
message,
command,
animation,
thing,
activity,
everything,
action,
something,
task,
event,
procedure,
anything,
remove,
do,
user,
please,
player,
volunteer,
also,
group,
we,
member,
issue,
note,
offer,
release,
send,
publish,
call,
contain,
issue,
message,
mail,
email,
email,
sms,
package,
report,
app,
able,
free,
require,
allow,
encourage,
ask,
expect,
invite,
permit,
authorize,
available,
instruct,
need,
unable,
force,
submit,
publish,
produce,
post,
prepare,
accept,
apply,
applicable,
understand,
know,
speak,
cite,
encounter,
employ,
agree,
adopt,
write,
quote,
terminology,
vocabulary,
language,
information,
analysis,
literature,
notation,
support,
content,
documentation,
code,
description,
control,
analysis,
code,
management,
design,
support,
number,
reference,
classification,
distribution,
method,
manager,
index,
production,
operate,
library,
computer,
publishing,
product,
technical,
software,
quick,
please,
FCC,
list,
interface,
error,
default,
access,
specific,
protection,
#,
#,
#,
item,
rule,
case,
declaration,
#,
#,
Google,
search,
option,
value,
account,
base,
ID,
model,
source,
Wikipedia,
determine,
choose,
define,
decide,
control,
next,
test,
follow,
final,
special,
main,
transfer,
bad,
entire,
simple,
computer,
latter,
current,
tool,
section,
page,
table,
manual,
group,
guide,
window,
site,
include,
combine,
enable,
feature,
involve,
advance,
support,
basic,
simple,
easy,
quick,
fast,
complex,
efficient,
rapid,
detail,
specialize,
extensive,
search,
functionality,
processing,
operation,
function,
research,
perform,
manage,
handle,
provide,
make,
implement,
initiate,
generate,
complete,
conduct,
access,
[,
know,
see,
believe,
understand,
assume,
ensure,
expect,
say,
think,
trust,
realize,
agree,
find,
operate,
every,
device,
machine,
server,
hardware,
appliance,
service,
module,
library,
network,
server,
network,
database,
algorithm,
protocol,
protocol,
perform,
run,
represent,
option,
call,
profile,
play,
print,
web,
work,
development,
text,
programming,
language,
write,
editing,
create,
write,
editor,
introduction,
use,
#,
source,
publisher,
2014,
2004,
London,
2011,
2003,
2001,
2008,
2015,
2010,
1999,
1996,
2006,
shall,
might,
help,
mean,
also,
automatically,
list,
show,
represent,
comprise,
detail,
collect,
cover,
include,
present,
privilege,
way,
property,
app,
child,
member,
player,
party,
student,
guest,
client,
customer,
club,
judge,
citizen,
driver,
lawyer,
conclude,
note,
say,
suppose,
together,
solely,
exactly,
simply,
result,
result,
operation,
outcome,
purpose,
scope,
context,
parameter,
structure,
content,
end,
function,
at,
from,
#,
favorite,
station,
receive,
send,
generate,
short,
clear,
brief,
warn,
video,
voice,
private,
box,
word,
line,
menu,
block,
object,
without,
except,
event,
situation,
action,
incident,
problem,
accident,
occurrence,
activity,
process,
scenario,
damage,
disaster,
follow,
mathematic,
architecture,
name,
system,
operator,
service,
designer,
manager,
Map,
Database,
no,
an,
if,
any,
where,
your,
header,
format,
status,
size,
length,
zero,
unknown,
FALSE,
TRUE,
last,
former,
court,
statement,
certificate,
document,
letter,
method,
sign,
#,
encompasse,
describe,
consider,
denial,
acceptance,
rejection,
approval,
confusion,
success,
argument,
violation,
abuse,
confirmation,
refusal,
disapproval,
response,
authorization,
evaluation,
modification,
criticism,
validity,
give,
particular,
patent,
legal,
single,
certain,
technical,
formal,
propose,
permission,
license,
experience,
behavior,
grant,
obtain,
approve,
achieve,
submit,
meet,
detect,
request,
verify,
contact,
english,
keyboard,
audio,
office,
department,
administrator,
board,
department,
office,
director,
administration,
Bureau,
division,
copyright,
education,
administrative,
survey,
preservation,
museum,
educational,
you,
fund,
ability,
opportunity,
money,
opportunity,
declare,
purchase,
reserve,
buy,
lend,
asset,
aircraft,
amount,
apartment,
instrument,
exemption,
allowance,
hour,
equipment,
automobile,
lease,
rent,
borrow,
loan,
tenant,
sell,
claim,
landlord,
#,
mortgage,
#,
year,
',
student,
faculty,
student,
teacher,
staff,
teacher,
alumnus,
main,
judge,
deputy,
director,
other,
professor,
researcher,
scientist,
scholar,
expert,
academic,
doctor,
author,
writer,
artist,
educator,
alumnus,
faculty,
youth,
school,
staff,
parent,
article,
online,
part,
step,
article,
table,
track,
figure,
book,
Act,
form,
goal,
game,
door,
rating,
rating,
card,
reference,
low,
well,
parameter,
term,
factor,
maximum,
large,
potential,
actual,
possible,
small,
minimum,
memory,
probability,
property,
condition,
#,
#,
#,
#,
#,
#,
#,
#,
#,
#,
#,
#,
#,
it,
admission,
material,
thesis,
paper,
proposal,
file,
answer,
process,
sign,
hear,
#,
#,
#,
committee,
#,
board,
#,
#,
#,
#,
#,
#,
president,
director,
leader,
representative,
coordinator,
chair,
secretary,
advisor,
member,
administrator,
principal,
another,
associate,
fellow,
non,
correspond,
affiliate,
local,
team,
association,
council,
panel,
originate,
come,
come,
originate,
derive,
stem,
differ,
exist,
education,
learn,
academic,
degree,
interest,
school,
educational,
professional,
graduate,
rank,
honor,
second,
time,
start,
be,
stop,
after,
start,
become,
finish,
know,
#,
password,
address,
credential,
directory,
input,
i,
index,
score,
seat,
fare,
sound,
road,
number,
classification,
weather,
climate,
vote,
schedule,
inventory,
plan,
history,
#,
#,
case,
execute,
follow,
write,
power,
resource,
capacity,
space,
strength,
flexibility,
capability,
bandwidth,
protect,
possess,
hold,
chapter,
resource,
resource,
#,
#,
#,
#,
make,
display,
print,
size,
square,
type,
white,
blank,
plain,
rectangular,
xml,
location,
node,
target,
point,
working,
small,
work,
community,
individual,
study,
local,
large,
other,
social,
#,
#,
#,
#,
#,
#,
#,
#,
management,
leader,
office,
operator,
representative,
owner,
engineer,
personnel,
build,
design,
construct,
enter,
open,
install,
floor,
build,
room,
roof,
facility,
unit,
desk,
organization,
area,
permanent,
temporary,
improve,
complete,
upper,
organizational,
internal,
plan,
layout,
condition,
arrangement,
tile,
location,
design,
area,
accept,
hear,
seek,
appropriate,
urgent,
official,
initial,
explicit,
emergency,
immediate,
advance,
express,
online,
notice,
directly,
card,
agency,
authority,
officer,
such,
browser,
page,
site,
engine,
application,
download,
view,
anyone,
click,
platform,
os,
technology,
computer,
platform,
environment,
format,
read,
publish,
take,
indicate,
present,
correct,
how,
access,
help,
technology,
need,
organize,
develop,
operate,
implement,
monitor,
edit,
update,
utilize,
store,
distribute,
expand,
digital,
whole,
environment,
#,
#,
programming,
start,
enter,
#,
select,
type,
call,
load,
testing,
prepare,
mapping,
call,
example,
note,
key,
note,
type,
category,
see,
task,
file,
here,
feature,
free,
per,
web,
use,
personal,
#,
example,
t,
eliminate,
b,
winner,
c,
edition,
volume,
edition,
quarter,
print,
generation,
semester,
paper,
prize,
session,
place,
long,
dead,
last,
only,
#,
still,
family,
union,
individual,
company,
community,
council,
active,
college,
position,
affiliation,
membership,
join,
teach,
oversee,
lead,
head,
attend,
visit,
four,
three,
five,
six,
two,
library,
book,
material,
material,
comment,
info,
comment,
depend,
click,
accord,
limit,
relative,
limit,
state,
market,
instal,
store,
include,
support,
embed,
license,
host,
window,
framework,
way,
package,
datum,
its,
command,
#,
source,
sheet,
log,
link,
download,
update,
transfer,
open,
share,
deploy,
enter,
problem,
error,
backup,
university,
Institute,
school,
property,
#,
#,
key,
#,
#,
#,
#,
#,
fee,
transfer,
transfer,
transfer,
transaction,
body,
university,
institution,
professor,
organisation,
lecturer,
teacher,
confirm,
either,
peer,
age,
registration,
association,
officer,
problem,
business,
self,
knowledge,
process,
value,
Model,
student,
orient,
base,
base,
functional,
invariant,
intensive,
center,
drive,
friendly,
relate,
operational,
anything,
everything,
nothing,
anyone,
Germany,
India,
Japan,
China,
Pakistan,
Russia,
Switzerland,
Italy,
Romania,
Iran,
Greece,
ukraine,
France,
Canada,
Israel,
finance,
supervise,
regulate,
fund,
facilitate,
undertake,
work,
international,
study,
exit,
admission,
expert,
immigration,
step,
safety,
maintenance,
quality,
equipment,
security,
supply,
Personnel,
logistic,
health,
budget,
organization,
safety,
skill,
maintenance,
skill,
requirement,
specialist,
measure,
infrastructure,
security,
facility,
paragraph,
figure,
call,
appoint,
then,
just,
and,
code,
packet,
certificate,
update,
label,
verify,
determine,
establish,
confirm,
feature,
element,
next,
while,
begin,
continue,
#,
up,
work,
#,
answer,
original,
idea,
special,
project,
go,
now,
always,
log,
log,
click,
link,
move,
facebook,
portal,
complete,
full,
final,
overall,
additional,
historical,
official,
#,
result,
time,
screen,
match,
criterion,
incomplete,
show,
with,
on,
world,
life,
face,
2012,
2013,
2016,
2009,
2007,
2017,
2005,
very,
improvement,
effort,
attempt,
advance,
recommendation,
decision,
suggestion,
step,
progress,
investment,
proposal,
amendment,
adjustment,
successful,
unsuccessful,
succeed,
abandon,
accomplish,
make,
justify,
apply,
incorporate,
employ,
understand,
define,
provide,
adopt,
add,
implement,
utilize,
scientific,
standard,
modern,
accounting,
french,
common,
military,
german,
commercial,
term,
document,
logic,
model,
concept,
standard,
process,
principle,
assembly,
descriptive,
guideline,
practice,
address,
explain,
describe,
document,
consider,
meet,
maintain,
discuss,
include,
state,
ignore,
product,
topic,
industry,
specie,
collection,
define,
specify,
many,
interested,
remain,
survive,
small,
owner,
inherit,
book,
piece,
article,
entry,
portfolio,
register,
storage,
surplus,
stock,
ownership,
industrial,
#,
#,
#,
#,
asset,
subsidiary,
own,
associate,
foreign,
sub,
UK,
EU,
group,
physical,
hold,
control,
vehicle,
inspect,
retain,
protect,
maintain,
hold,
recognise,
certify,
government,
iso,
bank,
she,
God,
refuse,
deny,
much,
anybody,
location,
site,
season,
area,
place,
population,
building,
year,
place,
case,
construction,
district,
network,
public,
authority,
agency,
group,
agent,
committee,
assign,
promote,
relegate,
elevate,
classify,
restrict,
attach,
recruit,
elect,
reassign,
entity,
role,
relate,
due,
pertain,
prior,
relevant,
respective,
various,
primary,
administrative,
different,
field,
jurisdiction,
entry,
publication,
address,
meet,
outline,
implement,
establish,
state,
fundamental,
general,
late,
objective,
aspect,
strategy,
argue,
feel,
everyone,
merely,
objective,
consequence,
cost,
goal,
direction,
nature,
roll,
go,
take,
count,
turn,
pay,
move,
come,
run,
bring,
guide,
Manual,
page,
directory,
register,
age,
preference,
role,
nationality,
hour,
visitor,
applicant,
director,
party,
driver,
participant,
resident,
candidate,
voter,
#,
perform,
take,
conduct,
apply,
॥,
。,
who,
whoever,
everyone,
nobody,
assume,
serve,
author,
date,
title,
subject,
applicant,
agent,
resident,
consent,
zero,
take,
tax,
performance,
exchange,
distribute,
failure,
propagation,
loss,
destroy,
replace,
erase,
lose,
save,
return,
offer,
permit,
guarantee,
visitor,
passenger,
candidate,
freedom,
choice,
possibility,
chance,
right,
discover,
custom,
touch,
java,
map,
cloud,
template,
host,
#,
API,
continue,
want,
begin,
let,
active,
direct,
end,
buy,
#,
#,
preserve,
integrate,
secure,
structure,
strategy,
component,
corridor,
mechanism,
facilitate,
prevent,
encourage,
predict,
promote,
accelerate,
development,
growth,
expansion,
construction,
acquisition,
plan,
deployment,
improvement,
improve,
future,
well,
increase,
ongoing,
enhance,
continuous,
sustainable,
continue,
global,
proper,
result,
population,
energy,
buffer,
average,
mean,
water,
vary,
change,
vary,
operate,
proceed,
refer,
lead,
correspond,
relate,
lead,
amount,
assistant,
employee,
engineer,
technician,
controller,
designer,
holder,
provider,
remove,
inspect,
image,
archive,
belong,
belong,
belong,
connect,
go,
contribute,
belong,
master,
employer,
creator,
thing,
procedure,
hold,
as,
friend,
shop,
ordinary,
instructor,
researcher,
librarian,
addition,
return,
turn,
fact,
attempt,
#,
avoid,
undergo,
cause,
sure,
sense,
copy,
decision,
willing,
ready,
prepare,
qualified,
title,
entry,
contact,
reservation,
trust,
decision,
selection,
determine,
indicate,
enable,
identification,
identity,
signature,
logo,
diagram,
theory,
explain,
demonstrate,
examine,
concern,
discuss,
explore,
generate,
introduce,
deliver,
quality,
performance,
x,
v,
#,
#,
#,
confirm,
indicate,
ensure,
denote,
prove,
imply,
reveal,
say,
check,
fail,
decide,
yet,
reason,
choose,
stack,
pile,
container,
matrix,
packet,
load,
sum,
drive,
design,
useful,
arrange,
build,
transport,
carry,
recover,
contain,
move,
separate,
cover,
key,
name,
point,
team,
project,
agent,
allocate,
award,
player,
team,
judge,
club,
coach,
instructor,
guide,
contributor,
dedicate,
adapt,
zone,
district,
reverse,
principle,
exact,
#,
fair,
good,
common,
#,
mission,
#,
#,
aim,
connect,
large,
major,
ip,
national,
regional,
dimensional,
via,
unique,
communication,
connectivity,
integration,
#,
#,
#,
manipulate,
deploy,
multiple,
necessary,
impossible,
difficult,
mandatory,
optional,
unnecessary,
pass,
reach,
spend,
#,
interactive,
animate,
automate,
instant,
incoming,
empty,
electronic,
correction,
signal,
mark,
vector,
score,
center,
#,
produce,
image,
scenario,
review,
view,
high,
intermediate,
low,
production,
high,
operational,
top,
consultant,
even,
advisory,
monitor,
audit,
responsible,
review,
consider,
evaluate,
assess,
paperwork,
project,
contract,
ask,
wait,
pende,
look,
release,
delivery,
completion,
arrival,
inspection,
execution,
execute,
report,
within,
#,
#,
several,
box,
store,
part,
rule,
article,
track,
number,
book,
element,
company,
show,
delegate,
pass,
responsibility,
power,
duty,