available,FALSE
free,FALSE
provide,TRUE
use,TRUE
online,FALSE
distribute,FALSE
open,TRUE
deliver,TRUE
launch,TRUE
maintain,TRUE
include,TRUE
provide,TRUE
provide,TRUE
include,TRUE
offer,TRUE
support,TRUE
offer,TRUE
information,TRUE
software,TRUE
information,TRUE
communication,TRUE
communication,TRUE
it,TRUE
xml,FALSE
management,TRUE
datum,TRUE
integration,TRUE
application,TRUE
web,TRUE
automate,TRUE
business,TRUE
specialize,TRUE
service,TRUE
#,TRUE
solution,TRUE
capability,TRUE
access,TRUE
infrastructure,FALSE
development,TRUE
service,TRUE
facility,TRUE
resource,TRUE
functionality,TRUE
tool,TRUE
application,TRUE
enterprise,TRUE
developer,TRUE
network,TRUE
client,FALSE
business,TRUE
mission,TRUE
military,TRUE
security,TRUE
operational,TRUE
space,FALSE
deployment,FALSE
maintenance,FALSE
field,TRUE
network,FALSE
mission,TRUE
purpose,TRUE
system,TRUE
operation,TRUE
organization,TRUE
area,TRUE
project,TRUE
aircraft,TRUE
group,TRUE
environment,TRUE
task,TRUE
need,FALSE
use,TRUE
use,FALSE
utilize,TRUE
via,TRUE
include,TRUE
cloud,TRUE
proprietary,TRUE
java,TRUE
IBM,TRUE
oracle,TRUE
web,TRUE
exist,TRUE
patent,TRUE
Microsoft,TRUE
advance,TRUE
',TRUE
the,TRUE
these,TRUE
mathematical,TRUE
decision,TRUE
control,TRUE
some,TRUE
language,TRUE
such,TRUE
design,TRUE
rule,TRUE
logic,TRUE
classification,FALSE
its,TRUE
software,TRUE
#,TRUE
logic,FALSE
model,FALSE
theory,TRUE
concept,TRUE
ethic,FALSE
rule,FALSE
process,FALSE
definition,TRUE
terminology,TRUE
term,FALSE
theory,FALSE
philosophy,FALSE
behavior,FALSE
practice,TRUE
classify,TRUE
divide,TRUE
group,TRUE
categorize,TRUE
organize,TRUE
sort,FALSE
subdivide,TRUE
break,TRUE
split,TRUE
put,TRUE
define,TRUE
arrange,TRUE
separate,FALSE
summarize,FALSE
structure,TRUE
category,TRUE
part,TRUE
type,FALSE
section,TRUE
class,FALSE
level,TRUE
way,TRUE
component,TRUE
step,FALSE
layer,TRUE
element,TRUE
kind,FALSE
stage,FALSE
constraint,FALSE
definition,FALSE
principle,FALSE
fact,FALSE
assumption,FALSE
norm,TRUE
requirement,TRUE
method,TRUE
procedure,TRUE
decision,TRUE
algorithm,TRUE
specification,TRUE
interpretation,TRUE
technique,TRUE
idea,TRUE
law,TRUE
example,TRUE
other,TRUE
transaction,FALSE
network,TRUE
additional,TRUE
other,TRUE
system,TRUE
personal,TRUE
source,TRUE
external,TRUE
technical,TRUE
public,TRUE
visual,TRUE
file,TRUE
text,TRUE
project,TRUE
general,TRUE
basic,TRUE
feature,TRUE
database,TRUE
access,FALSE
provide,TRUE
have,TRUE
with,TRUE
have,TRUE
develop,TRUE
add,TRUE
offer,TRUE
include,TRUE
extend,TRUE
allow,TRUE
ability,TRUE
capability,TRUE
possibility,TRUE
opportunity,TRUE
mean,TRUE
option,TRUE
capacity,TRUE
facility,TRUE
way,FALSE
tool,TRUE
use,TRUE
manage,TRUE
handle,TRUE
utilize,TRUE
create,TRUE
integrate,FALSE
store,TRUE
process,FALSE
share,FALSE
analyze,FALSE
acquire,FALSE
digital,FALSE
compute,FALSE
hardware,FALSE
computer,FALSE
storage,FALSE
reference,FALSE
document,FALSE
knowledge,TRUE
relate,TRUE
memory,TRUE
source,TRUE
format,TRUE
form,TRUE
item,FALSE
structure,FALSE
object,FALSE
technology,FALSE
product,FALSE
#,FALSE
#,FALSE
file,FALSE
#,FALSE
#,TRUE
#,TRUE
#,TRUE
#,TRUE
#,TRUE
document,TRUE
#,TRUE
#,TRUE
#,TRUE
image,TRUE
map,TRUE
program,TRUE
report,TRUE
chart,TRUE
website,TRUE
video,TRUE
table,TRUE
network,TRUE
library,TRUE
graph,TRUE
time,TRUE
point,TRUE
stage,FALSE
moment,TRUE
date,FALSE
level,FALSE
period,TRUE
rate,TRUE
site,FALSE
hour,FALSE
day,TRUE
address,TRUE
station,TRUE
time,TRUE
meet,TRUE
documentation,TRUE
evidence,TRUE
material,TRUE
work,TRUE
detail,TRUE
research,TRUE
analysis,TRUE
description,TRUE
text,FALSE
coverage,TRUE
list,FALSE
history,TRUE
article,FALSE
page,TRUE
section,TRUE
table,TRUE
chapter,TRUE
book,FALSE
paper,TRUE
outline,TRUE
manual,FALSE
also,TRUE
entry,FALSE
report,FALSE
summary,TRUE
describe,TRUE
outline,FALSE
detail,TRUE
define,TRUE
outline,TRUE
list,TRUE
explain,TRUE
describe,TRUE
discuss,TRUE
identify,TRUE
highlight,TRUE
design,TRUE
manufacture,TRUE
upgrade,TRUE
technical,TRUE
additional,TRUE
engineering,TRUE
production,TRUE
functional,TRUE
performance,TRUE
package,TRUE
package,TRUE
modification,TRUE
change,TRUE
suite,FALSE
require,TRUE
need,TRUE
necessary,TRUE
develop,TRUE
propose,FALSE
specify,TRUE
offer,TRUE
essential,TRUE
expect,TRUE
platform,TRUE
#,TRUE
system,TRUE
program,TRUE
code,TRUE
project,TRUE
processor,TRUE
engine,TRUE
architecture,TRUE
module,TRUE
company,TRUE
platform,TRUE
enable,TRUE
incorporate,TRUE
feature,TRUE
allow,TRUE
database,TRUE
resource,TRUE
content,TRUE
quality,TRUE
centralize,TRUE
transfer,TRUE
exchange,TRUE
share,TRUE
interchange,TRUE
processing,TRUE
collection,FALSE
protection,FALSE
mining,FALSE
center,FALSE
option,FALSE
opportunity,FALSE
technology,TRUE
function,FALSE
connect,FALSE
connectivity,FALSE
connection,FALSE
connection,FALSE
comparison,FALSE
link,TRUE
interface,TRUE
interface,TRUE
link,TRUE
multiple,TRUE
different,TRUE
remote,TRUE
various,TRUE
large,TRUE
common,TRUE
large,TRUE
many,TRUE
complex,TRUE
local,TRUE
global,TRUE
several,TRUE
asset,TRUE
power,TRUE
event,FALSE
base,TRUE
operate,TRUE
server,TRUE
host,FALSE
delivery,FALSE
advantage,FALSE
benefit,TRUE
possibility,TRUE
mechanism,FALSE
foundation,FALSE
basis,TRUE
industry,FALSE
consider,TRUE
define,TRUE
use,TRUE
give,TRUE
find,FALSE
for,TRUE
in,TRUE
see,TRUE
consider,TRUE
image,TRUE
format,TRUE
syntax,TRUE
structure,TRUE
layout,TRUE
font,FALSE
output,FALSE
electronic,FALSE
abstract,TRUE
interactive,TRUE
official,TRUE
individual,FALSE
entire,TRUE
actual,TRUE
example,TRUE
external,TRUE
model,TRUE
website,FALSE
framework,FALSE
application,TRUE
service,TRUE
#,TRUE
program,TRUE
element,FALSE
feature,TRUE
relation,TRUE
part,TRUE
system,TRUE
property,TRUE
know,TRUE
implement,FALSE
intend,TRUE
design,TRUE
write,TRUE
treat,TRUE
interpret,TRUE
consider,TRUE
equivalent,TRUE
restrict,FALSE
applicable,FALSE
limit,TRUE
bind,TRUE
accessible,FALSE
correspond,FALSE
specific,TRUE
reference,TRUE
extension,TRUE
analogous,TRUE
apply,FALSE
those,FALSE
all,TRUE
their,TRUE
this,TRUE
product,TRUE
objective,FALSE
standard,TRUE
status,TRUE
goal,TRUE
outcome,TRUE
result,TRUE
priority,TRUE
criterion,TRUE
set,TRUE
determine,TRUE
approve,TRUE
meet,TRUE
fulfil,TRUE
satisfy,TRUE
prepare,FALSE
review,TRUE
make,TRUE
perform,TRUE
formulate,TRUE
configuration,TRUE
characteristic,FALSE
nature,TRUE
state,TRUE
complexity,FALSE
size,TRUE
type,TRUE
environment,TRUE
country,TRUE
language,FALSE
domain,FALSE
region,FALSE
area,TRUE
market,FALSE
#,TRUE
#,TRUE
#,TRUE
#,TRUE
#,TRUE
product,TRUE
machine,FALSE
next,FALSE
primary,TRUE
main,FALSE
simple,TRUE
base,TRUE
appropriate,TRUE
prefer,TRUE
basic,TRUE
intermediate,TRUE
mode,TRUE
place,TRUE
unit,FALSE
zone,TRUE
mode,TRUE
order,TRUE
line,TRUE
form,TRUE
operation,TRUE
transport,TRUE
terminal,TRUE
automation,FALSE
cpu,FALSE
central,FALSE
batch,FALSE
high,FALSE
parallel,FALSE
high,FALSE
branch,FALSE
secondary,FALSE
per,FALSE
#,FALSE
unit,FALSE
centre,FALSE
node,FALSE
logistic,TRUE
handle,TRUE
recovery,TRUE
acquisition,TRUE
edit,FALSE
transmission,TRUE
equipment,TRUE
function,TRUE
team,TRUE
advantage,FALSE
benefit,FALSE
effect,FALSE
privilege,TRUE
luxury,TRUE
disadvantage,TRUE
responsibility,FALSE
convenience,TRUE
distinction,TRUE
task,TRUE
staff,TRUE
train,TRUE
monitor,TRUE
utilize,TRUE
consult,TRUE
manage,TRUE
direct,FALSE
augment,TRUE
assist,TRUE
operate,TRUE
supervise,TRUE
program,TRUE
instruct,TRUE
man,TRUE
duty,TRUE
premise,TRUE
call,TRUE
scene,TRUE
demand,TRUE
board,TRUE
ground,TRUE
shore,FALSE
location,FALSE
campus,TRUE
job,FALSE
staff,TRUE
engineer,TRUE
operator,FALSE
user,FALSE
technician,FALSE
expert,TRUE
personnel,FALSE
monitor,TRUE
sensor,TRUE
vendor,TRUE
cater,TRUE
account,TRUE
compensate,TRUE
accommodate,TRUE
adjust,TRUE
prepare,TRUE
cope,TRUE
care,TRUE
adapt,TRUE
account,TRUE
monitor,TRUE
change,TRUE
increase,TRUE
possible,TRUE
current,TRUE
daily,TRUE
increase,TRUE
future,FALSE
potential,FALSE
size,TRUE
shape,FALSE
frequency,FALSE
strength,TRUE
amount,TRUE
height,TRUE
distance,TRUE
weight,TRUE
speed,TRUE
condition,FALSE
number,TRUE
availability,TRUE
demand,FALSE
limitation,FALSE
cost,FALSE
lack,FALSE
user,FALSE
relevant,FALSE
device,FALSE
machine,FALSE
allow,FALSE
enable,FALSE
permit,FALSE
require,FALSE
allow,FALSE
encourage,FALSE
enable,FALSE
invite,FALSE
ask,TRUE
assist,TRUE
help,TRUE
direct,TRUE
person,FALSE
researcher,TRUE
customer,FALSE
visitor,TRUE
student,FALSE
citizen,TRUE
reader,TRUE
developer,FALSE
client,TRUE
consumer,FALSE
participant,FALSE
player,FALSE
member,FALSE
collect,TRUE
search,FALSE
find,FALSE
view,FALSE
download,TRUE
identify,TRUE
locate,TRUE
retrieve,TRUE
gather,TRUE
discover,TRUE
edit,TRUE
compare,TRUE
review,FALSE
display,TRUE
update,TRUE
record,TRUE
interpret,FALSE
index,TRUE
record,TRUE
site,FALSE
article,FALSE
page,FALSE
property,FALSE
meet,FALSE
meet,TRUE
fit,FALSE
satisfy,FALSE
fit,TRUE
fulfill,TRUE
match,TRUE
suit,TRUE
match,TRUE
exceed,TRUE
support,TRUE
suit,TRUE
interest,TRUE
request,TRUE
need,TRUE
fee,TRUE
interest,TRUE
app,TRUE
define,TRUE
establish,TRUE
create,TRUE
name,TRUE
semantic,TRUE
logical,TRUE
formal,TRUE
new,FALSE
conceptual,TRUE
unique,TRUE
generic,FALSE
character,TRUE
standard,FALSE
convention,FALSE
scheme,FALSE
mechanism,FALSE
context,FALSE
term,FALSE
specification,FALSE
pattern,FALSE
rule,FALSE
code,FALSE
file,FALSE
#,FALSE
determine,FALSE
understand,TRUE
describe,TRUE
specify,TRUE
reflect,TRUE
establish,TRUE
explain,FALSE
indicate,TRUE
represent,FALSE
explore,FALSE
show,TRUE
map,TRUE
existence,TRUE
mean,FALSE
purpose,FALSE
significance,TRUE
scope,TRUE
origin,FALSE
presence,FALSE
role,TRUE
identity,TRUE
usage,TRUE
importance,TRUE
relationship,TRUE
similarity,TRUE
relation,TRUE
relevance,FALSE
relationship,TRUE
similarity,TRUE
resemblance,TRUE
compatibility,TRUE
proximity,TRUE
attribute,TRUE
name,TRUE
code,TRUE
number,TRUE
prefix,TRUE
designation,TRUE
name,TRUE
name,FALSE
convention,TRUE
protocol,TRUE
sequence,TRUE
international,TRUE
address,FALSE
organizational,FALSE
pattern,FALSE
scheme,FALSE
symbol,FALSE
parameter,FALSE
find,FALSE
contain,FALSE
establish,TRUE
present,TRUE
introduce,TRUE
list,TRUE
datum,TRUE
tag,TRUE
tag,TRUE
Database,TRUE
event,TRUE
security,TRUE
resource,TRUE
service,TRUE
tag,TRUE
program,TRUE
content,TRUE
#,TRUE
type,TRUE
flow,TRUE
integrity,TRUE
#,TRUE
grade,TRUE
display,TRUE
control,TRUE
track,FALSE
recognition,TRUE
monitor,FALSE
include,TRUE
contain,FALSE
right,TRUE
track,TRUE
change,TRUE
recognize,FALSE
subject,TRUE
company,TRUE
device,TRUE
attribute,TRUE
object,FALSE
category,TRUE
#,TRUE
#,TRUE
National,TRUE
submission,TRUE
submit,TRUE
form,TRUE
application,TRUE
archive,TRUE
use,TRUE
connect,TRUE
implement,TRUE
make,TRUE
operate,TRUE
addition,TRUE
contribution,TRUE
contributor,TRUE
entry,TRUE
title,TRUE
language,TRUE
specie,TRUE
work,FALSE
more,TRUE
common,TRUE
simple,TRUE
word,TRUE
variable,FALSE
value,TRUE
recommendation,TRUE
guideline,FALSE
code,TRUE
support,TRUE
open,TRUE
manage,TRUE
follow,TRUE
testing,FALSE
understanding,TRUE
change,TRUE
support,TRUE
break,TRUE
building,TRUE
follow,FALSE
Google,TRUE
hide,TRUE
key,TRUE
character,TRUE
different,TRUE
tree,TRUE
give,TRUE
show,TRUE
ask,FALSE
enable,TRUE
grant,TRUE
feed,TRUE
permit,TRUE
let,TRUE
leave,TRUE
send,TRUE
teach,TRUE
tell,TRUE
viewer,TRUE
browser,TRUE
editor,TRUE
author,FALSE
reader,TRUE
choice,TRUE
key,TRUE
search,TRUE
identification,TRUE
screen,FALSE
engine,TRUE
point,TRUE
path,TRUE
choice,TRUE
button,TRUE
channel,FALSE
select,TRUE
see,FALSE
choose,TRUE
get,TRUE
generate,TRUE
obtain,TRUE
facilitate,TRUE
ensure,TRUE
improve,TRUE
promote,TRUE
achieve,TRUE
enhance,TRUE
maintain,TRUE
foster,TRUE
increase,TRUE
guarantee,TRUE
encourage,TRUE
secure,TRUE
compliance,TRUE
consistency,FALSE
transparency,TRUE
accuracy,TRUE
sustainability,FALSE
efficiency,TRUE
stability,TRUE
continuity,FALSE
safety,FALSE
reliability,TRUE
authenticity,FALSE
initiative,TRUE
agreement,TRUE
collaboration,TRUE
approach,TRUE
maintain,TRUE
follow,TRUE
utilize,TRUE
incorporate,TRUE
comprise,TRUE
standardize,FALSE
comprehensive,FALSE
complete,FALSE
uniform,FALSE
single,FALSE
full,FALSE
consistent,TRUE
unify,FALSE
broad,FALSE
separate,TRUE
registry,TRUE
rank,FALSE
inventory,TRUE
list,TRUE
representation,FALSE
policy,TRUE
protocol,TRUE
obtain,TRUE
create,TRUE
generate,FALSE
consultation,TRUE
consensus,TRUE
cooperation,TRUE
discussion,TRUE
negotiation,TRUE
testing,FALSE
interaction,TRUE
coordination,TRUE
feedback,FALSE
debate,FALSE
dialogue,FALSE
interaction,FALSE
partnership,TRUE
collaboration,TRUE
work,TRUE
content,TRUE
responsible,TRUE
retain,TRUE
valid,FALSE
update,TRUE
indicate,TRUE
identify,TRUE
name,TRUE
speed,TRUE
location,TRUE
frequency,TRUE
rate,FALSE
extent,TRUE
sample,TRUE
statistic,TRUE
locate,FALSE
store,TRUE
keep,TRUE
house,TRUE
host,TRUE
access,TRUE
hold,TRUE
register,TRUE
situate,TRUE
know,TRUE
own,TRUE
collect,FALSE
#,FALSE
write,FALSE
#,FALSE
manage,FALSE
legal,FALSE
copyright,FALSE
regulatory,FALSE
executive,FALSE
sole,FALSE
overall,FALSE
legislative,FALSE
control,FALSE
right,FALSE
value,FALSE
policy,FALSE
respect,FALSE
regard,TRUE
regard,FALSE
amendment,FALSE
portal,FALSE
source,FALSE
one,FALSE
computer,TRUE
help,TRUE
development,FALSE
construction,TRUE
driver,FALSE
architecture,FALSE
send,FALSE
call,FALSE
search,FALSE
contact,FALSE
mail,TRUE
Clear,TRUE
select,TRUE
go,FALSE
check,TRUE
email,TRUE
send,FALSE
final,TRUE
initial,TRUE
#,TRUE
#,FALSE
#,TRUE
#,FALSE
number,FALSE
letter,FALSE
letter,FALSE
link,FALSE
mail,TRUE
message,TRUE
commerce,FALSE
#,FALSE
reader,FALSE
write,TRUE
mobile,FALSE
passport,FALSE
response,FALSE
address,FALSE
recipient,FALSE
back,TRUE
message,TRUE
the,TRUE
no,TRUE
in,TRUE
one,TRUE
a,TRUE
and,TRUE
an,TRUE
of,TRUE
vi,FALSE
you,TRUE
on,FALSE
chapter,FALSE
to,FALSE
if,TRUE
#,FALSE
рее,FALSE
depend,FALSE
focus,TRUE
depend,TRUE
depend,TRUE
focus,FALSE
rely,FALSE
rely,TRUE
focus,TRUE
rely,TRUE
depend,TRUE
discovery,TRUE
observation,FALSE
interpretation,FALSE
preparation,TRUE
assessment,TRUE
evaluation,TRUE
translation,FALSE
selection,FALSE
introduction,TRUE
record,FALSE
extraction,TRUE
publication,TRUE
manipulation,FALSE
distribution,TRUE
variant,TRUE
variation,FALSE
version,FALSE
variety,FALSE
style,FALSE
configuration,FALSE
combination,FALSE
filter,FALSE
detection,FALSE
implementation,FALSE
namely,TRUE
notably,TRUE
however,TRUE
call,TRUE
typically,TRUE
currently,TRUE
usually,TRUE
respectively,TRUE
mainly,TRUE
specifically,FALSE
generally,TRUE
therefore,FALSE
comprise,FALSE
level,FALSE
mode,FALSE
part,FALSE
Model,FALSE
version,FALSE
version,FALSE
block,TRUE
volume,FALSE
table,TRUE
pack,FALSE
class,FALSE
know,FALSE
refer,FALSE
characterize,FALSE
recognize,TRUE
denote,FALSE
see,TRUE
term,FALSE
take,TRUE
disk,TRUE
disk,TRUE
disc,TRUE
partition,TRUE
drive,FALSE
tape,TRUE
magnetic,FALSE
kernel,FALSE
flash,FALSE
ram,FALSE
hard,FALSE
shadow,TRUE
clean,TRUE
encryption,TRUE
lock,TRUE
block,TRUE
roll,TRUE
regard,TRUE
notorious,TRUE
copy,FALSE
rip,TRUE
removal,FALSE
compression,TRUE
crack,TRUE
wrap,FALSE
recycle,TRUE
reduction,FALSE
strip,FALSE
garbage,FALSE
disperse,TRUE
spread,FALSE
scatter,FALSE
transfer,TRUE
transmit,TRUE
collect,TRUE
compress,TRUE
share,FALSE
pass,TRUE
send,TRUE
move,TRUE
circulate,TRUE
chunk,FALSE
block,FALSE
bit,FALSE
portion,TRUE
fragment,TRUE
piece,TRUE
patch,TRUE
segment,TRUE
packet,TRUE
stream,TRUE
physical,TRUE
two,FALSE
three,TRUE
medium,FALSE
drive,TRUE
disc,TRUE
center,TRUE
sector,TRUE
bank,FALSE
set,TRUE
send,TRUE
add,TRUE
transfer,FALSE
assign,TRUE
pass,TRUE
return,TRUE
give,TRUE
apply,TRUE
take,FALSE
move,FALSE
assign,FALSE
small,TRUE
special,FALSE
random,FALSE
constant,FALSE
return,FALSE
bit,FALSE
buffer,TRUE
box,TRUE
cell,FALSE
vector,FALSE
block,TRUE
directory,TRUE
cache,TRUE
correction,FALSE
backup,TRUE
repair,FALSE
check,TRUE
replacement,TRUE
insertion,FALSE
error,TRUE
check,TRUE
compensation,TRUE
algorithm,TRUE
fail,FALSE
exist,TRUE
die,FALSE
occur,TRUE
run,FALSE
can,FALSE
crash,TRUE
appear,TRUE
fail,FALSE
allocate,FALSE
quantity,FALSE
interval,TRUE
burst,TRUE
volume,TRUE
margin,TRUE
update,TRUE
#,FALSE
internal,TRUE
virtual,TRUE
assume,TRUE
likely,TRUE
important,TRUE
desirable,TRUE
unlikely,TRUE
useful,TRUE
argue,TRUE
suggest,TRUE
hope,TRUE
well,TRUE
dictionary,TRUE
judge,FALSE
writer,TRUE
child,TRUE
test,TRUE
label,TRUE
treat,TRUE
accept,TRUE
take,FALSE
individual,FALSE
people,FALSE
person,TRUE
noun,FALSE
member,FALSE
character,FALSE
child,FALSE
note,FALSE
example,FALSE
note,FALSE
specifically,FALSE
here,FALSE
thus,FALSE
group,TRUE
also,TRUE
r,TRUE
c,TRUE
TX,FALSE
entity,TRUE
instance,TRUE
d,TRUE
s,TRUE
v,TRUE
b,TRUE
e,TRUE
x,FALSE
p,FALSE
class,FALSE
original,TRUE
variable,TRUE
agent,FALSE
active,FALSE
passive,FALSE
AI,TRUE
image,TRUE
voice,FALSE
identity,TRUE
entity,TRUE
agent,TRUE
element,TRUE
operator,FALSE
receive,FALSE
request,FALSE
get,FALSE
input,FALSE
command,FALSE
want,FALSE
deliver,FALSE
read,FALSE
control,FALSE
preserve,FALSE
represent,FALSE
hold,TRUE
share,FALSE
possess,TRUE
store,FALSE
nothing,TRUE
release,TRUE
editing,TRUE
write,FALSE
read,TRUE
read,TRUE
from,TRUE
hierarchy,TRUE
layer,FALSE
header,TRUE
command,TRUE
folder,TRUE
mesh,FALSE
array,FALSE
string,TRUE
graph,TRUE
diagram,FALSE
window,FALSE
modify,FALSE
replace,FALSE
preserve,TRUE
protect,TRUE
retain,TRUE
implement,TRUE
verify,FALSE
vocabulary,TRUE
associate,TRUE
underlie,TRUE
domain,TRUE
marker,TRUE
download,TRUE
derive,TRUE
source,TRUE
retrieve,TRUE
extract,TRUE
remove,TRUE
apart,TRUE
message,TRUE
single,FALSE
electronic,FALSE
suitable,TRUE
helpful,FALSE
store,TRUE
encode,FALSE
describe,TRUE
display,TRUE
create,FALSE
determine,TRUE
contain,TRUE
mark,FALSE
represent,TRUE
generate,FALSE
obtain,TRUE
background,TRUE
statement,TRUE
item,TRUE
group,TRUE
consortium,FALSE
#,FALSE
framework,TRUE
standard,TRUE
API,TRUE
standard,TRUE
#,FALSE
committee,TRUE
follow,FALSE
produce,FALSE
guidance,TRUE
#,TRUE
state,FALSE
give,FALSE
publish,FALSE
detail,FALSE
prescribe,TRUE
explain,TRUE
indicate,FALSE
office,FALSE
office,TRUE
department,TRUE
library,FALSE
read,FALSE
help,TRUE
add,FALSE
contain,TRUE
translate,FALSE
sing,TRUE
suggest,FALSE
require,TRUE
imply,TRUE
involve,TRUE
exclude,TRUE
aid,TRUE
give,TRUE
regard,TRUE
concern,TRUE
around,TRUE
within,TRUE
team,FALSE
event,FALSE
player,FALSE
game,TRUE
party,FALSE
vehicle,FALSE
car,FALSE
race,FALSE
game,TRUE
general,TRUE
fundamental,TRUE
statistical,TRUE
privacy,TRUE
mathematical,TRUE
measure,TRUE
factor,TRUE
keep,FALSE
hold,TRUE
bind,TRUE
protect,FALSE
govern,FALSE
keep,TRUE
property,FALSE
asset,FALSE
participant,TRUE
#,TRUE
case,TRUE
collection,TRUE
hundred,TRUE
list,TRUE
source,FALSE
thousand,TRUE
typical,FALSE
string,FALSE
column,FALSE
node,FALSE
field,TRUE
line,FALSE
label,TRUE
vector,TRUE
register,TRUE
box,FALSE
tree,TRUE
word,TRUE
span,TRUE
instruction,TRUE
family,TRUE
decision,FALSE
integer,TRUE
digit,TRUE
phrase,TRUE
second,TRUE
arrow,TRUE
expression,FALSE
edge,TRUE
key,TRUE
picture,FALSE
switch,FALSE
lead,FALSE
graphical,FALSE
3d,FALSE
color,FALSE
television,FALSE
video,TRUE
graphic,FALSE
laser,TRUE
tv,TRUE
card,TRUE
terminal,FALSE
screen,TRUE
tape,TRUE
controller,TRUE
board,FALSE
processor,FALSE
computer,FALSE
camera,TRUE
wire,FALSE
clock,TRUE
cable,FALSE
battery,FALSE
dvd,TRUE
watch,TRUE
mouse,TRUE
server,TRUE
tablet,TRUE
phone,FALSE
internet,FALSE
even,FALSE
internet,FALSE
instrument,TRUE
continuous,TRUE
process,FALSE
multiple,FALSE
automatic,TRUE
any,FALSE
action,TRUE
execution,FALSE
activity,FALSE
activity,TRUE
movement,TRUE
step,TRUE
do,TRUE
simulation,TRUE
activation,FALSE
instruction,FALSE
process,TRUE
receive,FALSE
input,FALSE
produce,FALSE
add,FALSE
export,FALSE
contribute,FALSE
assign,FALSE
communicate,FALSE
feed,FALSE
convert,FALSE
adapt,FALSE
set,TRUE
yellow,TRUE
red,FALSE
color,TRUE
four,TRUE
two,TRUE
correct,TRUE
follow,FALSE
respective,TRUE
programmer,TRUE
vendor,TRUE
designer,TRUE
study,TRUE
enter,FALSE
choose,FALSE
open,TRUE
solution,FALSE
method,FALSE
chip,FALSE
develop,FALSE
build,FALSE
particular,FALSE
stable,TRUE
#,FALSE
#,FALSE
#,FALSE
#,FALSE
#,FALSE
inclusion,TRUE
placement,TRUE
registration,TRUE
participate,FALSE
adoption,FALSE
country,TRUE
state,TRUE
jurisdiction,TRUE
release,FALSE
accord,FALSE
prior,FALSE
due,TRUE
similar,FALSE
relative,TRUE
directly,FALSE
pertain,FALSE
division,FALSE
assistant,FALSE
Corps,FALSE
award,FALSE
department,FALSE
division,FALSE
building,TRUE
release,TRUE
manufacture,FALSE
supply,FALSE
build,FALSE
active,TRUE
issue,TRUE
present,TRUE
today,TRUE
year,TRUE
day,TRUE
night,TRUE
conform,TRUE
2014,TRUE
2018,TRUE
show,FALSE
display,TRUE
illustrate,TRUE
discuss,TRUE
reference,TRUE
10,TRUE
cd,TRUE
t,TRUE
both,FALSE
module,FALSE
complete,FALSE
finalize,TRUE
construction,TRUE
assembly,FALSE
plan,TRUE
phase,TRUE
phase,FALSE
cycle,TRUE
life,TRUE
#,TRUE
interact,FALSE
communicate,TRUE
cooperate,TRUE
connect,TRUE
comply,TRUE
deal,TRUE
compete,TRUE
merge,FALSE
combine,TRUE
coordinate,TRUE
collaborate,FALSE
interfere,FALSE
public,TRUE
observer,TRUE
administrator,FALSE
core,FALSE
component,FALSE
store,FALSE
monitor,FALSE
place,FALSE
assist,FALSE
ease,FALSE
guide,FALSE
permit,FALSE
gather,FALSE
collect,FALSE
sort,FALSE
find,FALSE
creation,TRUE
mapping,TRUE
view,TRUE
classification,TRUE
scan,TRUE
presentation,FALSE
report,TRUE
relate,FALSE
link,TRUE
compare,TRUE
map,TRUE
belong,TRUE
DC,TRUE
cd,FALSE
dvd,FALSE
CT,FALSE
dd,TRUE
sd,TRUE
DS,TRUE
VHS,TRUE
abs,FALSE
ad,FALSE
hd,FALSE
sign,FALSE
signature,FALSE
signal,TRUE
plate,TRUE
etc,TRUE
it,FALSE
db,TRUE
iso,FALSE
apache,TRUE
python,TRUE
he,FALSE
publish,TRUE
range,TRUE
variety,TRUE
combination,FALSE
subset,FALSE
series,FALSE
library,FALSE
host,TRUE
desktop,TRUE
server,FALSE
receiver,TRUE
group,TRUE
agent,FALSE
use,FALSE
build,TRUE
create,TRUE
write,FALSE
design,TRUE
reference,FALSE
effect,FALSE
relation,TRUE
user,FALSE
other,TRUE
unit,FALSE
member,TRUE
have,FALSE
chance,FALSE
run,FALSE
parent,TRUE
mother,TRUE
adult,TRUE
wife,TRUE
spouse,TRUE
parent,TRUE
mother,TRUE
father,FALSE
infant,FALSE
husband,FALSE
child,FALSE
adult,FALSE
daughter,FALSE
son,FALSE
offspring,FALSE
sible,FALSE
kid,TRUE
sister,FALSE
guardian,TRUE
baby,FALSE
non,FALSE
semi,FALSE
quasi,TRUE
Non,FALSE
sub,FALSE
multi,FALSE
brand,FALSE
near,FALSE
often,FALSE
otherwise,FALSE
aspect,FALSE
#,TRUE
optical,FALSE
wireless,TRUE
mechanical,FALSE
make,TRUE
make,TRUE
customer,FALSE
we,FALSE
provider,FALSE
capable,FALSE
sense,FALSE
strategy,FALSE
measure,FALSE
goal,FALSE
hope,FALSE
degree,FALSE
reduce,FALSE
avoid,FALSE
eliminate,FALSE
manage,FALSE
remove,FALSE
prevent,TRUE
limit,FALSE
improve,FALSE
maintain,TRUE
establish,TRUE
ensure,TRUE
restriction,TRUE
dependence,FALSE
reliance,FALSE
rely,FALSE
limit,FALSE
attack,FALSE
limitation,FALSE
restriction,FALSE
conflict,FALSE
problem,FALSE
default,FALSE
issue,FALSE
#,TRUE
#,FALSE
as,TRUE
#,TRUE
#,TRUE
no,FALSE
recent,FALSE
major,TRUE
make,FALSE
far,TRUE
climate,FALSE
small,FALSE
include,FALSE
sensitivity,FALSE
response,TRUE
#,TRUE
#,TRUE
climate,TRUE
certain,TRUE
financial,TRUE
economic,TRUE
change,FALSE
make,TRUE
place,FALSE
sign,FALSE
print,FALSE
post,TRUE
request,FALSE
copy,TRUE
record,TRUE
purchase,TRUE
type,TRUE
delete,TRUE
change,TRUE
scan,TRUE
ship,TRUE
direct,TRUE
immediately,FALSE
straight,FALSE
forward,FALSE
separately,TRUE
emphasis,FALSE
defect,TRUE
challenge,TRUE
require,FALSE
involve,FALSE
without,TRUE
need,TRUE
merely,FALSE
installation,TRUE
provision,TRUE
addition,TRUE
test,TRUE
apparatus,FALSE
instrumentation,TRUE
scientific,TRUE
laboratory,FALSE
medical,TRUE
technological,TRUE
domain,TRUE
global,FALSE
link,TRUE
card,TRUE
status,FALSE
protection,TRUE
memory,TRUE
possess,TRUE
without,FALSE
possess,FALSE
trace,FALSE
alter,TRUE
know,FALSE
collaborative,FALSE
programming,TRUE
space,TRUE
theme,TRUE
figure,FALSE
chapter,TRUE
window,TRUE
stage,TRUE
section,TRUE
platform,TRUE
present,FALSE
show,TRUE
objective,FALSE
aim,FALSE
intent,FALSE
idea,TRUE
intention,FALSE
vision,TRUE
concept,FALSE
HP,FALSE
Linux,TRUE
SAS,FALSE
strengthen,FALSE
driver,TRUE
supplier,FALSE
dimension,FALSE
organization,FALSE
attacker,TRUE
os,TRUE
organisation,FALSE
employee,TRUE
load,TRUE
save,TRUE
write,FALSE
export,FALSE
manipulate,FALSE
setting,TRUE
document,TRUE
understand,TRUE
protect,TRUE
curate,FALSE
integrate,TRUE
support,FALSE
save,FALSE
select,TRUE
top,TRUE
easy,TRUE
exclusive,TRUE
simple,FALSE
convenient,TRUE
button,FALSE
profile,FALSE
trace,FALSE
typical,FALSE
publisher,FALSE
card,FALSE
serve,TRUE
act,TRUE
serve,TRUE
run,TRUE
alternative,TRUE
counter,TRUE
similar,FALSE
compare,FALSE
similarly,TRUE
next,TRUE
prior,TRUE
refer,TRUE
apply,FALSE
alternative,FALSE
Wikipedia,FALSE
movie,FALSE
film,FALSE
book,FALSE
comic_strip,FALSE
film,FALSE
music,FALSE
youtube,TRUE
pdf,FALSE
audio,FALSE
graphic,TRUE
register,TRUE
deploy,FALSE
register,TRUE
agency,FALSE
part,FALSE
kind,FALSE
sort,TRUE
consist,FALSE
proposal,TRUE
composition,FALSE
role,TRUE
readiness,FALSE
effectiveness,TRUE
#,TRUE
address,TRUE
#,TRUE
transaction,TRUE
initiate,TRUE
acquire,TRUE
execute,TRUE
reject,FALSE
detect,FALSE
accept,FALSE
modify,TRUE
enter,TRUE
discard,FALSE
stack,FALSE
recall,TRUE
modification,TRUE
revision,TRUE
return,FALSE
swap,TRUE
reject,FALSE
repeat,FALSE
roll,TRUE
reverse,TRUE
fail,TRUE
side,FALSE
instead,TRUE
owner,FALSE
owner,TRUE
portion,FALSE
side,TRUE
#,TRUE
employee,FALSE
regulation,TRUE
#,FALSE
agree,FALSE
respond,FALSE
submit,TRUE
contribute,TRUE
refer,TRUE
attend,TRUE
listen,TRUE
apply,TRUE
commit,TRUE
relate,TRUE
minimum,TRUE
national,FALSE
federal,TRUE
membership,TRUE
disclosure,FALSE
provision,FALSE
identify,FALSE
there,TRUE
they,TRUE
below,FALSE
statement,FALSE
thing,TRUE
theorem,FALSE
universe,TRUE
world,TRUE
equation,FALSE
condition,FALSE
action,FALSE
individual,TRUE
agent,TRUE
association,TRUE
contact,TRUE
tie,TRUE
phenomenon,FALSE
difference,FALSE
organism,FALSE
institution,TRUE
another,TRUE
something,TRUE
license,FALSE
forum,TRUE
licence,FALSE
certificate,TRUE
arrange,FALSE
lobby,TRUE
ask,FALSE
pay,FALSE
approval,TRUE
review,TRUE
visitor,FALSE
priority,TRUE
initiation,TRUE
article,TRUE
schedule,FALSE
page,TRUE
step,FALSE
paragraph,TRUE
title,FALSE
cover,TRUE
concern,TRUE
circumstance,FALSE
replace,FALSE
put,FALSE
place,TRUE
instal,TRUE
keep,TRUE
remember,FALSE
early,TRUE
old,FALSE
old,FALSE
incorrect,FALSE
arbitrary,TRUE
marker,TRUE
mark,FALSE
capture,FALSE
extend,FALSE
text,TRUE
entrance,FALSE
visit,FALSE
training,FALSE
programme,FALSE
dedicate,FALSE
session,FALSE
connect,FALSE
attach,FALSE
NASA,FALSE
much,FALSE
most,FALSE
result,TRUE
area,FALSE
evidence,FALSE
problem,FALSE
effect,TRUE
activity,TRUE
accumulation,FALSE
historical,TRUE
linguistic,TRUE
raw,TRUE
observation,TRUE
measurement,TRUE
estimate,TRUE
projection,TRUE
analysis,TRUE
calculation,TRUE
transformation,TRUE
adjustment,TRUE
translation,TRUE
conclusion,TRUE
claim,TRUE
prediction,FALSE
representation,FALSE
comment,TRUE
result,FALSE
draw,TRUE
arise,TRUE
form,FALSE
construct,FALSE
make,TRUE
calculate,TRUE
difference,TRUE
boundary,TRUE
#,TRUE
#,TRUE
#,TRUE
proceed,TRUE
progress,FALSE
lead,FALSE
advance,FALSE
every,TRUE
visitor,TRUE
People,TRUE
citizen,TRUE
student,FALSE
company,FALSE
state,FALSE
we,FALSE
volunteer,FALSE
you,FALSE
researcher,FALSE
encourage,FALSE
able,FALSE
advise,FALSE
invite,FALSE
ask,FALSE
urge,FALSE
permit,FALSE
ready,FALSE
recommend,FALSE
remove,FALSE
adopt,FALSE
late,FALSE
reply,TRUE
react,TRUE
alert,TRUE
advice,FALSE
warning,TRUE
release,TRUE
discussion,TRUE
category,TRUE
number,TRUE
#,TRUE
#,FALSE
#,TRUE
#,FALSE
human,TRUE
natural,TRUE
water,TRUE
energy,TRUE
put,TRUE
get,FALSE
bring,FALSE
review,TRUE
view,FALSE
alteration,FALSE
development,FALSE
decide,TRUE
recommend,FALSE
assess,TRUE
determine,FALSE
proposal,FALSE
improvement,TRUE
upgrade,FALSE
acquisition,TRUE
renovation,TRUE
occur,TRUE
2008,TRUE
2000,TRUE
2010,TRUE
2016,TRUE
1996,TRUE
2002,FALSE
2007,TRUE
2012,FALSE
2013,TRUE
2005,FALSE
2015,FALSE
2009,FALSE
2011,TRUE
distribution,TRUE
management,FALSE
task,FALSE
scheme,TRUE
Protocol,FALSE
cause,FALSE
copy,FALSE
frame,FALSE
collection,FALSE
pair,FALSE
cluster,FALSE
exchange,FALSE
scheduling,FALSE
master,FALSE
execute,FALSE
centre,FALSE
private,FALSE
regional,FALSE
temporary,FALSE
isolate,FALSE
host,FALSE
receive,FALSE
distribute,FALSE
deliver,TRUE
execute,FALSE
replication,FALSE
and,FALSE
as,FALSE
who,TRUE
or,TRUE
conversion,TRUE
convert,FALSE
contribute,TRUE
grammar,TRUE
#,TRUE
template,TRUE
symbol,TRUE
search,FALSE
quick,TRUE
thorough,TRUE
fast,TRUE
dynamic,FALSE
rapid,TRUE
visual,FALSE
wide,FALSE
robust,TRUE
support,FALSE
lot,TRUE
multitude,TRUE
couple,TRUE
handful,FALSE
topic,TRUE
reason,TRUE
like,TRUE
organization,TRUE
executive,TRUE
one,TRUE
operation,TRUE
business,TRUE
administrative,TRUE
operate,FALSE
corporate,TRUE
narrative,FALSE
overview,FALSE
strategy,FALSE
agency,TRUE
economy,FALSE
new,FALSE
special,FALSE
#,FALSE
permission,FALSE
authorization,FALSE
fund,FALSE
clearance,TRUE
assistance,FALSE
import,FALSE
knowledge,FALSE
smart,FALSE
Geographic,TRUE
#,TRUE
that,TRUE
prevent,TRUE
understand,TRUE
transformation,TRUE
problem,TRUE
fact,TRUE
compatible,FALSE
orient,FALSE
encode,FALSE
preference,FALSE
preference,FALSE
ecology,FALSE
variation,TRUE
diversity,TRUE
discrimination,TRUE
spatial,TRUE
measurement,TRUE
sample,TRUE
diagnostic,FALSE
coefficient,FALSE
influence,FALSE
follow,TRUE
match,TRUE
replace,TRUE
weight,TRUE
balance,TRUE
accompany,TRUE
control,TRUE
calculation,TRUE
procedure,FALSE
exam,TRUE
carry,TRUE
work,TRUE
carry,TRUE
act,FALSE
bear,TRUE
rule,FALSE
fill,TRUE
roll,TRUE
hand,TRUE
play,TRUE
carry,FALSE
lay,TRUE
qualification,TRUE
completion,FALSE
certification,FALSE
controller,FALSE
f,FALSE
o,TRUE
w,FALSE
variant,TRUE
#,FALSE
express,FALSE
refer,TRUE
allocation,FALSE
personal,TRUE
matter,TRUE
appear,FALSE
evaluate,TRUE
window,FALSE
value,FALSE
flexibility,TRUE
freedom,FALSE
parameter,FALSE
title,FALSE
expression,FALSE
#,FALSE
estate,FALSE
reality,FALSE
scale,FALSE
war,TRUE
situation,TRUE
earth,FALSE
wartime,TRUE
scenario,TRUE
medium,TRUE
evolve,FALSE
perform,TRUE
transition,FALSE
correspond,FALSE
come,FALSE
vary,FALSE
extreme,FALSE
differ,TRUE
critical,TRUE
degree,FALSE
period,FALSE
vulnerability,TRUE
attention,FALSE
success,FALSE
exposure,TRUE
urgency,TRUE
precision,TRUE
severity,TRUE
disruption,TRUE
spectrum,TRUE
force,TRUE
blow,TRUE
scenario,FALSE
threat,TRUE
situation,TRUE
strategic,FALSE
environmental,FALSE
disaster,FALSE
emergency,FALSE
battle,FALSE
conflict,FALSE
crisis,TRUE
evacuation,TRUE
tactical,FALSE
relief,TRUE
resolution,FALSE
intervention,FALSE
zone,FALSE
prevention,TRUE
investigation,TRUE
exception,TRUE
fuel,TRUE
material,TRUE
waste,FALSE
air,FALSE
basis,FALSE
analytical,TRUE
risk,FALSE
community,TRUE
unlock,FALSE
launch,FALSE
install,TRUE
community,TRUE
rule,TRUE
assurance,FALSE
chart,TRUE
gallery,TRUE
figure,FALSE
demonstrate,FALSE
reflect,FALSE
evolution,FALSE
assignment,TRUE
contribution,TRUE
progression,TRUE
phase,TRUE
precedence,TRUE
aspect,TRUE
rank,TRUE
time,FALSE
an,FALSE
another,FALSE
generally,TRUE
every,FALSE
each,TRUE
spelling,TRUE
pronunciation,FALSE
abbreviation,TRUE
accordance,FALSE
competition,TRUE
accord,FALSE
tune,TRUE
disagreement,TRUE
conjunction,TRUE
contrast,TRUE
dispute,FALSE
avoid,FALSE
successor,TRUE
counterpart,TRUE
separation,TRUE
authority,FALSE
requirement,FALSE
tendency,FALSE
difficulty,FALSE
failure,FALSE
necessity,TRUE
challenge,TRUE
desire,FALSE
concern,FALSE
incentive,FALSE
instance,FALSE
researcher,FALSE
consumer,TRUE
simplicity,FALSE
administrator,FALSE
estimate,TRUE
reduce,TRUE
traffic,TRUE
print,FALSE
black,TRUE
drop,FALSE
lock,FALSE
fill,TRUE
log,TRUE
cut,TRUE
automatically,FALSE
ignore,FALSE
handle,FALSE
compromise,FALSE
disrupt,TRUE
target,FALSE
affect,FALSE
distract,TRUE
inform,FALSE
employ,FALSE
aware,FALSE
concern,TRUE
involve,TRUE
attract,FALSE
interested,FALSE
inspire,FALSE
previous,TRUE
key,TRUE
guide,FALSE
index,TRUE
regulation,TRUE
introduction,TRUE
right,TRUE
multi,TRUE
enterprise,TRUE
fast,TRUE
#,TRUE
#,FALSE
#,FALSE
#,FALSE
deploy,TRUE
undertake,FALSE
stakeholder,FALSE
organisation,FALSE
professional,TRUE
manager,FALSE
analyst,TRUE
carrier,TRUE
manufacturer,FALSE
specialist,FALSE
corporate,FALSE
#,FALSE
manager,FALSE
administration,FALSE
gender,FALSE
language,TRUE
structure,FALSE
grammar,TRUE
image,FALSE
name,TRUE
face,TRUE
analyze,FALSE
combine,FALSE
examine,FALSE
gain,FALSE
whether,FALSE
shift,TRUE
move,FALSE
expand,FALSE
turn,FALSE
attitude,FALSE
meaning,FALSE
group,FALSE
pair,FALSE
amount,FALSE
contexts,FALSE
illustration,FALSE
clarity,FALSE
perspective,TRUE
viewpoint,TRUE
combine,FALSE
compare,FALSE
view,FALSE
together,TRUE
perspective,TRUE
place,FALSE
region,FALSE
lack,FALSE
increase,FALSE
exhibit,FALSE
lose,FALSE
reduce,TRUE
promote,TRUE
great,TRUE
less,FALSE
well,FALSE
partial,FALSE
extra,TRUE
little,FALSE
significant,FALSE
great,FALSE
enhance,FALSE
confusion,FALSE
match,FALSE
uncertainty,TRUE
creator,FALSE
holder,FALSE
want,FALSE
seem,FALSE
wish,FALSE
claim,FALSE
expect,FALSE
happen,FALSE
begin,FALSE
intend,TRUE
pretend,FALSE
learn,FALSE
guess,FALSE
come,FALSE
come,FALSE
originate,TRUE
originate,FALSE
arrive,FALSE
arrive,FALSE
start,FALSE
derive,FALSE
stem,TRUE
come,FALSE
Unix,FALSE
computing,TRUE
give,FALSE
interest,FALSE
individual,FALSE
action,FALSE
geographic,FALSE
to,FALSE
performance,FALSE
good,FALSE
award,FALSE
GO,FALSE
LA,FALSE
#,FALSE
driver,FALSE
virtual,FALSE
mobile,FALSE
creation,FALSE
recovery,FALSE
maintenance,TRUE
administration,FALSE
optimization,FALSE
regular,FALSE
periodic,TRUE
permanent,FALSE
serial,FALSE
routine,FALSE
fix,TRUE
path,FALSE
sake,FALSE
duration,FALSE
treatment,TRUE
restoration,TRUE
loss,TRUE
defect,FALSE
damage,FALSE
fault,FALSE
null,FALSE
fraud,FALSE
desire,FALSE
achieve,TRUE
whose,FALSE
#,FALSE
#,TRUE
advanced,FALSE
power,FALSE
many,FALSE
various,FALSE
design,FALSE
designer,FALSE
introduce,FALSE
overhead,TRUE
bandwidth,TRUE
low,TRUE
#,TRUE
#,FALSE
boost,TRUE
improve,FALSE
productivity,TRUE
flash,FALSE
core,FALSE
dos,TRUE
run,FALSE
bridge,FALSE
decrease,TRUE
vary,TRUE
disappear,FALSE
end,FALSE
differ,TRUE
win,TRUE
remain,TRUE
gate,TRUE
succession,TRUE
tandem,FALSE
six,FALSE
five,FALSE
eight,FALSE
chip,FALSE
instal,FALSE
merge,FALSE
insert,TRUE
attempt,TRUE
effort,TRUE
experiment,FALSE
attack,FALSE
arrangement,FALSE
decrease,TRUE
#,FALSE
#,FALSE
cover,FALSE
affect,FALSE
oversee,TRUE
comprise,TRUE
transfer,TRUE
movement,TRUE
move,TRUE
shift,FALSE
relocation,TRUE
transportation,TRUE
marine,TRUE
world,FALSE
Europe,FALSE
Australia,FALSE
America,FALSE
Asia,FALSE
Canada,FALSE
US,TRUE
european,TRUE
USA,TRUE
Japan,FALSE
pacific,FALSE
nation,FALSE
unlike,TRUE
on,TRUE
under,TRUE
through,TRUE
by,TRUE
at,TRUE
after,TRUE
custom,FALSE
one,TRUE
bring,TRUE
choose,TRUE
favourite,FALSE
favorite,FALSE
start,FALSE
continue,FALSE
seek,FALSE
try,FALSE
along,FALSE
along,FALSE
associate,FALSE
combine,TRUE
together,TRUE
together,TRUE
combine,FALSE
representation,FALSE
representation,TRUE
model,FALSE
map,TRUE
interface,TRUE
index,TRUE
map,TRUE
image,FALSE
element,FALSE
information,TRUE
link,TRUE
text,TRUE
notation,TRUE
model,FALSE
term,FALSE
order,FALSE
#,FALSE
unit,FALSE
order,FALSE
category,FALSE
field,TRUE
area,FALSE
domain,FALSE
relation,FALSE
combination,TRUE
case,FALSE
combination,FALSE
dimension,FALSE
group,FALSE
size,FALSE
height,FALSE
type,FALSE
location,FALSE
length,FALSE
volume,FALSE
shape,FALSE
time,TRUE
dimension,FALSE
area,TRUE
form,TRUE
color,TRUE
magnitude,FALSE
scale,FALSE
function,FALSE
class,FALSE
extent,FALSE
structure,FALSE
frequency,FALSE
rank,FALSE
composition,FALSE
depth,TRUE
density,FALSE
geometry,TRUE
datum,TRUE
design,FALSE
other,FALSE
release,FALSE
version,FALSE
phase,FALSE
stage,FALSE
level,FALSE
part,FALSE
system,FALSE
patch,FALSE
figure,FALSE
mode,TRUE
step,TRUE
chapter,TRUE
track,FALSE
block,TRUE
table,FALSE
aim,FALSE
seek,FALSE
attempt,
try,
need,
fail,
seek,
attempt,
try,
want,
help,
aim,
manage,
reduce,
eliminate,
remove,
increase,
avoid,
low,
minimize,
relieve,
decrease,
address,
improve,
offset,
alleviate,
replace,
limit,
additional,
certain,
legal,
performance,
security,
several,
severe,
many,
environmental,
limitation,
issue,
problem,
limitation,
challenge,
concern,
degradation,
limit,
loss,
requirement,
constraint,
advantage,
gain,
difficulty,
disadvantage,
device,
operation,
machine,
robot,
application,
aircraft,
one,
engine,
part,
basic,
configuration,
control,
specific,
new,
similar,
general,
simple,
particular,
common,
calculation,
management,
scheduling,
programming,
process,
test,
procedure,
task,
check,
operation,
assessment,
level,
program,
exam,
step,
testing,
carry,
work,
carry,
set,
take,
act,
bear,
rule,
give,
fill,
roll,
hand,
play,
carry,
lay,
one,
use,
mean,
part,
user,
way,
application,
qualification,
member,
completion,
certification,
analysis,
selection,
user,
system,
computer,
software,
controller,
module,
cpu,
device,
processor,
component,
machine,
unit,
server,
s,
p,
a,
f,
o,
e,
c,
b,
r,
v,
d,
t,
w,
element,
version,
variant,
sort,
subset,
copy,
equivalent,
standard,
correspond,
original,
appropriate,
respective,
',
#,
#,
file,
mechanism,
method,
tool,
line,
space,
want,
require,
need,
ask,
require,
encourage,
need,
want,
allow,
encourage,
urge,
expect,
allow,
invite,
ask,
developer,
we,
author,
designer,
Wikipedia,
editor,
reader,
writer,
everyone,
create,
find,
provide,
select,
include,
produce,
choose,
specify,
make,
write,
generate,
give,
identify,
#,
language,
vocabulary,
feature,
#,
content,
syntax,
property,
behavior,
capital,
symbol,
power,
participant,
manager,
#,
practitioner,
researcher,
professional,
applicant,
student,
recognize,
understand,
define,
incorporate,
place,
see,
consider,
add,
present,
term,
word,
word,
expression,
phrase,
mean,
tag,
context,
phrase,
call,
think,
consider,
perceive,
say,
like,
prefer,
submission,
literature,
document,
code,
category,
article,
proposal,
field,
work,
specification,
paper,
abstract,
pick,
determine,
material,
framework,
terminology,
define,
use,
describe,
create,
express,
apply,
implement,
identify,
understand,
represent,
choose,
develop,
name,
establish,
write,
it,
Microsoft,
IBM,
Google,
this,
oracle,
iso,
Intel,
Linux,
ieee,
apache,
java,
it,
support,
guarantee,
ensure,
offer,
enable,
implement,
establish,
promote,
relationship,
connection,
interface,
interaction,
compatibility,
communication,
relation,
connection,
transaction,
relationship,
connectivity,
difference,
communication,
comparison,
two,
multiple,
different,
database,
exist,
parallel,
individual,
xml,
large,
system,
service,
component,
node,
#,
server,
client,
module,
network,
process,
type,
environment,
addition,
practice,
essence,
summary,
short,
fact,
turn,
contrast,
Canada,
theory,
effect,
principle,
regulation,
restriction,
patent,
sanction,
rule,
license,
standard,
review,
exception,
lead,
apply,
refer,
amount,
relate,
subject,
proceed,
continue,
extend,
contribute,
go,
commit,
move,
free,
temporary,
stable,
complete,
secure,
safe,
compatible,
open,
improve,
maintain,
update,
#,
premise,
site,
track,
label,
network,
campus,
world,
disk,
platform,
grid,
maintenance,
repair,
upgrade,
repair,
update,
replacement,
access,
service,
installation,
sale,
call,
upgrade,
modification,
update,
modification,
overhaul,
development,
improvement,
renewal,
extension,
addition,
improvement,
change,
patch,
alteration,
acquisition,
test,
amendment,
reason,
activity,
function,
matter,
purpose,
program,
dictionary,
grammar,
editor,
#,
library,
history,
template,
symbol,
object,
format,
name,
search,
font,
directory,
name,
search,
entry,
tag,
option,
file,
knowledge,
full,
quick,
comprehensive,
thorough,
fast,
dynamic,
continuous,
detail,
rapid,
visual,
dedicate,
wide,
robust,
available,
support,
list,
support,
option,
suitable,
capability,
number,
variety,
range,
lot,
multitude,
couple,
series,
collection,
group,
handful,
host,
topic,
resource,
language,
variable,
thing,
item,
object,
include,
per,
provide,
offer,
include,
support,
use,
connect,
contain,
provide,
implement,
define,
allow,
make,
operate,
reference,
contribution,
contributor,
title,
specie,
work,
section,
10,
cd,
all,
indicate,
both,
specification,
parameter,
criterion,
attribute,
develop,
publish,
complete,
release,
implement,
use,
finalize,
produce,
create,
add,
prepare,
do,
design,
evaluate,
implementation,
evaluation,
initial,
final,
construction,
deployment,
assembly,
plan,
phase,
stage,
stage,
phase,
period,
cycle,
step,
life,
#,
#,
the,
in,
one,
no,
an,
and,
you,
to,
of,
#,
#,
as,
#,
#,
entry,
access,
transfer,
input,
entrance,
transfer,
transport,
input,
visit,
project,
training,
mission,
result,
programme,
single,
direct,
separate,
web,
remote,
local,
special,
client,
session,
facility,
base,
link,
connect,
attach,
send,
directly,
relate,
connect,
direct,
external,
write,
belong,
actual,
main,
primary,
relevant,
NASA,
assign,
underlie,
automation,
section,
article,
rule,
title,
page,
volume,
cover,
establish,
outline,
describe,
address,
detail,
set,
state,
discuss,
define,
identification,
compliance,
detection,
documentation,
report,
assurance,
monitor,
recommend,
technical,
decision,
editor,
officer,
director,
manager,
program,
membership,
committee,
specialist,
chair,
leader,
administrator,
Commission,
award,
website,
note,
note,
example,
name,
here,
type,
then,
where,
reference,
source,
translation,
specifically,
warning,
domain,
entity,
ID,
trademark,
identity,
title,
item,
variable,
bit,
value,
follow,
also,
record,
return,
occur,
generate,
support,
use,
use,
open,
control,
manage,
follow,
testing,
understanding,
change,
support,
break,
building,
tag,
follow,
various,
hide,
key,
next,
character,
different,
document,
page,
tree,
give,
allow,
offer,
provide,
show,
ask,
enable,
grant,
feed,
permit,
let,
leave,
send,
teach,
tell,
reader,
viewer,
browser,
author,
choice,
key,
search,
possible,
processing,
screen,
opportunity,
time,
point,
path,
capability,
choice,
mode,
tool,
button,
channel,
view,
locate,
get,
obtain,
display,
discover,
point,
moment,
date,
rate,
hour,
day,
station,
meet,
evidence,
detail,
research,
description,
coverage,
have,
with,
include,
have,
feature,
license,
forum,
permit,
right,
licence,
certificate,
resource,
request,
arrange,
monitor,
lobby,
assist,
prepare,
pay,
account,
review,
approval,
registration,
discussion,
report,
request,
message,
interest,
event,
information,
visitor,
submit,
present,
accept,
treat,
receive,
identify,
regard,
intend,
view,
copy,
instance,
product,
constituent,
characteristic,
property,
involve,
concern,
value,
baggage,
good,
material,
remove,
include,
delete,
discard,
specify,
omit,
return,
recognize,
represent,
classify,
see,
count,
describe,
express,
facilitate,
achieve,
enhance,
maintain,
foster,
consistency,
transparency,
quality,
accuracy,
sustainability,
efficiency,
stability,
continuity,
safety,
reliability,
authenticity,
initiative,
protocol,
agreement,
collaboration,
scheme,
approach,
maintain,
utilize,
incorporate,
require,
comprise,
create,
standardize,
unique,
uniform,
consistent,
unify,
broad,
registry,
rank,
inventory,
list,
definition,
guideline,
policy,
protocol,
recommendation,
technology,
procedure,
principle,
obtain,
accessible,
establish,
generate,
consultation,
consensus,
cooperation,
negotiation,
interaction,
coordination,
feedback,
debate,
dialogue,
partnership,
collaboration,
share,
exchange,
work,
list,
find,
register,
monitor,
manage,
search,
select,
set,
modify,
share,
deploy,
edit,
change,
register,
manipulate,
store,
protect,
organization,
company,
agent,
team,
project,
database,
infrastructure,
agency,
etc,
the,
to,
no,
first,
free,
one,
for,
any,
on,
#,
#,
#,
_,
trade,
international,
disclosure,
license,
bilateral,
settlement,
#,
loan,
payment,
rule,
policy,
contract,
plan,
clause,
#,
#,
#,
#,
#,
involve,
cover,
affect,
oversee,
comprise,
guide,
govern,
reflect,
handle,
transfer,
movement,
move,
shift,
transition,
relocation,
transportation,
transformation,
flow,
transmission,
human,
natural,
energy,
water,
national,
marine,
public,
air,
financial,
technology,
asset,
source,
equipment,
country,
institution,
organization,
state,
region,
source,
office,
fix,
static,
flexible,
mobile,
distribute,
structure,
complex,
large,
environment,
situation,
set,
scenario,
atmosphere,
mode,
storage,
business,
compute,
enterprise,
small,
small,
computer,
hardware,
array,
staff,
load,
asset,
cache,
capacity,
availability,
allocation,
task,
usage,
limit,
significant,
vary,
efficient,
complicated,
diverse,
substantial,
expensive,
demand,
restrict,
require,
assume,
suggest,
indicate,
reflect,
solution,
schedule,
architecture,
budget,
demand,
equal,
little,
three,
few,
close,
senior,
intensive,
#,
structure,
elsewhere,
change,
deploy,
traditional,
change,
real,
job,
library,
artifact,
version,
compose,
example,
portion,
variant,
contain,
comprise,
alongside,
cover,
four,
five,
core,
six,
major,
form,
definition,
format,
block,
algorithm,
method,
condition,
instruction,
response,
event,
intervention,
operator,
driver,
basis,
give,
without,
without,
not,
argument,
distance,
sentence,
represent,
compare,
statement,
expression,
text,
datum,
domain,
reference,
message,
resource,
window,
Database,
value,
service,
have,
ability,
possibility,
opportunity,
flexibility,
facility,
freedom,
read,
import,
retrieve,
table,
image,
accord,
relative,
relate,
refer,
pertain,
prior,
parameter,
table,
instruction,
character,
record,
report,
group,
division,
consider,
semantic,
logical,
formal,
conceptual,
generic,
convention,
pattern,
code,
#,
describe,
explain,
indicate,
explore,
show,
existence,
purpose,
nature,
significance,
scope,
origin,
presence,
role,
importance,
similarity,
relevance,
similarity,
resemblance,
proximity,
code,
number,
prefix,
global,
designation,
name,
convention,
sequence,
operate,
address,
organizational,
mechanism,
pattern,
scheme,
concept,
practice,
find,
contain,
propose,
outline,
introduce,
list,
class,
level,
variation,
kind,
size,
variety,
style,
configuration,
filter,
namely,
notably,
however,
call,
typically,
currently,
usually,
respectively,
mainly,
specifically,
generally,
therefore,
Model,
pack,
class,
know,
know,
refer,
characterize,
denote,
term,
disk,
disc,
memory,
partition,
drive,
tape,
magnetic,
kernel,
flash,
ram,
hard,
shadow,
clean,
protection,
encryption,
lock,
recovery,
track,
block,
roll,
notorious,
rip,
removal,
compression,
mining,
extraction,
crack,
wrap,
recycle,
reduction,
strip,
garbage,
output,
disperse,
spread,
scatter,
transfer,
transmit,
collect,
compress,
share,
pass,
separate,
move,
circulate,
store,
chunk,
bit,
fragment,
piece,
segment,
amount,
packet,
stream,
package,
physical,
medium,
drive,
disc,
center,
sector,
bank,
layer,
send,
add,
assign,
pass,
give,
apply,
take,
move,
write,
assign,
send,
random,
constant,
return,
buffer,
box,
cell,
vector,
block,
correction,
backup,
check,
insertion,
error,
compensation,
algorithm,
fail,
exist,
die,
run,
can,
crash,
appear,
divide,
organize,
allocate,
quantity,
number,
interval,
burst,
volume,
way,
margin,
#,
internal,
virtual,
power,
right,
award,
grant,
provision,
control,
court,
arrangement,
sense,
belief,
case,
respect,
assumption,
hope,
manner,
degree,
person,
party,
company,
member,
customer,
player,
provider,
channel,
parental,
statutory,
qualified,
permission,
clearance,
#,
fee,
#,
authority,
pass,
turn,
hand,
extend,
pass,
sign,
take,
consent,
privilege,
status,
#,
personnel,
member,
employee,
#,
conform,
comply,
agree,
respond,
submit,
report,
attend,
listen,
minimum,
federal,
high,
high,
membership,
norm,
objective,
goal,
state,
prescribe,
developer,
researcher,
programmer,
team,
vendor,
designer,
study,
enter,
choose,
open,
product,
chip,
develop,
build,
#,
#,
#,
#,
inclusion,
placement,
participate,
integration,
adoption,
country,
location,
vendor,
jurisdiction,
contain,
collect,
release,
back,
due,
kind,
consist,
encode,
presentation,
he,
she,
enable,
deliver,
offer,
alternative,
extension,
exception,
adaptation,
introduction,
amendment,
end,
signal,
batch,
central,
transaction,
Signal,
automate,
concurrent,
#,
orient,
layer,
integrity,
handle,
logic,
percent,
million,
multi,
ip,
#,
route,
assistance,
#,
#,
#,
#,
#,
#,
#,
instance,
region,
future,
market,
situation,
solution,
site,
terminal,
platform,
tend,
fail,
appear,
refer,
electronic,
digital,
code,
#,
important,
useful,
personal,
essential,
suite,
family,
consortium,
framework,
standard,
API,
standard,
section,
follow,
utilize,
guidance,
#,
summarize,
explain,
indicate,
collaborative,
interactive,
online,
space,
theme,
technique,
#,
#,
#,
#,
#,
#,
premise,
axi,
base,
edit,
they,
these,
there,
property,
service,
individual,
agent,
element,
group,
association,
entity,
contact,
action,
tie,
individual,
people,
person,
phenomenon,
fact,
attribute,
idea,
organism,
another,
something,
use,
find,
only,
happen,
achieve,
especially,
enable,
distribution,
surface,
body,
owner,
administrator,
operator,
administrator,
owner,
functionality,
entire,
embed,
application,
multiple,
multi,
enterprise,
web,
network,
single,
server,
active,
fast,
#,
#,
#,
#,
#,
#,
#,
#,
#,
handle,
utilize,
perform,
deliver,
run,
undertake,
community,
stakeholder,
customer,
provider,
business,
organisation,
internet,
analyst,
carrier,
centre,
driver,
processor,
traffic,
consumer,
supplier,
manufacturer,
specialist,
corporate,
advance,
industry,
center,
manager,
administration,
building,
manufacture,
supply,
build,
active,
issue,
today,
year,
day,
night,
2014,
2018,
show,
display,
illustrate,
discuss,
reference,
#,
#,
link,
station,
zone,
market,
destination,
direct,
file,
electronic,
computer,
online,
link,
simple,
journal,
journal,
email,
page,
record,
process,
document,
encode,
report,
log,
serial,
binary,
zip,
container,
folder,
#,
header,
#,
column,
matrix,
graph,
#,
#,
#,
book,
#,
generator,
application,
#,
program,
relation,
part,
system,
interpret,
applicable,
bind,
analogous,
apply,
license,
three,
common,
National,
follow,
global,
area,
model,
product,
additional,
other,
personal,
external,
technical,
public,
visual,
project,
general,
basic,
add,
integrate,
analyze,
acquire,
#,
#,
#,
#,
#,
#,
#,
#,
#,
#,
chart,
website,
video,
graph,
regard,
concern,
around,
within,
player,
game,
party,
vehicle,
car,
race,
game,
take,
put,
lay,
cut,
turn,
check,
roll,
working,
pull,
last,
fundamental,
statistical,
privacy,
mathematical,
measure,
factor,
keep,
preserve,
hold,
bind,
protect,
keep,
operate,
Unix,
computing,
software,
process,
automatic,
execution,
activity,
movement,
speed,
production,
simulation,
activation,
command,
access,
export,
contribute,
communicate,
feed,
convert,
adapt,
language,
content,
memory,
gender,
language,
structure,
grammar,
image,
name,
label,
face,
signature,
able,
analyze,
helpful,
examine,
employ,
suggest,
gain,
whether,
strategy,
alternative,
shift,
expand,
focus,
adjust,
idea,
attitude,
attention,
meaning,
group,
pair,
character,
contexts,
in,
see,
layout,
official,
example,
and,
also,
as,
create,
include,
db,
distribution,
security,
management,
task,
scheme,
Protocol,
cause,
permit,
identify,
list,
frame,
collection,
pair,
cluster,
execute,
copy,
exchange,
modify,
master,
execute,
delivery,
via,
private,
regional,
near,
isolate,
host,
receive,
distribute,
deliver,
execute,
message,
replication,
package,
concept,
understand,
place,
form,
preserve,
parent,
native,
previous,
proper,
normal,
realm,
boundary,
mathematical,
decision,
some,
such,
design,
rule,
logic,
classification,
its,
#,
ethic,
theory,
philosophy,
group,
categorize,
sort,
subdivide,
break,
split,
put,
arrange,
assumption,
decision,
interpretation,
law,
another,
new,
an,
perform,
link,
cut,
correlation,
interpretation,
classification,
comparison,
manipulation,
creation,
translation,
editing,
write,
read,
read,
from,
content,
hierarchy,
command,
mesh,
node,
string,
diagram,
window,
office,
department,
library,
wish,
intend,
try,
seek,
desire,
attempt,
aim,
prevent,
stop,
curb,
halt,
restrict,
quantity,
virus,
app,
urge,
recommend,
advise,
caution,
expect,
pressure,
treat,
accept,
marker,
dog,
typical,
card,
serve,
act,
serve,
run,
aid,
counter,
desktop,
network,
medium,
requirement,
tendency,
problem,
difficulty,
failure,
chance,
risk,
necessity,
challenge,
potential,
concern,
incentive,
simplicity,
calculate,
estimate,
current,
print,
black,
drop,
lock,
fill,
cut,
even,
setting,
automatically,
account,
rate,
period,
ignore,
monitor,
compromise,
disrupt,
target,
operate,
affect,
distract,
inform,
aware,
influence,
attract,
interested,
inspire,
non,
semi,
quasi,
Non,
sub,
brand,
often,
otherwise,
aspect,
optical,
wireless,
mechanical,
make,
benefit,
capable,
strategy,
measure,
goal,
reduce,
avoid,
eliminate,
manage,
remove,
prevent,
limit,
improve,
maintain,
ensure,
control,
dependence,
reliance,
rely,
attack,
restriction,
conflict,
default,
rely,
depend,
depend,
depend,
focus,
rely,
focus,
rely,
depend,
discovery,
observation,
preparation,
record,
acquisition,
publication,
form,
yellow,
red,
color,
two,
necessary,
correct,
major,
small,
someone,
anyone,
Minister,
producer,
expert,
agency,
dealer,
thus,
TX,
x,
centralize,
mapping,
engine,
feature,
visitor,
community,
reach,
enter,
article,
meet,
fit,
satisfy,
match,
fulfill,
suit,
meet,
fit,
match,
accumulation,
archive,
qualify,
collect,
incomplete,
statistic,
intelligence,
qualification,
learn,
compilation,
sum,
percentage,
result,
score,
derive,
result,
extract,
gather,
acquire,
gain,
draw,
source,
compile,
measurement,
computational,
sample,
experimental,
analytical,
scientific,
statement,
user,
unlock,
launch,
connect,
install,
GO,
who,
if,
LA,
weak,
strong,
strong,
dark,
strong,
weak,
soft,
strong,
low,
powerful,
finite,
strength,
positive,
#,
drive,
force,
impact,
economy,
perspective,
factor,
help,
employ,
leverage,
distinguish,
select,
separate,
pick,
find,
exclude,
recognize,
protect,
determine,
assess,
evaluate,
side,
#,
competition,
sector,
coordinate,
collect,
store,
capture,
display,
manage,
preserve,
monitor,
receive,
handle,
compare,
analysis,
coordinate,
be,
denote,
commonly,
normally,
sometimes,
lead,
meta,
pre,
pseudo,
post,
co,
alpha,
#,
certificate,
preservation,
compiler,
translator,
publisher,
organisation,
agency,
agent,
association,
prepare,
produce,
develop,
design,
incorporation,
australian,
International,
identity,
Encyclopedia,
sake,
objective,
reason,
achieve,
obtain,
gain,
reach,
diversity,
validity,
resolution,
appear,
reside,
lie,
present,
come,
fall,
belong,
encourage,
invite,
ask,
assist,
direct,
student,
citizen,
consumer,
participant,
download,
gather,
interpret,
suit,
exceed,
meet,
interest,
app,
maximum,
discount,
glance,
start,
threshold,
cost,
premium,
least,
remain,
automatic,
break,
pull,
interval,
condition,
fully,
completely,
make,
highly,
physically,
entirely,
permanently,
totally,
render,
globally,
legally,
calculate,
adjust,
verify,
determine,
retrieve,
check,
commencement,
begin,
termination,
initiation,
arrival,
subsequent,
valid,
desire,
convenience,
clarity,
illustration,
century,
equation,
formula,
theorem,
imply,
mean,
assume,
claim,
argue,
derive,
predict,
judge,
tell,
child,
man,
woman,
boy,
patient,
voter,
surname,
age,
birthday,
nationality,
birth,
death,
birthplace,
signature,
divide,
vary,
get,
calculate,
increase,
raise,
conception,
retirement,
bear,
calendar,
start,
historical,
#,
year,
date,
month,
#,
month,
generation,
#,
archive,
intention,
intent,
pursue,
introduce,
advantage,
adjust,
generate,
match,
store,
delay,
packet,
bandwidth,
path,
#,
schedule,
scale,
dependent,
base,
contingent,
center,
conditional,
model,
condition,
depend,
trend,
dictate,
govern,
guide,
measure,
action,
analyst,
retain,
exercise,
possess,
enjoy,
take,
responsibility,
discretion,
jurisdiction,
duty,
competence,
force,
resolve,
settle,
investigate,
decide,
solve,
hear,
answer,
discuss,
dispute,
dispute,
conflict,
matter,
issue,
disagreement,
disagreement,
question,
litigation,
event,
#,
grade,
sensor,
recognition,
#,
file,
responsibility,
role,
demand,
priority,
likely,
say,
predict,
anticipate,
think,
occur,
grow,
happen,
arise,
evolve,
vary,
degree,
by,
far,
thus,
contact,
background,
biographical,
noise,
effect,
sound,
signal,
error,
sound,
#,
#,
circumstance,
court,
applicant,
question,
know,
switch,
stand,
substitute,
look,
vote,
qualify,
advocate,
DC,
tv,
dvd,
cd,
dvd,
CT,
dd,
sd,
DS,
VHS,
abs,
ad,
3d,
hd,
sign,
key,
card,
plate,
python,
window,
platform,
show,
large,
well,
differ,
popularity,
proliferation,
price,
reduce,
increase,
prove,
demonstrate,
less,
confusion,
uncertainty,
complexity,
overlap,
vulnerability,
instability,
concurrency,
distortion,
enhance,
alarm,
alert,
sms,
emergency,
interrupt,
attack,
antenna,
amplifi,
independent,
control,
clock,
pulse,
voice,
rich,
circuit,
sensor,
five,
four,
squad,
candidate,
roster,
team,
squad,
competitive,
engineering,
admission,
acceptance,
2008,
2000,
2010,
2016,
1996,
2002,
2007,
2012,
2013,
2005,
2015,
2009,
2011,
smart,
advanced,
power,
many,
various,
engineer,
benefit,
overhead,
cloud,
#,
controller,
boost,
well,
productivity,
save,
store,
select,
top,
easy,
sole,
exclusive,
convenient,
button,
save,
profile,
trace,
register,
chart,
weather,
score,
precede,
sport,
english,
paragraph,
number,
issue,
determine,
law,
legislation,
deal,
align,
deal,
#,
#,
agent,
passive,
AI,
contact,
image,
voice,
terminal,
get,
read,
represent,
hold,
share,
possess,
nothing,
on,
be,
рее,
#,
mandate,
restore,
alter,
publish,
instead,
thousand,
hundred,
sequence,
#,
#,
#,
#,
sign,
print,
download,
post,
request,
purchase,
type,
scan,
ship,
immediately,
straight,
forward,
separately,
examination,
balance,
bring,
phase,
gather,
raw,
numerical,
viewpoint,
view,
combine,
view,
perspective,
place,
lack,
increase,
exhibit,
lose,
reduce,
promote,
great,
partial,
extra,
great,
discrimination,
observer,
creator,
recipient,
holder,
seem,
begin,
care,
pretend,
remember,
learn,
guess,
come,
originate,
originate,
come,
arrive,
arrive,
start,
derive,
stem,
come,
11,
15,
13,
ii,
12,
facebook,
chat,
home,
portal,
#,
#,
invite,
news,
resource,
vision,
HP,
SAS,
strengthen,
interchange,
attacker,
os,
employee,
export,
protect,
curate,
integrate,
schedule,
test,
course,
Institute,
instrument,
examination,
undergo,
conduct,
demonstration,
#,
#,
involve,
encompasse,
generation,
analysis,
development,
creation,
comment,
pdf,
multimedia,
research,
unlike,
under,
through,
at,
after,
suggest,
custom,
bring,
prefer,
choose,
favourite,
favorite,
verify,