model,TRUE
method,TRUE
system,TRUE
also,TRUE
mode,TRUE
unit,TRUE
program,TRUE
typically,TRUE
automatically,TRUE
version,TRUE
algorithm,TRUE
limit,TRUE
effectively,FALSE
engine,TRUE
determine,TRUE
give,TRUE
allow,TRUE
define,TRUE
yield,TRUE
use,TRUE
require,TRUE
provide,FALSE
produce,TRUE
reduce,TRUE
increase,FALSE
set,TRUE
guarantee,TRUE
preserve,TRUE
number,TRUE
amount,TRUE
number,TRUE
size,TRUE
length,TRUE
value,TRUE
volume,TRUE
set,TRUE
quantity,FALSE
speed,TRUE
range,TRUE
value,TRUE
performance,TRUE
density,TRUE
sum,FALSE
distribute,FALSE
assign,TRUE
generate,TRUE
allocate,TRUE
run,TRUE
load,TRUE
store,TRUE
number,TRUE
operate,TRUE
transfer,FALSE
instal,TRUE
attach,TRUE
produce,FALSE
space,TRUE
define,FALSE
program,TRUE
machine,FALSE
function,TRUE
application,TRUE
unit,TRUE
process,TRUE
file,TRUE
computer,TRUE
processor,TRUE
operation,TRUE
instruction,TRUE
device,TRUE
command,TRUE
thread,TRUE
task,TRUE
for,TRUE
consider,TRUE
understanding,TRUE
consider,TRUE
hence,TRUE
give,TRUE
regard,TRUE
with,TRUE
include,TRUE
besides,TRUE
use,TRUE
and,TRUE
Act,TRUE
treaty,TRUE
convention,TRUE
agreement,TRUE
law,TRUE
treaty,FALSE
charter,TRUE
agreement,TRUE
law,TRUE
code,TRUE
constitution,TRUE
document,TRUE
implementation,TRUE
derivative,TRUE
component,TRUE
application,TRUE
successor,FALSE
user,TRUE
ally,TRUE
use,TRUE
predecessor,TRUE
agent,TRUE
variant,TRUE
period,TRUE
question,TRUE
window,TRUE
point,TRUE
ratio,TRUE
duration,TRUE
percentage,TRUE
passage,FALSE
order,TRUE
length,TRUE
measure,TRUE
power,TRUE
capacity,FALSE
energy,TRUE
electricity,TRUE
time,TRUE
room,TRUE
space,TRUE
efficiency,TRUE
fuel,FALSE
cost,TRUE
output,TRUE
load,TRUE
heating,FALSE
intake,TRUE
heat,TRUE
inlet,TRUE
cool,TRUE
fan,TRUE
hot,TRUE
electrical,TRUE
supply,TRUE
shower,TRUE
pump,TRUE
storage,TRUE
expansion,TRUE
ventilation,TRUE
conditioning,TRUE
maintenance,FALSE
water,TRUE
service,TRUE
cook,FALSE
exhaust,TRUE
gas,FALSE
receive,TRUE
plant,FALSE
cycle,TRUE
station,FALSE
operation,TRUE
tower,FALSE
process,FALSE
facility,TRUE
installation,TRUE
element,FALSE
equipment,TRUE
step,FALSE
follow,FALSE
three,FALSE
four,FALSE
two,FALSE
various,FALSE
five,FALSE
six,FALSE
major,FALSE
seven,FALSE
remain,FALSE
main,FALSE
nine,FALSE
relevant,FALSE
section,FALSE
consist,FALSE
detail,FALSE
section,FALSE
part,FALSE
form,FALSE
table,FALSE
part,TRUE
consist,FALSE
provision,FALSE
consist,TRUE
list,FALSE
table,FALSE
schedule,FALSE
chapter,FALSE
chapter,TRUE
page,FALSE
part,TRUE
category,FALSE
type,TRUE
article,TRUE
volume,TRUE
§,TRUE
article,TRUE
table,FALSE
step,TRUE
note,TRUE
figure,TRUE
stage,TRUE
version,TRUE
phase,FALSE
section,TRUE
line,TRUE
u,TRUE
t,FALSE
it,TRUE
a,FALSE
n,FALSE
UTC,FALSE
[,TRUE
c,FALSE
up,FALSE
US,FALSE
e,FALSE
request,TRUE
call,TRUE
demand,TRUE
command,TRUE
request,TRUE
suggestion,TRUE
permit,TRUE
signal,TRUE
petition,TRUE
proposal,TRUE
permission,TRUE
response,TRUE
wish,FALSE
put,TRUE
work,TRUE
operate,TRUE
install,TRUE
lease,TRUE
add,TRUE
turn,FALSE
build,TRUE
switch,FALSE
take,TRUE
rely,FALSE
comment,FALSE
fix,TRUE
generator,FALSE
refrigerator,FALSE
thermal,FALSE
toilet,TRUE
light,TRUE
temperature,TRUE
lighting,TRUE
cold,TRUE
device,TRUE
component,TRUE
source,TRUE
solution,TRUE
machine,TRUE
make,TRUE
receive,FALSE
grant,TRUE
give,TRUE
issue,TRUE
deny,FALSE
consider,TRUE
request,FALSE
submit,TRUE
file,TRUE
send,TRUE
accept,TRUE
ask,FALSE
reject,TRUE
hear,TRUE
court,FALSE
FCC,TRUE
receiver,TRUE
board,TRUE
company,TRUE
agency,TRUE
board,TRUE
manufacturer,FALSE
user,TRUE
EPA,TRUE
customer,TRUE
authority,TRUE
judge,FALSE
administrator,TRUE
court,TRUE
respond,TRUE
decide,FALSE
determine,TRUE
open,FALSE
check,TRUE
activate,TRUE
run,TRUE
know,TRUE
proceed,TRUE
change,TRUE
charge,TRUE
comply,TRUE
problem,FALSE
replacement,FALSE
option,TRUE
connection,TRUE
remove,TRUE
perform,TRUE
address,TRUE
apply,FALSE
complete,TRUE
approve,TRUE
fulfil,TRUE
current,TRUE
voltage,TRUE
pressure,TRUE
latter,TRUE
threshold,TRUE
absolute,TRUE
critical,TRUE
pH,FALSE
reference,TRUE
gauge,TRUE
#,TRUE
position,TRUE
#,TRUE
state,TRUE
rate,TRUE
use,TRUE
calculate,FALSE
measure,TRUE
adjust,TRUE
choose,TRUE
take,TRUE
determine,TRUE
select,TRUE
evaluate,FALSE
test,FALSE
analyze,FALSE
conjunction,FALSE
combination,FALSE
accordance,FALSE
association,TRUE
relation,TRUE
comparison,TRUE
analogy,TRUE
correlation,TRUE
line,TRUE
contrast,TRUE
parallel,TRUE
tandem,TRUE
relationship,TRUE
level,TRUE
rating,TRUE
measurement,TRUE
indicator,TRUE
indicate,TRUE
predict,TRUE
tell,FALSE
detect,TRUE
identify,TRUE
calculate,FALSE
adjust,TRUE
see,TRUE
specify,TRUE
estimate,FALSE
battery,TRUE
vacuum,TRUE
control,TRUE
cool,TRUE
charge,TRUE
cool,TRUE
motor,TRUE
surface,TRUE
bulb,TRUE
mechanism,TRUE
turn,TRUE
switch,TRUE
power,TRUE
turn,TRUE
mount,TRUE
place,TRUE
switch,TRUE
operate,TRUE
fire,FALSE
connect,TRUE
make,TRUE
or,FALSE
such,TRUE
then,FALSE
make,TRUE
in,FALSE
function,TRUE
button,TRUE
channel,FALSE
clock,FALSE
computer,TRUE
valve,FALSE
circuit,FALSE
allow,TRUE
get,TRUE
give,FALSE
ask,FALSE
enable,TRUE
force,TRUE
stop,TRUE
ability,TRUE
datum,TRUE
code,TRUE
frequency,TRUE
go,TRUE
either,TRUE
come,FALSE
send,FALSE
play,TRUE
read,TRUE
stay,FALSE
sound,TRUE
transmit,TRUE
#,TRUE
#,TRUE
more,FALSE
#,TRUE
would,TRUE
#,TRUE
may,TRUE
could,TRUE
help,FALSE
shall,FALSE
must,FALSE
might,FALSE
help,FALSE
include,FALSE
provide,FALSE
software,TRUE
resource,FALSE
instrument,FALSE
system,TRUE
information,TRUE
whether,TRUE
well,TRUE
something,TRUE
valid,TRUE
total,FALSE
nominal,TRUE
result,TRUE
differential,TRUE
test,TRUE
free,TRUE
ideal,TRUE
real,TRUE
monitor,TRUE
sensor,TRUE
monitor,TRUE
database,TRUE
controller,TRUE
meter,TRUE
operator,FALSE
chart,FALSE
represent,FALSE
contain,FALSE
describe,TRUE
measure,FALSE
identify,TRUE
show,TRUE
include,TRUE
#,TRUE
#,TRUE
#,FALSE
#,TRUE
#,TRUE
#,TRUE
#,TRUE
#,TRUE
#,TRUE
#,TRUE
#,TRUE
humidity,TRUE
flow,TRUE
magnetic,TRUE
moisture,TRUE
precipitation,TRUE
these,FALSE
they,TRUE
all,FALSE
rule,FALSE
both,TRUE
datum,TRUE
service,TRUE
example,TRUE
key,TRUE
change,FALSE
result,TRUE
application,FALSE
specify,TRUE
contain,TRUE
include,TRUE
list,TRUE
detail,FALSE
describe,TRUE
publish,FALSE
state,TRUE
outline,TRUE
provide,FALSE
cover,TRUE
find,FALSE
write,TRUE
document,FALSE
standard,FALSE
technical,TRUE
full,TRUE
final,FALSE
original,TRUE
general,TRUE
iso,TRUE
correspond,TRUE
pdf,FALSE
',TRUE
minimum,FALSE
daily,TRUE
specific,TRUE
parameter,TRUE
maximum,TRUE
typical,TRUE
constant,TRUE
band,TRUE
spectrum,TRUE
scale,FALSE
sensitivity,FALSE
tolerance,TRUE
distribution,TRUE
variation,TRUE
difference,TRUE
report,TRUE
sample,TRUE
obtain,TRUE
derive,TRUE
collect,TRUE
expect,TRUE
available,TRUE
draw,TRUE
extract,TRUE
person,FALSE
individual,FALSE
subject,TRUE
location,TRUE
patient,TRUE
household,TRUE
body,TRUE
equal,TRUE
compare,TRUE
proportional,TRUE
add,TRUE
match,TRUE
convert,TRUE
relate,TRUE
identical,TRUE
equivalent,TRUE
similar,TRUE
limit,TRUE
solar,TRUE
#,TRUE
#,TRUE
fire,TRUE
#,TRUE
climate,TRUE
upper,TRUE
set,TRUE
setting,TRUE
measure,TRUE
fix,FALSE
read,TRUE
management,TRUE
sense,TRUE
mean,TRUE
need,TRUE
#,TRUE
need,TRUE
fail,TRUE
want,TRUE
desire,TRUE
#,TRUE
call,TRUE
player,TRUE
attempt,TRUE
click,TRUE
sign,TRUE
hold,TRUE
move,TRUE
fly,TRUE
dial,TRUE
#,TRUE
year,TRUE
day,TRUE
night,TRUE
week,TRUE
month,TRUE
time,FALSE
hour,TRUE
morning,TRUE
moment,TRUE
#,TRUE
evening,FALSE
time,FALSE
place,TRUE
item,TRUE
alarm,TRUE
alert,TRUE
event,TRUE
emergency,TRUE
action,TRUE
address,TRUE
update,TRUE
answer,TRUE
attack,TRUE
sound,TRUE
raise,TRUE
activate,TRUE
trigger,TRUE
call,TRUE
sound,FALSE
trip,FALSE
detect,TRUE
important,TRUE
additional,FALSE
unusual,FALSE
unexpected,FALSE
upcoming,FALSE
abnormal,FALSE
appropriate,FALSE
actual,FALSE
entire,FALSE
interesting,TRUE
impend,TRUE
ongoing,TRUE
anticipate,TRUE
message,FALSE
warn,TRUE
monitor,TRUE
report,TRUE
initiate,TRUE
file,FALSE
note,TRUE
information,TRUE
track,TRUE
image,TRUE
number,TRUE
word,FALSE
feature,FALSE
property,TRUE
event,FALSE
link,FALSE
header,TRUE
web,TRUE
public,TRUE
text,TRUE
associate,TRUE
external,TRUE
phase,TRUE
file,TRUE
document,TRUE
library,TRUE
stage,TRUE
stage,TRUE
follow,TRUE
record,TRUE
store,TRUE
display,FALSE
hold,TRUE
generate,TRUE
list,TRUE
include,TRUE
tool,TRUE
resource,TRUE
documentation,TRUE
element,TRUE
item,TRUE
requirement,FALSE
material,TRUE
feature,TRUE
detail,TRUE
one,TRUE
author,TRUE
one,TRUE
program,TRUE
architect,TRUE
software,TRUE
project,TRUE
editor,TRUE
developer,TRUE
designer,TRUE
need,FALSE
require,FALSE
take,FALSE
take,FALSE
want,TRUE
develop,FALSE
design,TRUE
make,TRUE
create,FALSE
complete,TRUE
prepare,TRUE
produce,FALSE
implement,TRUE
execute,TRUE
submit,TRUE
plan,TRUE
approve,TRUE
write,FALSE
project,TRUE
website,TRUE
build,TRUE
specification,TRUE
site,TRUE
product,TRUE
prototype,TRUE
map,FALSE
search,FALSE
report,TRUE
track,FALSE
analyze,TRUE
call,TRUE
process,TRUE
name,TRUE
find,TRUE
Map,TRUE
monitor,TRUE
survey,TRUE
track,FALSE
see,TRUE
activity,TRUE
occurrence,TRUE
incident,TRUE
participant,TRUE
case,TRUE
party,TRUE
scenario,TRUE
entity,TRUE
instance,FALSE
situation,TRUE
present,TRUE
collect,TRUE
generate,FALSE
obtain,TRUE
retrieve,FALSE
record,TRUE
select,FALSE
compare,TRUE
apply,FALSE
statistical,TRUE
search,TRUE
weather,FALSE
safety,TRUE
identification,TRUE
background,FALSE
contact,TRUE
voice,FALSE
electronic,TRUE
network,FALSE
telephone,FALSE
radio,TRUE
communication,FALSE
wireless,TRUE
satellite,TRUE
communication,TRUE
internal,FALSE
digital,FALSE
control,FALSE
product,TRUE
module,TRUE
machinery,TRUE
able,TRUE
allow,TRUE
enable,TRUE
ready,TRUE
necessary,TRUE
guarantee,FALSE
maintain,FALSE
sufficient,TRUE
continue,TRUE
permit,TRUE
depend,FALSE
act,FALSE
carry,TRUE
focus,TRUE
fit,TRUE
occur,TRUE
perform,TRUE
deliver,TRUE
new,FALSE
integrate,TRUE
transmission,FALSE
complex,TRUE
central,TRUE
basis,TRUE
platform,TRUE
principle,FALSE
environment,FALSE
theorem,FALSE
result,FALSE
conjecture,FALSE
statement,FALSE
assumption,FALSE
condition,TRUE
inequality,FALSE
formula,FALSE
property,FALSE
equality,TRUE
interpretation,TRUE
claim,TRUE
example,TRUE
conclusion,TRUE
identity,TRUE
equation,FALSE
form,TRUE
ieee,TRUE
Atari,FALSE
an,TRUE
IBM,TRUE
ST,TRUE
os,TRUE
dos,TRUE
EA,TRUE
CP,TRUE
NE,TRUE
european,TRUE
SC,TRUE
standard,TRUE
technical,TRUE
application,TRUE
key,TRUE
general,TRUE
core,FALSE
h,TRUE
s,TRUE
d,TRUE
o,TRUE
r,TRUE
f,TRUE
L,TRUE
w,TRUE
b,TRUE
p,FALSE
#,FALSE
#,FALSE
#,FALSE
#,FALSE
ii,FALSE
#,TRUE
2011,TRUE
2012,FALSE
2008,FALSE
2009,FALSE
2010,FALSE
2017,FALSE
#,TRUE
#,TRUE
#,TRUE
#,TRUE
system,TRUE
#,TRUE
react,TRUE
adapt,TRUE
cater,TRUE
listen,TRUE
correspond,TRUE
conform,TRUE
refer,TRUE
agree,FALSE
signal,TRUE
order,TRUE
threat,TRUE
message,TRUE
warning,TRUE
input,TRUE
report,TRUE
question,TRUE
input,FALSE
incorporate,FALSE
enter,TRUE
integrate,FALSE
insert,TRUE
translate,TRUE
introduce,TRUE
expand,FALSE
convert,FALSE
bring,FALSE
combine,TRUE
image,TRUE
result,FALSE
code,FALSE
on,FALSE
under,TRUE
indicate,TRUE
at,TRUE
be,TRUE
instant,FALSE
period,TRUE
ambient,TRUE
air,FALSE
boiler,TRUE
core,TRUE
factor,FALSE
noise,FALSE
reach,FALSE
exceed,TRUE
meet,FALSE
pass,TRUE
attain,FALSE
become,TRUE
surpass,FALSE
achieve,TRUE
change,TRUE
hit,FALSE
enter,TRUE
satisfy,FALSE
strike,FALSE
normal,TRUE
recommend,FALSE
average,TRUE
parameter,TRUE
condition,FALSE
warm,TRUE
processing,TRUE
effect,TRUE
feature,FALSE
extend,FALSE
evaluate,FALSE
lead,FALSE
situation,FALSE
circumstance,FALSE
event,TRUE
problem,FALSE
response,FALSE
demand,TRUE
action,TRUE
limit,TRUE
area,TRUE
or,FALSE
v,FALSE
CO,TRUE
expression,FALSE
node,FALSE
terminate,FALSE
follow,FALSE
start,FALSE
begin,TRUE
initiate,FALSE
repeat,TRUE
continue,TRUE
end,TRUE
reverse,TRUE
book,TRUE
paper,TRUE
entry,FALSE
publication,TRUE
offer,FALSE
present,TRUE
give,FALSE
make,FALSE
description,TRUE
summary,FALSE
overview,TRUE
explanation,FALSE
outline,TRUE
account,FALSE
analysis,FALSE
definition,FALSE
list,FALSE
breakdown,TRUE
review,TRUE
view,TRUE
service,TRUE
activity,TRUE
standard,TRUE
specification,TRUE
project,TRUE
decide,TRUE
continue,FALSE
refuse,TRUE
choose,TRUE
agree,TRUE
plan,FALSE
refuse,TRUE
plan,TRUE
classify,TRUE
release,TRUE
sell,TRUE
organize,FALSE
hold,FALSE
build,FALSE
develop,FALSE
member,FALSE
member,FALSE
satellite,FALSE
district,FALSE
constituent,TRUE
extension,TRUE
station,TRUE
foundation,FALSE
determine,TRUE
consider,FALSE
assess,TRUE
explain,FALSE
describe,TRUE
evaluate,TRUE
discuss,FALSE
define,TRUE
understand,FALSE
calculate,TRUE
address,FALSE
analyze,TRUE
examine,FALSE
study,TRUE
meet,TRUE
technology,TRUE
concept,TRUE
design,FALSE
architecture,TRUE
hardware,TRUE
concept,TRUE
module,TRUE
package,TRUE
decision,TRUE
change,TRUE
advance,TRUE
study,FALSE
assumption,FALSE
improvement,FALSE
suggestion,TRUE
choice,TRUE
recommendation,TRUE
proposal,TRUE
development,TRUE
discovery,TRUE
observation,TRUE
modification,FALSE
criticism,TRUE
create,FALSE
propose,FALSE
establish,TRUE
lay,TRUE
express,FALSE
formulate,TRUE
introduce,TRUE
configuration,FALSE
type,FALSE
layout,TRUE
arrangement,TRUE
structure,FALSE
ignition,TRUE
seal,TRUE
clean,TRUE
portion,TRUE
edition,TRUE
subset,TRUE
aspect,TRUE
formulation,TRUE
discuss,TRUE
explain,TRUE
consider,FALSE
address,TRUE
cover,TRUE
outline,FALSE
principle,FALSE
rule,FALSE
rule,TRUE
idea,TRUE
characteristic,TRUE
theory,TRUE
fact,FALSE
direction,FALSE
contain,TRUE
construct,FALSE
copy,FALSE
demonstration,FALSE
simulation,TRUE
presentation,TRUE
choice,TRUE
vehicle,TRUE
aircraft,FALSE
robot,TRUE
testing,FALSE
evaluation,FALSE
development,TRUE
detection,FALSE
investigation,FALSE
calculation,FALSE
test,FALSE
inspection,TRUE
improvement,FALSE
deployment,FALSE
approval,FALSE
criterion,FALSE
factor,FALSE
scenario,FALSE
reason,FALSE
variable,FALSE
rating,FALSE
account,FALSE
responsible,TRUE
check,TRUE
assess,FALSE
design,FALSE
temperature,TRUE
expectation,FALSE
since,FALSE
permit,FALSE
expect,FALSE
enable,FALSE
cause,TRUE
warm,TRUE
cool,TRUE
agent,FALSE
coil,FALSE
heat,TRUE
fit,FALSE
replace,TRUE
operational,FALSE
division,TRUE
conference,FALSE
unit,TRUE
source,TRUE
Database,TRUE
DE,FALSE
index,FALSE
divide,FALSE
split,FALSE
subdivide,FALSE
structure,FALSE
separate,TRUE
break,TRUE
group,TRUE
organise,TRUE
categorize,TRUE
arrange,FALSE
sort,FALSE
reorganize,FALSE
compile,FALSE
category,FALSE
area,TRUE
segment,TRUE
group,TRUE
article,FALSE
chapter,TRUE
level,TRUE
type,TRUE
division,FALSE
step,TRUE
the,TRUE
control,TRUE
current,TRUE
basic,TRUE
test,TRUE
emergency,TRUE
radar,TRUE
automatic,TRUE
electronic,TRUE
advanced,TRUE
power,TRUE
integrate,FALSE
service,TRUE
procedure,TRUE
method,TRUE
technique,FALSE
term,TRUE
present,FALSE
identify,TRUE
mention,TRUE
draft,FALSE
contract,FALSE
letter,TRUE
paragraph,FALSE
manual,TRUE
utilize,FALSE
adopt,FALSE
serve,FALSE
regard,FALSE
see,FALSE
employ,FALSE
follow,TRUE
view,FALSE
implement,TRUE
interpret,FALSE
framework,TRUE
foundation,TRUE
guideline,TRUE
template,TRUE
guidance,FALSE
base,TRUE
guide,FALSE
future,TRUE
overall,TRUE
practical,TRUE
formal,TRUE
conceptual,FALSE
effective,FALSE
integration,FALSE
engineering,FALSE
version,FALSE
certification,FALSE
physical,TRUE
register,FALSE
schedule,TRUE
display,FALSE
define,FALSE
bear,TRUE
name,FALSE
password,TRUE
path,TRUE
class,FALSE
object,FALSE
server,TRUE
host,TRUE
client,TRUE
utility,TRUE
driver,TRUE
not,TRUE
without,FALSE
this,TRUE
never,TRUE
lose,TRUE
variable,TRUE
initial,TRUE
return,TRUE
sequence,TRUE
appear,TRUE
remain,TRUE
reside,FALSE
exist,FALSE
differ,FALSE
participate,TRUE
fall,TRUE
xml,FALSE
image,FALSE
adjacent,FALSE
arbitrary,FALSE
empty,FALSE
archive,TRUE
denote,TRUE
equilibrium,TRUE
low,TRUE
mean,TRUE
optimal,FALSE
death,FALSE
injury,TRUE
cause,FALSE
illness,FALSE
infection,FALSE
disease,TRUE
pregnancy,TRUE
child,TRUE
let,TRUE
thus,TRUE
if,FALSE
market,TRUE
previous,TRUE
target,FALSE
face,TRUE
2006,TRUE
2015,TRUE
make,FALSE
#,TRUE
include,TRUE
legislation,TRUE
regulation,TRUE
law,TRUE
#,TRUE
purpose,TRUE
one,TRUE
issue,TRUE
state,TRUE
establish,TRUE
meet,FALSE
publish,FALSE
support,TRUE
matter,TRUE
record,FALSE
those,TRUE
area,FALSE
law,FALSE
act,TRUE
part,FALSE
name,TRUE
right,FALSE
Games,FALSE
project,TRUE
zone,FALSE
zone,TRUE
range,FALSE
fix,TRUE
adapt,TRUE
sensitive,TRUE
tune,TRUE
accord,TRUE
tailor,FALSE
align,TRUE
height,TRUE
altitude,TRUE
power,TRUE
report,TRUE
party,TRUE
aircraft,TRUE
person,TRUE
force,TRUE
work,FALSE
activity,FALSE
matter,TRUE
building,TRUE
exceed,TRUE
meet,TRUE
exceed,TRUE
reach,TRUE
cross,FALSE
violate,FALSE
pass,FALSE
within,TRUE
exceed,TRUE
affect,FALSE
overlap,TRUE
impact,TRUE
breach,FALSE
prescribe,FALSE
legal,FALSE
acceptable,TRUE
authorize,FALSE
applicable,TRUE
official,TRUE
post,TRUE
statutory,FALSE
city,TRUE
mark,TRUE
requirement,TRUE
treat,TRUE
declare,TRUE
know,TRUE
designate,TRUE
characterize,FALSE
rate,FALSE
mark,FALSE
establish,TRUE
ensure,TRUE
increase,TRUE
preserve,TRUE
opportunity,TRUE
capability,TRUE
possibility,TRUE
flexibility,TRUE
scope,TRUE
secretary,TRUE
Commission,FALSE
staff,TRUE
government,TRUE
President,TRUE
administrator,TRUE
government,TRUE
army,TRUE
organization,FALSE
choose,TRUE
distinguish,TRUE
differentiate,FALSE
alternate,FALSE
transition,FALSE
vary,FALSE
pick,FALSE
shift,FALSE
divide,FALSE
kind,FALSE
sort,FALSE
line,FALSE
source,FALSE
class,FALSE
series,TRUE
pair,TRUE
statistic,TRUE
material,TRUE
evidence,TRUE
history,TRUE
aspect,FALSE
status,TRUE
conduct,TRUE
mission,FALSE
group,FALSE
deploy,TRUE
month,TRUE
year,TRUE
week,FALSE
day,TRUE
hour,TRUE
decade,TRUE
season,FALSE
cycle,FALSE
round,FALSE
minute,TRUE
session,TRUE
assessment,TRUE
timeline,TRUE
particular,TRUE
subsequent,TRUE
calendar,FALSE
past,TRUE
single,TRUE
prior,FALSE
twelve,TRUE
precede,TRUE
case,FALSE
offer,FALSE
require,FALSE
publish,FALSE
release,FALSE
support,TRUE
picture,FALSE
preview,FALSE
interface,TRUE
language,FALSE
interact,FALSE
deal,FALSE
compete,FALSE
cooperate,FALSE
interfere,FALSE
how,FALSE
try,FALSE
try,TRUE
use,TRUE
help,FALSE
need,TRUE
distinguish,TRUE
intermediate,TRUE
communicate,TRUE
balance,TRUE
readiness,TRUE
progress,TRUE
intelligence,TRUE
plan,TRUE
risk,TRUE
card,TRUE
study,TRUE
course,TRUE
committee,TRUE
commission,FALSE
panel,TRUE
procedure,FALSE
reveal,TRUE
consider,TRUE
announce,FALSE
#,TRUE
political,TRUE
annual,TRUE
special,FALSE
key,TRUE
scheme,FALSE
bell,FALSE
manager,TRUE
manager,FALSE
engineer,TRUE
team,TRUE
engineer,TRUE
utilize,TRUE
examine,TRUE
interpret,TRUE
encode,TRUE
gather,FALSE
record,FALSE
display,FALSE
log,FALSE
#,FALSE
stream,TRUE
sheet,TRUE
sheet,TRUE
#,TRUE
#,TRUE
verify,TRUE
understand,FALSE
show,FALSE
assess,TRUE
find,TRUE
steam,TRUE
facility,FALSE
technology,FALSE
solution,FALSE
representative,FALSE
independent,FALSE
capable,FALSE
compose,FALSE
name,TRUE
character,TRUE
word,FALSE
digit,FALSE
#,FALSE
vowel,FALSE
other,FALSE
none,TRUE
#,FALSE
measurement,FALSE
reading,TRUE
engage,FALSE
fill,TRUE
abstract,TRUE
administrative,TRUE
thereof,TRUE
district,TRUE
jurisdiction,TRUE
field,TRUE
content,TRUE
purpose,TRUE
rest,TRUE
mean,FALSE
content,FALSE
remainder,FALSE
bulk,TRUE
significance,FALSE
research,FALSE
regulation,FALSE
restrict,TRUE
confine,TRUE
extend,TRUE
reduce,FALSE
narrow,TRUE
basic,FALSE
fundamental,FALSE
financial,FALSE
package,FALSE
transaction,TRUE
locate,FALSE
keep,TRUE
deposit,TRUE
house,TRUE
process,TRUE
window,TRUE
office,TRUE
Microsoft,TRUE
public,FALSE
personal,TRUE
knowledge,TRUE
word,TRUE
internet,TRUE
security,TRUE
#,FALSE
#,TRUE
#,TRUE
#,FALSE
#,TRUE
#,TRUE
management,TRUE
server,TRUE
#,TRUE
#,FALSE
folder,TRUE
directory,TRUE
certificate,TRUE
container,FALSE
sit,TRUE
reside,FALSE
student,FALSE
recipient,FALSE
employee,FALSE
applicant,TRUE
owner,FALSE
holder,FALSE
candidate,TRUE
visitor,TRUE
task,FALSE
treatment,FALSE
experiment,TRUE
do,TRUE
repeat,FALSE
finish,FALSE
start,TRUE
accomplish,TRUE
reverse,FALSE
stop,FALSE
begin,FALSE
successful,FALSE
another,FALSE
gradient,FALSE
gain,TRUE
reduction,TRUE
rise,FALSE
impose,FALSE
chemical,TRUE
desire,FALSE
slight,FALSE
decrease,TRUE
adjustment,FALSE
restriction,TRUE
increase,TRUE
zero,TRUE
decrease,FALSE
destroy,TRUE
degree,FALSE
proportion,TRUE
variety,TRUE
dry,FALSE
freeze,FALSE
rise,TRUE
wet,TRUE
start,FALSE
fill,TRUE
lift,TRUE
boil,FALSE
dry,TRUE
remove,FALSE
hold,FALSE
store,FALSE
carry,TRUE
#,FALSE
#,TRUE
#,FALSE
#,FALSE
#,TRUE
#,TRUE
#,TRUE
#,FALSE
#,FALSE
#,TRUE
#,TRUE
#,TRUE
#,FALSE
#,TRUE
#,TRUE
reasonable,TRUE
appoint,TRUE
trigger,FALSE
release,FALSE
use,TRUE
term,TRUE
access,FALSE
difference,FALSE
coefficient,FALSE
stress,TRUE
intensity,FALSE
numerical,FALSE
finally,FALSE
therefore,TRUE
however,FALSE
accordingly,FALSE
additionally,FALSE
also,FALSE
far,FALSE
generally,FALSE
furthermore,FALSE
moreover,FALSE
again,FALSE
subsequently,FALSE
consequently,FALSE
committee,FALSE
council,FALSE
satisfy,FALSE
grant,FALSE
render,FALSE
confirm,FALSE
constitute,FALSE
income,FALSE
fund,FALSE
revenue,TRUE
funding,TRUE
return,TRUE
right,TRUE
constraint,TRUE
definition,FALSE
explicitly,FALSE
restriction,FALSE
begin,FALSE
consistent,FALSE
along,FALSE
deal,TRUE
together,TRUE
combine,TRUE
end,TRUE
inconsistent,TRUE
concern,FALSE
couple,TRUE
#,TRUE
#,TRUE
#,FALSE
#,TRUE
#,TRUE
#,TRUE
#,FALSE
#,FALSE
#,FALSE
#,FALSE
#,TRUE
#,TRUE
#,TRUE
#,TRUE
#,FALSE
property,FALSE
number,TRUE
list,FALSE
unit,FALSE
order,TRUE
register,TRUE
commission,TRUE
discharge,FALSE
form,TRUE
column,FALSE
course,FALSE
route,TRUE
episode,FALSE
branch,TRUE
exclude,FALSE
omit,FALSE
distinguish,FALSE
delete,FALSE
exempt,FALSE
testing,FALSE
date,FALSE
score,TRUE
vote,TRUE
certain,TRUE
change,TRUE
check,FALSE
top,FALSE
side,FALSE
#,FALSE
edge,FALSE
center,TRUE
front,TRUE
pipe,TRUE
cable,TRUE
remain,TRUE
appear,TRUE
act,FALSE
exist,FALSE
count,FALSE
stand,FALSE
serve,FALSE
game,FALSE
card,FALSE
embed,FALSE
bus,FALSE
operate,FALSE
whole,FALSE
suite,FALSE
operate,FALSE
run,FALSE
work,FALSE
perform,TRUE
fall,FALSE
become,FALSE
flow,TRUE
branch,TRUE
industry,FALSE
infrastructure,TRUE
supervisor,FALSE
inspector,FALSE
department,FALSE
technician,FALSE
issue,TRUE
leave,FALSE
advice,FALSE
feedback,FALSE
assurance,FALSE
caution,TRUE
knowledge,TRUE
complaint,TRUE
answer,TRUE
consumer,TRUE
police,TRUE
community,TRUE
population,TRUE
resident,FALSE
customer,FALSE
people,TRUE
authority,FALSE
thing,TRUE
mechanism,FALSE
way,TRUE
happen,FALSE
arise,TRUE
result,FALSE
invalid,TRUE
error,FALSE
incorrect,TRUE
extreme,FALSE
experimental,FALSE
accident,TRUE
exclusion,FALSE
exact,FALSE
adverse,FALSE
reaction,FALSE
behavior,FALSE
fire,FALSE
peak,FALSE
drop,FALSE
retrieve,TRUE
transmit,TRUE
recover,FALSE
laboratory,TRUE
distance,TRUE
observe,FALSE
dose,FALSE
beyond,TRUE
outside,FALSE
safe,FALSE
theoretical,FALSE
mechanical,FALSE
bank,TRUE
check,TRUE
update,FALSE
decide,TRUE
monitor,TRUE
pump,FALSE
cell,FALSE
appliance,FALSE
point,TRUE
find,FALSE
spell,TRUE
single,FALSE
turn,FALSE
fill,FALSE
carry,FALSE
pick,FALSE
map,FALSE
take,TRUE
bound,FALSE
layer,FALSE
region,FALSE
elevation,FALSE
different,TRUE
high,FALSE
finite,TRUE
high,TRUE
monetary,TRUE
purchase,TRUE
dollar,TRUE
asset,TRUE
production,FALSE
#,TRUE
regulation,TRUE
assign,TRUE
teach,FALSE
participant,FALSE
student,TRUE
operator,FALSE
party,FALSE
way,FALSE
chance,TRUE
animal,FALSE
go,FALSE
proceed,TRUE
pass,TRUE
progress,FALSE
move,TRUE
travel,TRUE
go,TRUE
develop,FALSE
motion,FALSE
increase,FALSE
change,FALSE
decrease,FALSE
adjust,FALSE
obtain,FALSE
find,FALSE
reach,FALSE
compute,FALSE
reduce,FALSE
gain,FALSE
priority,FALSE
piece,TRUE
environmental,FALSE
scientific,FALSE
indicator,FALSE
access,FALSE
accessible,TRUE
#,FALSE
#,FALSE
#,TRUE
#,TRUE
#,TRUE
#,FALSE
#,TRUE
#,TRUE
#,TRUE
#,TRUE
#,TRUE
#,TRUE
#,TRUE
#,FALSE
#,TRUE
respectively,FALSE
total,TRUE
average,TRUE
reference,TRUE
•,TRUE
physical,FALSE
global,FALSE
overall,TRUE
operation,TRUE
system,FALSE
equipment,FALSE
point,FALSE
model,FALSE
station,TRUE
material,TRUE
resource,TRUE
value,TRUE
index,FALSE
grade,FALSE
rate,FALSE
distance,FALSE
among,FALSE
of,FALSE
from,FALSE
within,FALSE
despite,FALSE
game,FALSE
vegetation,FALSE
specie,TRUE
tree,TRUE
terrain,TRUE
soil,TRUE
habitat,FALSE
bird,TRUE
character,TRUE
weapon,TRUE
regulate,TRUE
sensor,FALSE
elevation,FALSE
stack,FALSE
packet,TRUE
buffer,FALSE
slot,FALSE
remove,FALSE
accept,TRUE
extract,FALSE
reject,FALSE
separate,FALSE
receive,TRUE
pull,FALSE
word,FALSE
cell,FALSE
restore,FALSE
maintain,TRUE
alter,TRUE
assume,TRUE
retain,FALSE
session,FALSE
last,TRUE
next,FALSE
early,TRUE
access,FALSE
contribution,FALSE
approach,FALSE
commitment,FALSE
contribution,FALSE
involve,FALSE
exposure,TRUE
interval,TRUE
reach,TRUE
approach,TRUE
equal,FALSE
affect,TRUE
match,FALSE
crosse,FALSE
decrease,FALSE
vary,FALSE
margin,FALSE
employ,FALSE
create,FALSE
representation,FALSE
far,FALSE
#,FALSE
#,FALSE
many,FALSE
#,FALSE
#,FALSE
#,TRUE
#,FALSE
name,TRUE
#,FALSE
capability,FALSE
functionality,FALSE
phase,FALSE
organisation,FALSE
vendor,FALSE
ensure,FALSE
introduction,TRUE
coordination,FALSE
exist,FALSE
compliance,TRUE
security,TRUE
license,TRUE
relate,FALSE
relative,FALSE
lead,FALSE
manage,TRUE
implement,TRUE
introduce,TRUE
interface,TRUE
addition,FALSE
#,FALSE
attempt,FALSE
attempt,FALSE
hope,FALSE
help,FALSE
effort,FALSE
assemble,FALSE
forecast,TRUE
perspective,FALSE
justification,TRUE
journal,FALSE
reflect,FALSE
describe,FALSE
cover,TRUE
audit,TRUE
inventory,FALSE
impression,FALSE
decision,TRUE
determination,FALSE
modification,FALSE
revision,FALSE
bring,FALSE
cause,FALSE
show,FALSE
announce,FALSE
operational,FALSE
official,FALSE
present,FALSE
initial,FALSE
maintenance,FALSE
historical,FALSE
historic,FALSE
full,TRUE
special,FALSE
member,FALSE
#,TRUE
#,TRUE
#,TRUE
#,TRUE
#,TRUE
#,TRUE
#,TRUE
facilitate,FALSE
construction,TRUE
affect,TRUE
register,TRUE
reader,TRUE
witness,TRUE
Lord,FALSE
obey,TRUE
govern,TRUE
replace,FALSE
floor,TRUE
corner,TRUE
wall,TRUE
storey,FALSE
plane,FALSE
dome,FALSE
orbit,FALSE
cloud,TRUE
grid,TRUE
runway,FALSE
transmitter,TRUE
screen,FALSE
open,FALSE
rotate,FALSE
equip,TRUE
carry,FALSE
relay,TRUE
transfer,TRUE
feed,TRUE
convey,FALSE
flight,FALSE
vital,FALSE
adjustment,FALSE
any,FALSE
each,FALSE
domain,FALSE
context,FALSE
read,TRUE
follow,FALSE
late,TRUE
biographical,FALSE
travel,FALSE
#,FALSE
#,FALSE
#,FALSE
#,FALSE
#,TRUE
#,TRUE
#,TRUE
#,FALSE
#,FALSE
contractor,TRUE
provider,TRUE
involve,TRUE
reflect,TRUE
comprise,TRUE
discharge,TRUE
declaration,TRUE
recommendation,TRUE
admission,TRUE
appointment,FALSE
amendment,FALSE
award,FALSE
provision,FALSE
undertake,TRUE
render,TRUE
execute,TRUE
accord,TRUE
keep,FALSE
harmony,TRUE
consultation,FALSE
alignment,FALSE
concert,FALSE
objective,FALSE
rule,TRUE
illustrate,TRUE
achieve,FALSE
explain,FALSE
handle,FALSE
avoid,FALSE
consideration,FALSE
follow,FALSE
algorithm,FALSE
processor,FALSE
display,FALSE
transmit,FALSE
generate,FALSE
use,TRUE
record,FALSE
count,FALSE
maintain,FALSE
pulse,FALSE
gas,FALSE
particle,FALSE
charge,FALSE
load,FALSE
clock,FALSE
switch,TRUE
significant,TRUE
temporal,TRUE
#,TRUE
linear,TRUE
#,FALSE
#,TRUE
noticeable,FALSE
delay,FALSE
interference,FALSE
loss,TRUE
electrical,TRUE
engine,TRUE
heat,TRUE
radio,FALSE
gps,TRUE
weather,FALSE
fuel,FALSE
range,FALSE
refer,FALSE
due,FALSE
name,FALSE
but,FALSE
allegedly,TRUE
reportedly,TRUE
reply,FALSE
opposition,FALSE
respond,TRUE
2000,TRUE
parental,FALSE
personal,TRUE
medical,FALSE
location,FALSE
name,FALSE
photo,TRUE
length,FALSE
inside,TRUE
plant,FALSE
apparatus,FALSE
suffix,FALSE
prefix,TRUE
label,FALSE
symbol,FALSE
dash,TRUE
designation,FALSE
abbreviation,FALSE
car,FALSE
prevent,FALSE
warmth,FALSE
oil,TRUE
decline,FALSE
miss,TRUE
delay,FALSE
miss,FALSE
ignore,FALSE
withdraw,FALSE
job,FALSE
ground,FALSE
after,FALSE
during,FALSE
exercise,FALSE
occur,FALSE
occur,FALSE
happen,FALSE
happen,FALSE
come,FALSE
arise,FALSE
originate,FALSE
shut,FALSE
cut,FALSE
seal,FALSE
burn,FALSE
kick,FALSE
electric,FALSE
generator,FALSE
brain,TRUE
encounter,TRUE
lack,FALSE
express,FALSE
experience,FALSE
face,FALSE
potential,FALSE
spot,FALSE
substrate,FALSE
washing,FALSE
currency,FALSE
cash,FALSE
exchange,FALSE
money,FALSE
distinct,FALSE
inherit,FALSE
traffic,FALSE
event,TRUE
earthquake,FALSE
execution,TRUE
track,FALSE
recovery,TRUE
base,FALSE
#,FALSE
raw,FALSE
report,FALSE
log,TRUE
news,FALSE
statement,FALSE
info,FALSE
it,FALSE
we,TRUE
you,TRUE
he,FALSE
Police,TRUE
she,FALSE
candidate,TRUE
alarm,TRUE
attack,TRUE
office,TRUE
store,TRUE
manage,TRUE
share,TRUE
represent,TRUE
stream,TRUE
collection,TRUE
compatibility,TRUE
functional,TRUE
license,TRUE
#,TRUE
segment,TRUE
1994,FALSE
2007,TRUE
1998,TRUE
1993,TRUE
2002,FALSE
2005,FALSE
1995,FALSE
2003,TRUE
1989,TRUE
quality,FALSE
#,TRUE
apply,TRUE
agree,FALSE
differ,TRUE
correspond,TRUE
start,TRUE
begin,FALSE
digit,FALSE
noun,FALSE
group,FALSE
#,TRUE
on,FALSE
no,TRUE
to,TRUE
CE,TRUE
GO,FALSE
SE,TRUE
in,FALSE
pattern,FALSE
orientation,FALSE
signature,FALSE
direction,FALSE
power,FALSE
enter,TRUE
inform,FALSE
connect,FALSE
drive,TRUE
feed,FALSE
protocol,FALSE
pipeline,FALSE
emission,FALSE
lower,FALSE
reference,TRUE
send,FALSE
declare,FALSE
finding,TRUE
goal,FALSE
explain,FALSE
illustrate,TRUE
discuss,TRUE
summarize,FALSE
closing,TRUE
later,TRUE
consist,FALSE
construct,TRUE
comprise,FALSE
constitute,FALSE
desktop,FALSE
keyboard,FALSE
pc,TRUE
physic,FALSE
chassis,FALSE
electronic,FALSE
graphic,FALSE
graphical,TRUE
video,TRUE
programming,FALSE
be,FALSE
only,FALSE
phenomenon,TRUE
explosion,FALSE
prompt,FALSE
force,FALSE
send,FALSE
cause,TRUE
election,FALSE
outbreak,FALSE
invasion,FALSE
eruption,FALSE
abortion,FALSE
epidemic,FALSE
explode,FALSE
fail,FALSE
suggest,FALSE
preference,FALSE
motion,FALSE
tendency,FALSE
knob,FALSE
employer,FALSE
supplier,TRUE
notice,TRUE
hand,FALSE
play,FALSE
contest,FALSE
schedule,FALSE
host,FALSE
stage,FALSE
involve,FALSE
feature,FALSE
#,FALSE
to,FALSE
please,FALSE
must,TRUE
now,TRUE
#,TRUE
#,TRUE
equation,FALSE
example,TRUE
sentence,FALSE
link,TRUE
page,TRUE
discuss,FALSE
privilege,FALSE
duty,FALSE
advantage,FALSE
benefit,TRUE
right,FALSE
convenience,FALSE
honor,FALSE
work,FALSE
control,FALSE
close,FALSE
head,FALSE
#,TRUE
monthly,TRUE
conservation,FALSE
#,FALSE
lie,TRUE
optional,TRUE
performance,FALSE
distribution,FALSE
Sunday,FALSE
quarter,FALSE
Saturday,FALSE
Friday,FALSE
weekend,FALSE
Monday,FALSE
Thursday,FALSE
Tuesday,FALSE
#,FALSE
respective,FALSE
high,FALSE
clause,FALSE
open,FALSE
single,FALSE
repair,FALSE
upgrade,TRUE
failure,FALSE
inability,FALSE
upgrade,FALSE
manage,FALSE
help,FALSE
drainage,FALSE
sanitation,TRUE
tool,FALSE
technique,TRUE
intend,FALSE
say,FALSE
mean,FALSE
suppose,TRUE
believe,TRUE
go,FALSE
staff,FALSE
man,FALSE
company,FALSE
business,FALSE
organization,FALSE
utility,TRUE
firm,TRUE
contractor,FALSE
department,FALSE
architect,FALSE
industry,TRUE
manufacturer,FALSE
building,FALSE
agency,FALSE
surface,FALSE
fixture,FALSE
factory,FALSE
residential,FALSE
incorporate,TRUE
category,FALSE
camera,TRUE
radar,FALSE
antenna,TRUE
ship,FALSE
distinction,FALSE
advantage,FALSE
disadvantage,TRUE
own,FALSE
variant,FALSE
profile,TRUE
band,FALSE
velocity,FALSE
seek,FALSE
invite,FALSE
warrant,FALSE
expect,TRUE
assistance,FALSE
authorization,TRUE
intervention,TRUE
supervision,TRUE
entity,TRUE
personnel,TRUE
person,TRUE
stakeholder,FALSE
body,FALSE
organisation,FALSE
owner,TRUE
improve,TRUE
oversee,FALSE
prevent,TRUE
ownership,FALSE
integrity,FALSE
awareness,FALSE
copy,FALSE
absence,TRUE
presence,FALSE
midst,FALSE
conflict,FALSE
confusion,TRUE
conflict,FALSE
dispute,FALSE
disagreement,TRUE
dispute,TRUE
compromise,FALSE
conflict,FALSE
contamination,TRUE
litigation,TRUE
tension,FALSE
war,TRUE
society,FALSE
thing,TRUE
deal,TRUE
compete,FALSE
combine,FALSE
business,FALSE
memory,FALSE
activation,FALSE
directly,FALSE
local,FALSE
underlie,FALSE
dynamic,FALSE
global,TRUE
_,FALSE
recognition,FALSE
generation,FALSE
modify,FALSE
influence,FALSE
enhance,FALSE
aid,TRUE
time,TRUE
freeze,FALSE
additional,FALSE
new,TRUE
other,FALSE
main,FALSE
repair,TRUE
protection,TRUE
#,TRUE
limitation,FALSE
#,FALSE
depend,FALSE
depend,FALSE
rely,TRUE
rest,FALSE
focus,TRUE
lay,FALSE
center,TRUE
connectivity,TRUE
stability,FALSE
offer,TRUE
afford,TRUE
supply,FALSE
deliver,FALSE
support,FALSE
represent,FALSE
channel,FALSE
connection,FALSE
succession,FALSE
string,FALSE
round,FALSE
kind,FALSE
attack,FALSE
explosion,FALSE
wait,TRUE
cease,TRUE
pause,TRUE
caller,TRUE
worker,TRUE
release,TRUE
sound,TRUE
fire,TRUE
raise,TRUE
broadcast,FALSE
push,FALSE
put,FALSE
audio,FALSE
console,TRUE
exit,FALSE
observation,FALSE
door,FALSE
rear,FALSE
glass,FALSE
view,TRUE
back,FALSE
forward,FALSE
format,TRUE
shape,FALSE
preparation,FALSE
style,TRUE
write,FALSE
note,
handle,
update,
small,
negative,
positive,
large,
induce,
automatic,
passive,
melt,
conversion,
#,
#,
#,
burn,
pende,
unique,
recall,
request,
classification,
compose,
registration,
occur,
previously,
non,
currently,
potentially,
specifically,
normally,
legally,
per,
immediately,
already,
otherwise,
receive,
answer,
accept,
announcement,
photograph,
mention,
depiction,
detector,
cpu,
maintain,
array,
loop,
alternate,
approximately,
roughly,
regular,
simultaneous,
continuous,
around,
tone,
temperature,
pressure,
heat,
heating,
level,
threshold,
load,
warm,
voltage,
energy,
output,
exposure,
thermal,
input,
set,
set,
setting,
range,
difference,
limit,
rating,
interval,
value,
reach,
also,
exceed,
reach,
exceed,
exceed,
approach,
change,
increase,
reduce,
equal,
affect,
match,
crosse,
decrease,
vary,
pass,
rate,
minimum,
maximum,
standard,
power,
time,
value,
distribution,
index,
specification,
estimate,
requirement,
constant,
factor,
amount,
margin,
scale,
percentage,
distance,
degree,
system,
unit,
device,
program,
controller,
mechanism,
module,
command,
software,
receiver,
computer,
instrument,
equipment,
machine,
operator,
provide,
use,
supply,
select,
require,
specify,
need,
choose,
apply,
produce,
determine,
receive,
employ,
generate,
cool,
hot,
storage,
intake,
inlet,
expansion,
shower,
refrigerator,
ventilation,
conditioning,
cook,
control,
cold,
humidity,
processing,
cool,
water,
lighting,
maintenance,
service,
facility,
process,
specification,
standard,
report,
journal,
literature,
rule,
regulation,
publication,
information,
guideline,
document,
requirement,
association,
society,
organization,
body,
institute,
industry,
government,
journal,
institution,
department,
publication,
organisation,
build,
school,
record,
paper,
article,
list,
database,
datum,
note,
section,
book,
proceeding,
download,
purchase,
free,
reference,
loan,
review,
hire,
sale,
research,
analysis,
subscription,
rental,
study,
iso,
London,
library,
within,
online,
#,
school,
award,
pdf,
optional,
[,
2008,
2009,
2010,
2012,
2013,
2011,
vehicle,
service,
system,
power,
surface,
route,
standard,
state,
road,
Signal,
source,
division,
conference,
unit,
Database,
time,
trigger,
release,
the,
use,
term,
length,
parameter,
access,
Act,
parameter,
condition,
variable,
range,
difference,
sensitivity,
coefficient,
level,
characteristic,
pH,
volume,
absolute,
moisture,
surface,
stress,
density,
intensity,
numerical,
#,
company,
user,
customer,
project,
staff,
site,
agency,
station,
involve,
seek,
request,
invite,
warrant,
take,
face,
expect,
risk,
include,
require,
assistance,
support,
permission,
help,
authorization,
funding,
approval,
intervention,
feedback,
contribution,
guidance,
request,
order,
supervision,
authority,
source,
party,
agency,
authority,
organization,
entity,
personnel,
person,
group,
force,
stakeholder,
body,
organisation,
public,
owner,
state,
user,
community,
manufacturer,
contractor,
government,
owner,
maintain,
manage,
continue,
improve,
ensure,
oversee,
monitor,
prevent,
stop,
facilitate,
regulate,
complete,
guide,
ownership,
integrity,
knowledge,
awareness,
security,
management,
operation,
track,
performance,
copy,
monitor,
check,
inspect,
examine,
test,
scan,
evaluate,
analyze,
consider,
weigh,
open,
search,
component,
control,
element,
sensor,
system,
switch,
device,
battery,
window,
circuit,
feature,
unit,
see,
decide,
ask,
know,
find,
discover,
confirm,
tell,
verify,
assess,
judge,
observe,
may,
must,
would,
might,
could,
still,
property,
allow,
cause,
permit,
enable,
allow,
indicate,
force,
allow,
cause,
want,
fan,
vacuum,
battery,
pump,
generator,
vent,
light,
cool,
another,
gas,
element,
source,
button,
component,
switch,
feature,
indicator,
application,
function,
turn,
switch,
put,
instal,
mount,
place,
power,
bring,
carry,
add,
leave,
operate,
screw,
move,
fit,
theorem,
result,
conjecture,
statement,
assumption,
condition,
relation,
inequality,
formula,
property,
equality,
interpretation,
claim,
example,
conclusion,
identity,
equation,
form,
key,
person,
vehicle,
country,
entity,
party,
name,
car,
voter,
member,
individual,
node,
number,
design,
method,
mean,
arrangement,
configuration,
type,
combination,
code,
follow,
two,
main,
next,
three,
previous,
four,
last,
remain,
precede,
final,
table,
equation,
example,
table,
detail,
function,
sentence,
link,
page,
describe,
outline,
illustrate,
define,
discuss,
explain,
describe,
list,
describe,
cover,
address,
',
in,
on,
for,
use,
and,
area,
room,
item,
item,
case,
aircraft,
place,
provide,
permit,
require,
prevent,
need,
enable,
support,
offer,
provide,
include,
contain,
electricity,
warmth,
air,
oil,
cool,
deny,
refuse,
grant,
give,
reject,
decline,
miss,
without,
delay,
miss,
ignore,
issue,
withdraw,
task,
option,
job,
offer,
possibility,
idea,
fuel,
floor,
ground,
#,
control,
number,
electrical,
exhaust,
run,
engine,
plant,
apparatus,
facility,
privilege,
effect,
capability,
duty,
advantage,
status,
benefit,
right,
purpose,
convenience,
honor,
check,
work,
run,
start,
shut,
monitor,
control,
test,
connect,
close,
operator,
installation,
action,
driver,
head,
member,
article,
section,
page,
document,
book,
report,
chapter,
paper,
text,
entry,
version,
give,
present,
contain,
include,
give,
make,
define,
description,
summary,
overview,
explanation,
account,
definition,
list,
breakdown,
view,
application,
module,
service,
activity,
project,
operation,
program,
principle,
concept,
procedure,
method,
criterion,
technique,
term,
process,
outline,
state,
define,
present,
specify,
list,
express,
identify,
mention,
publish,
formulate,
agreement,
draft,
contract,
letter,
paragraph,
manual,
consider,
utilize,
adopt,
serve,
regard,
apply,
see,
develop,
employ,
follow,
take,
view,
implement,
interpret,
basis,
framework,
foundation,
template,
base,
tool,
future,
detail,
overall,
general,
practical,
formal,
conceptual,
effective,
development,
implementation,
integration,
documentation,
evaluation,
engineering,
testing,
version,
certification,
foundation,
incorporate,
fit,
enter,
integrate,
add,
insert,
translate,
introduce,
expand,
convert,
bring,
combine,
file,
image,
result,
command,
message,
instruction,
part,
code,
database,
website,
see,
consider,
know,
or,
think,
note,
compare,
steam,
fan,
machine,
station,
engine,
plant,
appliance,
line,
cell,
tower,
operate,
work,
exist,
serve,
occur,
connect,
stand,
go,
move,
travel,
#,
#,
#,
#,
respond,
cater,
refer,
adjust,
listen,
extend,
lead,
react,
adapt,
situation,
question,
circumstance,
event,
threat,
problem,
measure,
response,
demand,
signal,
action,
limit,
regulation,
agreement,
regulation,
regulation,
law,
rule,
plan,
reduce,
increase,
restrict,
minimize,
vary,
decrease,
measure,
number,
type,
quantity,
size,
variety,
speed,
kind,
generator,
electric,
receive,
need,
build,
deploy,
supply,
available,
assumption,
exception,
agreement,
restriction,
error,
modification,
improvement,
decision,
addition,
limitation,
claim,
mistake,
statement,
conclusion,
recommendation,
observation,
prediction,
concern,
fact,
consideration,
finding,
calculation,
expectation,
model,
theory,
algorithm,
problem,
subject,
make,
establish,
find,
present,
satisfy,
know,
encounter,
assume,
correct,
summarize,
discuss,
explain,
show,
cover,
address,
part,
portion,
edition,
from,
include,
read,
follow,
use,
annual,
official,
relevant,
original,
late,
current,
field,
contact,
biographical,
technical,
mission,
background,
map,
image,
location,
capacity,
frequency,
cycle,
point,
reach,
sufficient,
choose,
meet,
desire,
select,
achieve,
call,
signal,
response,
connection,
send,
initiate,
make,
create,
charge,
demand,
spark,
failure,
comment,
turn,
start,
bid,
pass,
build,
focus,
default,
click,
entire,
new,
solar,
one,
reader,
author,
administrator,
recipient,
client,
editor,
programmer,
administrator,
manager,
server,
store,
publish,
handle,
implement,
read,
file,
content,
content,
derive,
obtain,
extract,
compile,
draw,
generate,
collect,
calculate,
create,
source,
retrieve,
correspond,
actual,
specific,
exist,
relate,
step,
mark,
language,
a,
this,
each,
datum,
xml,
one,
open,
single,
perform,
process,
write,
store,
#,
take,
let,
thus,
denote,
take,
hence,
then,
initial,
measurement,
average,
measure,
ratio,
phase,
vector,
target,
point,
optimal,
goal,
gradient,
delta,
transition,
δ,
band,
change,
δ,
rise,
simulation,
drop,
dependence,
#,
#,
more,
#,
lamp,
thing,
valve,
phone,
line,
fire,
replace,
call,
wear,
dash,
bit,
dot,
curve,
delay,
displacement,
bar,
step,
figure,
tolerance,
consumer,
processor,
supplier,
expect,
cause,
undergo,
allow,
await,
indicate,
warm,
lift,
wind,
low,
event,
radiation,
activity,
cycle,
reaction,
shock,
ready,
fail,
begin,
fail,
wait,
begin,
meet,
avoid,
give,
solution,
candidate,
tool,
forecast,
complete,
incomplete,
approve,
release,
produce,
prepare,
office,
office,
committee,
manager,
board,
representative,
group,
#,
#,
committee,
leave,
provide,
assist,
board,
applicant,
commission,
researcher,
period,
schedule,
window,
total,
calendar,
series,
timeline,
sequence,
quota,
resource,
location,
site,
statistic,
indicator,
material,
area,
conduct,
perform,
prepare,
construct,
get,
decision,
well,
single,
survey,
change,
determine,
check,
indicate,
calculate,
measure,
top,
side,
end,
#,
edge,
center,
stage,
front,
circuit,
flow,
pipe,
cable,
channel,
sensor,
automatically,
alarm,
receive,
send,
receive,
issue,
get,
answer,
send,
return,
enter,
hear,
potential,
reason,
caller,
movement,
noise,
answer,
object,
update,
alert,
email,
extension,
agent,
assignment,
ID,
engineer,
obtain,
predict,
ignore,
reason,
consequence,
efficiency,
accuracy,
weight,
cost,
know,
not,
possible,
other,
follow,
applicable,
find,
2015,
2016,
2007,
2006,
2003,
2004,
2005,
2017,
remove,
download,
import,
delete,
load,
header,
external,
tree,
stack,
console,
enter,
integrate,
introduce,
upload,
insert,
copy,
deposit,
pass,
feed,
transfer,
folder,
format,
library,
package,
container,
directory,
registration,
translation,
execution,
acquisition,
write,
draw,
find,
get,
return,
exact,
integer,
binary,
#,
relationship,
record,
entry,
context,
domain,
way,
order,
instance,
direction,
hold,
put,
call,
cut,
send,
carry,
carry,
act,
leave,
read,
work,
set,
shall,
adjust,
fix,
adapt,
sensitive,
tune,
proportional,
accord,
limit,
tailor,
align,
design,
#,
height,
altitude,
#,
#,
#,
#,
prediction,
scenario,
hypothesis,
observation,
assertion,
procedure,
issue,
submit,
accept,
execute,
grant,
motor,
stay,
pump,
t,
u,
at,
it,
s,
ET,
v,
CT,
e,
K,
r,
h,
n,
tower,
L,
c,
b,
ii,
#,
court,
division,
group,
category,
class,
act,
union,
consist,
speak,
come,
appear,
consist,
hear,
contain,
approve,
bear,
certificate,
license,
award,
establish,
identify,
responsibility,
preference,
appropriate,
particular,
primary,
deliver,
request,
determine,
assign,
report,
#,
#,
history,
presentation,
picture,
be,
testing,
moment,
situation,
position,
day,
diagnosis,
sign,
error,
those,
power,
report,
party,
aircraft,
record,
person,
force,
work,
activity,
act,
event,
matter,
area,
building,
reach,
cross,
violate,
exceed,
affect,
overlap,
impact,
breach,
prescribe,
recommend,
legal,
permit,
acceptable,
authorize,
post,
statutory,
city,
normal,
mark,
treat,
classify,
declare,
designate,
characterize,
rate,
mark,
attempt,
decide,
desire,
desire,
choose,
tap,
fire,
washing,
outlet,
transmit,
release,
activate,
display,
warn,
emergency,
digital,
automatic,
electronic,
clock,
input,
electrical,
engine,
heat,
radar,
radio,
gps,
weather,
fuel,
range,
equipment,
refer,
due,
platform,
company,
website,
language,
class,
track,
channel,
school,
library,
robot,
change,
display,
transmit,
store,
adjust,
calculate,
generate,
use,
read,
record,
count,
maintain,
temperature,
pulse,
reading,
gas,
measurement,
particle,
charge,
load,
clock,
significant,
#,
temporal,
#,
linear,
physical,
noticeable,
interference,
loss,
transmitter,
satellite,
search,
report,
track,
call,
process,
name,
Map,
monitor,
survey,
occurrence,
incident,
participant,
collect,
retrieve,
statistical,
weather,
associate,
safety,
identification,
all,
only,
select,
list,
word,
name,
letter,
submit,
unique,
link,
refer,
contribute,
reader,
date,
editor,
Commission,
court,
officer,
inspector,
declare,
assure,
proper,
work,
safe,
permanent,
satisfactory,
good,
usable,
stable,
critical,
availability,
quality,
installation,
fixture,
product,
make,
issue,
send,
request,
file,
answer,
grant,
place,
give,
apply,
consider,
ask,
include,
notice,
note,
licence,
sell,
close,
seal,
cut,
lay,
burn,
lock,
ability,
inability,
upgrade,
want,
agree,
decide,
manage,
help,
want,
develop,
achieve,
deliver,
install,
drainage,
sanitation,
#,
how,
try,
try,
use,
help,
need,
distinguish,
differentiate,
alternate,
link,
distinguish,
interface,
differ,
intermediate,
communicate,
balance,
readiness,
progress,
intelligence,
assessment,
plan,
card,
course,
none,
proportion,
dining,
panel,
survive,
accommodate,
complete,
every,
finish,
start,
cover,
select,
enter,
print,
fire,
perform,
character,
category,
symbol,
color,
candidate,
model,
card,
student,
printer,
print,
write,
character,
graphic,
style,
color,
font,
these,
they,
rule,
both,
service,
example,
key,
change,
result,
application,
document,
full,
test,
factor,
scenario,
rating,
account,
responsible,
ask,
assess,
since,
take,
expect,
cause,
turn,
clean,
coil,
heat,
operate,
maintain,
operational,
activate,
you,
we,
it,
he,
user,
she,
student,
member,
organize,
witness,
whole,
form,
access,
magnetic,
elevation,
profile,
band,
velocity,
gauge,
boiler,
likely,
believe,
suspect,
note,
think,
probable,
conclude,
estimate,
argue,
apparent,
charge,
tank,
report,
return,
transfer,
communicating,
deliver,
restore,
connect,
match,
DC,
back,
location,
name,
photo,
name,
length,
inside,
part,
suffix,
prefix,
label,
symbol,
designation,
word,
abbreviation,
inform,
consist,
compose,
yield,
sheet,
toilet,
divide,
organize,
split,
subdivide,
structure,
separate,
break,
group,
organise,
categorize,
arrange,
sort,
reorganize,
segment,
chapter,
division,
general,
current,
basic,
test,
emergency,
project,
automatic,
electronic,
advanced,
integrate,
#,
#,
#,
#,
#,
#,
#,
#,
#,
#,
#,
#,
#,
provider,
involve,
reflect,
represent,
comprise,
cover,
discharge,
#,
#,
monthly,
conservation,
#,
lie,
remain,
reside,
fall,
team,
Secretariat,
remove,
extract,
gather,
pull,
recover,
separate,
date,
historical,
internal,
log,
log,
register,
space,
year,
region,
rank,
duration,
month,
season,
engineer,
utilize,
replace,
comprise,
mode,
technology,
necessary,
intend,
plan,
district,
environment,
district,
wish,
motion,
petition,
oven,
pad,
furnace,
construct,
file,
initiate,
hear,
echo,
announcement,
inquiry,
audit,
advertisement,
record,
register,
announce,
schedule,
observe,
hold,
notify,
cancel,
finally,
therefore,
however,
accordingly,
additionally,
also,
far,
generally,
furthermore,
moreover,
again,
subsequently,
consequently,
meet,
council,
secretary,
satisfy,
follow,
render,
constitute,
income,
fund,
revenue,
evidence,
patient,
brain,
animal,
encounter,
lack,
express,
meet,
experience,
show,
face,
create,
develop,
fill,
spot,
substrate,
dry,
#,
terminate,
intervene,
detect,
high,
change,
certain,
reduce,
high,
rise,
hazard,
rainfall,
climate,
sun,
ambient,
environmental,
significantly,
even,
actually,
either,
substantially,
fit,
break,
intersect,
impose,
imply,
suggest,
dictate,
indicate,
correction,
disturbance,
shift,
zone,
material,
coefficient,
attain,
hit,
lose,
convection,
compression,
lower,
match,
interrupt,
alter,
escape,
withstand,
ideal,
reduction,
adjustment,
#,
schedule,
bill,
fulfill,
obey,
justify,
platform,
suite,
core,
network,
architecture,
compose,
consist,
comprise,
capable,
form,
constitute,
hardware,
desktop,
keyboard,
pc,
physic,
chassis,
bus,
electronic,
graphical,
video,
programming,
technology,
column,
influence,
raise,
maintain,
operational,
official,
present,
initial,
maintenance,
historical,
historic,
full,
total,
special,
#,
additional,
new,
software,
main,
game,
repair,
protection,
make,
such,
with,
make,
play,
sound,
bank,
check,
set,
identify,
update,
monitor,
consider,
establish,
treatment,
find,
spell,
single,
turn,
carry,
pick,
map,
replacement,
help,
resource,
whether,
something,
#,
team,
denote,
divide,
assign,
represent,
river,
stream,
vessel,
minute,
week,
hour,
meter,
second,
metre,
per,
recovery,
name,
exist,
use,
operate,
latter,
evaluate,
analyze,
conjunction,
accordance,
comparison,
analogy,
correlation,
contrast,
parallel,
tandem,
bulb,
switch,
manufacture,
transmission,
standardize,
solve,
mode,
assembly,
connector,
chip,
modify,
term,
denote,
can,
can,
modify,
precise,
terminate,
o,
or,
CO,
expression,
repeat,
reverse,
thing,
mechanism,
way,
happen,
arise,
result,
invalid,
incorrect,
extreme,
additional,
experimental,
accident,
abnormal,
exclusion,
unusual,
adverse,
unexpected,
behavior,
peak,
calculation,
transmit,
detect,
recover,
laboratory,
sample,
dose,
beyond,
outside,
surpass,
theoretical,
mean,
never,
understand,
definition,
matter,
follow,
different,
various,
basic,
approach,
algorithm,
propose,
people,
hole,
hole,
man,
glass,
blood,
man,
picture,
candle,
time,
score,
question,
vote,
zero,
have,
message,
declaration,
among,
of,
give,
besides,
within,
despite,
vegetation,
specie,
terrain,
soil,
habitat,
bird,
population,
weapon,
player,
host,
child,
go,
proceed,
progress,
continue,
run,
move,
work,
flow,
travel,
go,
advance,
stage,
motion,
task,
determine,
increase,
decrease,
obtain,
find,
compute,
evaluate,
reduce,
define,
gain,
priority,
typically,
effectively,
yield,
produce,
guarantee,
preserve,
sum,
distribute,
allocate,
number,
attach,
space,
computer,
processor,
thread,
#,
#,
#,
#,
#,
#,
#,
remain,
construction,
affect,
by,
through,
so,
that,
to,
but,
fix,
preserve,
product,
determination,
duct,
connect,
lead,
respond,
open,
extend,
rise,
correspond,
hold,
apply,
wall,
dome,
roof,
storey,
room,
floor,
building,
office,
bay,
space,
apartment,
classroom,
side,
corner,
wall,
story,
front,
elevation,
sector,
apartment,
administration,
headquarter,
residential,
central,
tall,
functionality,
attribute,
participate,
culminate,
accompany,
abstract,
five,
six,
major,
seven,
nine,
provision,
table,
chapter,
category,
type,
volume,
§,
article,
packet,
buffer,
slot,
reject,
variable,
cell,
reveal,
restore,
assume,
retain,
session,
early,
prior,
under,
at,
instant,
period,
become,
strike,
nominal,
expect,
scope,
rest,
mean,
remainder,
bulk,
significance,
restrict,
confine,
extend,
narrow,
fundamental,
financial,
package,
equilibrium,
low,
death,
injury,
illness,
infection,
disease,
pregnancy,
participant,
outcome,
volume,
archive,
collection,
useful,
helpful,
important,
valuable,
essential,
subsequent,
in,
PT,
UTC,
TX,
US,
to,
TD,
ST,
d,
pp,
radio,
distress,
rf,
directional,
radar,
panel,
show,
indication,
impression,
missile,
spacecraft,
ship,
carrier,
reactor,
presence,
placement,
movement,
proximity,
arrival,
adjacent,
variation,
absence,
case,
midst,
conflict,
confusion,
conflict,
dispute,
disagreement,
dispute,
compromise,
conflict,
contamination,
litigation,
tension,
war,
involve,
concern,
subset,
aspect,
formulation,
discuss,
explain,
address,
outline,
principle,
direction,
file,
note,
information,
track,
image,
number,
word,
feature,
property,
web,
store,
display,
generate,
almost,
above,
almost,
law,
other,
amendment,
right,
power,
resolution,
exception,
addition,
creation,
adoption,
passage,
completion,
aid,
introduction,
consent,
instrument,
guarantee,
say,
flux,
experience,
rotate,
mechanical,
typical,
local,
observer,
attain,
hold,
daily,
angle,
degree,
#,
°,
#,
°,
#,
hour,
minute,
disclosure,
transfer,
denial,
confirmation,
employee,
customer,
police,
detail,
risk,
complexity,
harm,
upset,
damage,
hurt,
distract,
concern,
threaten,
disturb,
trouble,
fool,
influence,
supervisor,
proposal,
protocol,
recommendation,
update,
collaboration,
consultation,
compliance,
cooperation,
coordination,
partnership,
ieee,
an,
SC,
EA,
Atari,
f,
federal,
cs,
IBM,
special,
pende,
recall,
classification,
depend,
occur,
previously,
non,
currently,
potentially,
specifically,
normally,
legally,
#,
immediately,
already,
otherwise,
representation,
answer,
accept,
accept,
photograph,
mention,
depiction,
design,
name,
allegedly,
reportedly,
reply,
opposition,
respond,
2000,
parental,
personal,
medical,
investigation,
freeze,
wet,
fill,
lift,
boil,
dry,
remove,
hold,
#,
#,
#,
#,
#,
#,
#,
#,
#,
#,
#,
#,
#,
#,
reasonable,
appoint,
2014,
offer,
resistance,
backup,
if,
when,
indoor,
seat,
profile,
planet,
region,
river,
zone,
lake,
city,
place,
upper,
chart,
figure,
technician,
detector,
cpu,
worker,
pattern,
succession,
array,
loop,
alternate,
approximately,
roughly,
regular,
simultaneous,
continuous,
around,
tone,
sound,
chart,
citation,
treat,
incorporate,
meaning,
noun,
title,
phrase,
terminology,
expression,
initial,
derivative,
usage,
variant,
translation,
origin,
effect,
dictionary,
supply,
water,
air,
purchase,
acquire,
order,
urgent,
immediate,
#,
attempt,
attempt,
hope,
help,
effort,
assemble,
perspective,
justification,
reflect,
inventory,
morning,
night,
modification,
commitment,
revision,
do,
structure,
capture,
manipulate,
interpret,
technique,
combustion,
collect,
capture,
compare,
object,
transaction,
its,
their,
his,
her,
low,
differential,
bind,
bound,
half,
derivative,
boundary,
program,
architect,
editor,
developer,
designer,
take,
prototype,
hope,
claim,
amplifi,
experiment,
add,
compare,
fit,
global,
respectively,
archive,
understand,
knowledge,
evidence,
analysis,
some,
development,
element,
recording,
access,
buy,
technical,
programme,
engineering,
design,
operation,
product,
station,
production,
opportunity,
flexibility,
President,
army,
pick,
sort,
pair,
aspect,
conduct,
month,
year,
week,
day,
decade,
season,
round,
session,
state,
past,
twelve,
curriculum,
collection,
collection,
phase,
stadium,
bridge,
purpose,
sake,
enhance,
time,
freeze,