ensure,FALSE
provide,FALSE
maintain,TRUE
achieve,TRUE
establish,TRUE
meet,FALSE
give,TRUE
deliver,FALSE
guarantee,TRUE
assure,TRUE
produce,FALSE
allow,TRUE
obtain,TRUE
demonstrate,TRUE
response,TRUE
recovery,TRUE
reaction,TRUE
operate,TRUE
run,TRUE
operation,TRUE
wait,TRUE
cycle,TRUE
completion,TRUE
preparation,TRUE
run,TRUE
performance,TRUE
deployment,TRUE
access,TRUE
execution,TRUE
time,TRUE
capability,TRUE
time,TRUE
information,TRUE
capability,TRUE
service,TRUE
coverage,TRUE
service,TRUE
datum,TRUE
system,TRUE
measure,TRUE
procedure,FALSE
quality,TRUE
support,TRUE
capacity,TRUE
use,TRUE
need,TRUE
perform,FALSE
schedule,TRUE
deploy,TRUE
available,TRUE
require,TRUE
request,TRUE
occur,TRUE
operate,TRUE
encounter,TRUE
employ,FALSE
perform,FALSE
applicable,TRUE
operation,FALSE
task,TRUE
action,TRUE
activity,FALSE
function,TRUE
test,FALSE
situation,FALSE
incident,TRUE
application,TRUE
flight,TRUE
event,TRUE
program,TRUE
operational,TRUE
emergency,TRUE
experimental,TRUE
competitive,TRUE
regulatory,TRUE
reasonable,TRUE
practical,TRUE
critical,TRUE
appropriate,TRUE
specific,TRUE
special,TRUE
optimal,TRUE
technical,TRUE
limit,TRUE
level,TRUE
condition,TRUE
term,TRUE
requirement,TRUE
unit,TRUE
support,TRUE
rule,TRUE
control,TRUE
standard,TRUE
principle,TRUE
protection,TRUE
design,TRUE
recommendation,TRUE
guideline,TRUE
security,TRUE
criterion,TRUE
safety,TRUE
strategy,TRUE
control,TRUE
input,TRUE
automatic,TRUE
control,TRUE
autonomous,TRUE
control,TRUE
output,TRUE
active,TRUE
electronic,TRUE
functional,TRUE
hardware,TRUE
device,FALSE
integrate,TRUE
digital,FALSE
system,TRUE
controller,TRUE
device,FALSE
signal,TRUE
power,FALSE
software,FALSE
process,TRUE
control,TRUE
interface,FALSE
interface,TRUE
controller,TRUE
activation,TRUE
integration,TRUE
automation,TRUE
functionality,TRUE
interaction,TRUE
design,TRUE
safety,TRUE
management,TRUE
these,TRUE
the,TRUE
all,TRUE
user,TRUE
computer,TRUE
such,FALSE
some,TRUE
software,FALSE
autonomous,TRUE
independence,TRUE
autonomy,TRUE
feedback,TRUE
switch,FALSE
module,TRUE
isolation,TRUE
environment,FALSE
design,TRUE
able,TRUE
include,TRUE
enable,TRUE
provide,TRUE
modify,TRUE
adapt,TRUE
specify,TRUE
sufficient,TRUE
update,TRUE
set,TRUE
define,TRUE
select,TRUE
facilitate,TRUE
prevent,TRUE
enable,TRUE
avoid,FALSE
permit,TRUE
reduce,TRUE
ease,TRUE
minimize,TRUE
handle,FALSE
detect,TRUE
encourage,FALSE
promote,TRUE
use,TRUE
manipulation,TRUE
application,TRUE
movement,TRUE
selection,TRUE
installation,FALSE
removal,TRUE
attachment,TRUE
adjustment,TRUE
share,TRUE
input,TRUE
command,TRUE
signal,TRUE
memory,FALSE
component,TRUE
number,TRUE
combination,TRUE
variety,TRUE
pair,TRUE
group,FALSE
series,TRUE
collection,FALSE
network,TRUE
subset,TRUE
range,FALSE
cluster,TRUE
sequence,FALSE
external,TRUE
different,FALSE
internal,TRUE
independent,FALSE
peripheral,FALSE
individual,FALSE
method,TRUE
technology,FALSE
mechanism,TRUE
option,TRUE
process,TRUE
tool,TRUE
search,TRUE
case,TRUE
investigation,TRUE
complaint,TRUE
crime,TRUE
report,TRUE
murder,TRUE
suspect,TRUE
raid,TRUE
warrant,TRUE
fire,TRUE
charge,TRUE
prosecution,TRUE
question,TRUE
robbery,TRUE
file,TRUE
make,TRUE
receive,TRUE
hear,TRUE
lodge,TRUE
submit,TRUE
issue,TRUE
dismiss,TRUE
present,TRUE
accept,TRUE
deny,TRUE
report,TRUE
find,TRUE
verify,TRUE
reject,FALSE
someone,TRUE
one,FALSE
police,TRUE
Congress,TRUE
anyone,TRUE
everyone,TRUE
another,TRUE
somebody,TRUE
justice,TRUE
conduct,TRUE
begin,TRUE
continue,TRUE
start,TRUE
resume,TRUE
initiate,TRUE
stop,TRUE
oversee,FALSE
review,TRUE
restart,TRUE
terminate,TRUE
commence,TRUE
complete,TRUE
halt,TRUE
direct,TRUE
legal,TRUE
complaint,TRUE
appeal,TRUE
appeal,TRUE
disciplinary,TRUE
investigative,TRUE
court,TRUE
judicial,TRUE
inquiry,TRUE
file,TRUE
',TRUE
external,TRUE
miss,TRUE
direct,TRUE
web,TRUE
find,TRUE
new,TRUE
support,TRUE
common,TRUE
other,FALSE
link,TRUE
link,TRUE
link,TRUE
read,TRUE
towards,FALSE
open,TRUE
window,TRUE
browser,TRUE
link,TRUE
page,TRUE
website,TRUE
app,TRUE
window,TRUE
image,TRUE
one,TRUE
door,TRUE
feature,TRUE
site,TRUE
file,TRUE
screen,TRUE
suggestion,TRUE
way,FALSE
note,FALSE
mean,TRUE
document,FALSE
sign,TRUE
item,TRUE
proposal,TRUE
those,TRUE
rule,TRUE
open,TRUE
unlock,TRUE
open,TRUE
open,TRUE
introduce,TRUE
launch,FALSE
indicate,TRUE
include,FALSE
shop,TRUE
glass,TRUE
front,TRUE
new,TRUE
office,TRUE
store,TRUE
display,TRUE
side,TRUE
picture,TRUE
house,TRUE
studio,TRUE
gallery,TRUE
#,TRUE
extension,TRUE
version,TRUE
pop,TRUE
dial,TRUE
back,FALSE
bottom,FALSE
sign,TRUE
look,TRUE
pop,TRUE
follow,TRUE
plug,TRUE
top,TRUE
mark,FALSE
log,TRUE
flip,TRUE
wrap,FALSE
message,TRUE
display,FALSE
content,FALSE
display,FALSE
show,FALSE
identify,FALSE
read,FALSE
examine,FALSE
check,FALSE
illustrate,FALSE
discuss,FALSE
item,FALSE
object,FALSE
value,FALSE
element,FALSE
color,FALSE
object,TRUE
attribute,TRUE
value,TRUE
character,TRUE
piece,TRUE
color,TRUE
game,TRUE
image,TRUE
column,TRUE
screen,TRUE
table,TRUE
form,TRUE
matrix,FALSE
text,TRUE
menu,TRUE
background,TRUE
diagram,TRUE
row,FALSE
draw,TRUE
change,TRUE
update,TRUE
increase,TRUE
expand,TRUE
add,FALSE
modify,FALSE
adjust,FALSE
improve,FALSE
alter,TRUE
replace,TRUE
extend,TRUE
remove,TRUE
edit,TRUE
shrink,TRUE
move,TRUE
turn,TRUE
save,TRUE
drop,TRUE
shift,TRUE
rotate,TRUE
appear,TRUE
make,TRUE
get,TRUE
take,TRUE
compare,FALSE
show,TRUE
affect,TRUE
column,TRUE
table,TRUE
result,FALSE
result,TRUE
index,TRUE
list,TRUE
function,TRUE
position,TRUE
identify,TRUE
track,TRUE
find,TRUE
monitor,TRUE
assess,TRUE
investigate,FALSE
register,FALSE
recognize,TRUE
locate,TRUE
fix,TRUE
correct,TRUE
punish,TRUE
repair,TRUE
treat,TRUE
resource,TRUE
datum,TRUE
energy,TRUE
weapon,TRUE
anything,TRUE
everything,TRUE
require,TRUE
qualify,TRUE
declare,TRUE
force,TRUE
consider,TRUE
define,TRUE
order,TRUE
require,TRUE
ask,TRUE
convince,TRUE
person,FALSE
player,TRUE
member,TRUE
student,TRUE
child,TRUE
candidate,TRUE
citizen,TRUE
voter,TRUE
party,TRUE
participant,FALSE
contestant,FALSE
human,FALSE
member,FALSE
part,TRUE
resident,TRUE
target,TRUE
representative,TRUE
customer,TRUE
knowledge,TRUE
parent,FALSE
fan,TRUE
viewer,FALSE
section,FALSE
document,FALSE
specification,TRUE
standard,TRUE
also,TRUE
article,FALSE
Manual,TRUE
page,TRUE
suite,TRUE
framework,TRUE
manual,TRUE
program,TRUE
provide,TRUE
include,TRUE
contain,TRUE
give,TRUE
contain,TRUE
give,TRUE
offer,FALSE
outline,TRUE
present,FALSE
description,FALSE
outline,TRUE
detail,TRUE
explanation,TRUE
analysis,FALSE
definition,TRUE
overview,FALSE
description,TRUE
summary,TRUE
documentation,TRUE
understand,TRUE
specification,TRUE
change,TRUE
modification,TRUE
improvement,TRUE
implementation,FALSE
standard,TRUE
technology,TRUE
propose,TRUE
introduce,FALSE
necessary,TRUE
present,TRUE
outline,TRUE
consider,TRUE
develop,TRUE
stage,TRUE
phase,TRUE
generation,TRUE
version,TRUE
step,TRUE
edition,TRUE
stage,TRUE
level,TRUE
year,TRUE
phase,TRUE
indicate,TRUE
denote,TRUE
prove,TRUE
verify,FALSE
prove,FALSE
confirm,TRUE
establish,TRUE
imply,TRUE
recognize,FALSE
declare,FALSE
assert,FALSE
check,FALSE
indicate,FALSE
name,FALSE
content,FALSE
title,FALSE
status,TRUE
type,TRUE
name,TRUE
location,TRUE
size,FALSE
address,TRUE
history,TRUE
date,TRUE
subject,TRUE
file,TRUE
work,TRUE
book,TRUE
record,TRUE
publication,FALSE
word,FALSE
database,TRUE
property,FALSE
term,TRUE
identity,TRUE
context,TRUE
citation,TRUE
structure,FALSE
significance,TRUE
fact,TRUE
mean,FALSE
regulation,TRUE
regulation,TRUE
agreement,FALSE
article,TRUE
patent,TRUE
instruction,FALSE
contract,TRUE
protocol,FALSE
cover,TRUE
constitute,TRUE
describe,FALSE
comprise,TRUE
contain,TRUE
ability,TRUE
need,TRUE
right,FALSE
authority,TRUE
way,FALSE
requirement,FALSE
freedom,FALSE
possibility,FALSE
grant,FALSE
offer,FALSE
deny,FALSE
secure,FALSE
afford,FALSE
bring,FALSE
public,FALSE
user,FALSE
computer,FALSE
government,FALSE
proper,FALSE
maximum,FALSE
internet,TRUE
administrator,FALSE
operator,FALSE
employee,FALSE
accord,FALSE
relationship,FALSE
right,TRUE
relate,TRUE
access,TRUE
relation,TRUE
response,TRUE
due,TRUE
relation,TRUE
relate,TRUE
respond,FALSE
database,TRUE
computer,TRUE
record,TRUE
email,FALSE
correspondence,FALSE
report,TRUE
transaction,FALSE
account,TRUE
address,TRUE
certificate,TRUE
contact,TRUE
map,TRUE
communication,TRUE
text,TRUE
facility,TRUE
material,TRUE
product,TRUE
implement,TRUE
locate,TRUE
exist,TRUE
store,TRUE
inherent,TRUE
embed,TRUE
website,TRUE
library,TRUE
library,TRUE
language,TRUE
linguistic,TRUE
cultural,TRUE
platform,TRUE
channel,TRUE
reference,TRUE
border,TRUE
code,TRUE
reference,TRUE
genre,TRUE
bar,TRUE
plan,FALSE
॥,TRUE
draw,FALSE
middle,TRUE
head,FALSE
division,TRUE
category,FALSE
minimum,TRUE
point,TRUE
glance,TRUE
least,TRUE
rate,TRUE
moment,TRUE
cost,TRUE
distance,TRUE
period,TRUE
issue,FALSE
submit,TRUE
prepare,TRUE
publish,FALSE
generate,TRUE
create,FALSE
write,FALSE
develop,TRUE
guidance,TRUE
protection,TRUE
justification,TRUE
evidence,TRUE
advice,FALSE
training,TRUE
judge,TRUE
authority,TRUE
court,TRUE
investigation,FALSE
parliament,FALSE
report,FALSE
decision,FALSE
justice,FALSE
consultation,FALSE
issue,TRUE
matter,FALSE
objective,FALSE
topic,FALSE
target,FALSE
area,FALSE
mission,FALSE
occasion,FALSE
day,TRUE
purpose,FALSE
problem,FALSE
involve,TRUE
include,TRUE
concern,TRUE
like,FALSE
regard,TRUE
involve,FALSE
pende,TRUE
security,FALSE
architecture,TRUE
client,FALSE
source,FALSE
server,TRUE
desktop,TRUE
host,FALSE
transmitter,FALSE
terminal,TRUE
outside,FALSE
elsewhere,FALSE
online,TRUE
feature,TRUE
add,TRUE
incorporate,TRUE
offer,TRUE
protective,TRUE
key,TRUE
mechanical,TRUE
lock,TRUE
hand,TRUE
clean,TRUE
physical,TRUE
assistance,TRUE
experience,TRUE
privilege,TRUE
fee,TRUE
hour,TRUE
remove,FALSE
eliminate,TRUE
identify,TRUE
handle,TRUE
create,TRUE
avoid,TRUE
find,TRUE
prevent,TRUE
view,TRUE
destroy,FALSE
replace,FALSE
instal,FALSE
select,TRUE
use,TRUE
with,TRUE
through,TRUE
in,TRUE
besides,TRUE
within,FALSE
under,TRUE
for,FALSE
give,FALSE
beyond,FALSE
from,FALSE
Via,TRUE
without,TRUE
throughout,FALSE
during,TRUE
web,FALSE
follow,TRUE
gps,TRUE
basic,TRUE
late,TRUE
mobile,TRUE
internet,FALSE
engine,FALSE
algorithm,FALSE
method,TRUE
protocol,TRUE
technique,FALSE
procedure,TRUE
tool,TRUE
#,FALSE
forensic,TRUE
enforcement,TRUE
FBI,TRUE
it,TRUE
agency,TRUE
rescue,TRUE
officer,TRUE
department,TRUE
investigator,TRUE
detective,TRUE
agent,TRUE
force,TRUE
agency,TRUE
personnel,TRUE
team,TRUE
station,TRUE
official,TRUE
officer,TRUE
check,FALSE
hunt,TRUE
search,TRUE
account,FALSE
search,TRUE
search,TRUE
search,FALSE
scan,TRUE
watch,TRUE
call,FALSE
area,TRUE
cause,TRUE
place,TRUE
event,TRUE
vehicle,TRUE
scene,TRUE
act,TRUE
commission,TRUE
site,TRUE
scene,TRUE
suspect,TRUE
center,TRUE
act,TRUE
activity,TRUE
car,TRUE
arrest,TRUE
criminal,FALSE
situation,FALSE
transaction,TRUE
residence,FALSE
victim,FALSE
etc,FALSE
locality,FALSE
location,FALSE
circumstance,FALSE
model,TRUE
module,FALSE
solution,FALSE
project,TRUE
aim,TRUE
compensate,FALSE
advocate,TRUE
cater,TRUE
exist,TRUE
command,TRUE
task,FALSE
base,TRUE
play,TRUE
play,FALSE
orient,TRUE
build,TRUE
switch,TRUE
take,TRUE
friendly,TRUE
variant,FALSE
adjustment,FALSE
testing,FALSE
learn,FALSE
model,TRUE
evaluation,TRUE
development,TRUE
aircraft,TRUE
troop,TRUE
people,TRUE
equipment,FALSE
vehicle,TRUE
unit,TRUE
information,TRUE
agreement,TRUE
text,TRUE
standard,TRUE
guide,TRUE
research,TRUE
handbook,TRUE
develop,TRUE
use,TRUE
interact,FALSE
interaction,FALSE
recognize,FALSE
improve,FALSE
design,TRUE
communicating,FALSE
combine,TRUE
apply,TRUE
implement,TRUE
define,TRUE
compare,TRUE
describe,TRUE
utilize,TRUE
incorporate,TRUE
evaluate,FALSE
analyze,TRUE
employ,TRUE
type,TRUE
kind,TRUE
form,TRUE
style,TRUE
class,TRUE
set,FALSE
combination,TRUE
category,FALSE
kind,TRUE
variety,FALSE
model,TRUE
sort,TRUE
measurement,TRUE
write,TRUE
production,TRUE
print,TRUE
communication,FALSE
manufacture,TRUE
classification,FALSE
construction,FALSE
surgical,TRUE
technique,TRUE
pattern,TRUE
skill,FALSE
strategy,FALSE
follow,TRUE
publish,TRUE
reflect,TRUE
describe,TRUE
incorporate,TRUE
detail,TRUE
give,TRUE
radar,TRUE
facility,TRUE
infrastructure,TRUE
maintain,FALSE
manage,TRUE
protect,TRUE
preserve,FALSE
monitor,FALSE
organize,TRUE
ensure,TRUE
respect,TRUE
hope,TRUE
hope,TRUE
trust,TRUE
ensure,TRUE
confidence,TRUE
efficiency,TRUE
effectiveness,TRUE
advantage,TRUE
potential,FALSE
life,FALSE
#,TRUE
lose,FALSE
transmit,TRUE
collect,TRUE
unavailable,TRUE
destroy,FALSE
compromise,TRUE
important,FALSE
case,FALSE
consequence,TRUE
course,TRUE
danger,TRUE
spite,TRUE
instance,FALSE
light,FALSE
absence,TRUE
prevention,FALSE
loss,TRUE
failure,FALSE
lack,TRUE
breakdown,FALSE
shortage,TRUE
destruction,TRUE
breach,FALSE
disruption,TRUE
failure,TRUE
theft,TRUE
damage,TRUE
collapse,TRUE
telecommunication,FALSE
transport,TRUE
transmission,FALSE
supply,TRUE
wireless,TRUE
electrical,TRUE
day,TRUE
date,FALSE
venue,TRUE
date,TRUE
format,TRUE
field,TRUE
schedule,TRUE
country,TRUE
duration,TRUE
occasion,TRUE
night,TRUE
gender,TRUE
election,TRUE
award,TRUE
death,FALSE
birth,FALSE
competition,TRUE
trial,FALSE
election,FALSE
match,FALSE
app,TRUE
editor,TRUE
reader,TRUE
reveal,TRUE
word,TRUE
number,TRUE
wish,TRUE
want,TRUE
need,TRUE
ought,TRUE
deserve,TRUE
accessible,TRUE
send,FALSE
return,FALSE
address,TRUE
know,TRUE
visible,TRUE
communicate,FALSE
assign,TRUE
supply,FALSE
receiver,TRUE
driver,TRUE
player,TRUE
customer,TRUE
anyone,TRUE
student,TRUE
everybody,FALSE
tell,TRUE
inform,FALSE
tell,FALSE
remind,TRUE
show,FALSE
inform,FALSE
show,TRUE
tell,TRUE
remind,TRUE
alert,TRUE
warn,TRUE
warn,FALSE
viewer,TRUE
exactly,TRUE
reader,TRUE
driver,TRUE
other,TRUE
operator,TRUE
example,TRUE
navigation,TRUE
traffic,TRUE
particular,TRUE
current,TRUE
map,TRUE
relevant,TRUE
conversation,TRUE
previous,TRUE
segment,TRUE
element,TRUE
line,TRUE
frame,TRUE
box,FALSE
panel,TRUE
paragraph,FALSE
video,FALSE
leave,TRUE
provide,FALSE
help,TRUE
visitor,FALSE
caller,FALSE
speaker,FALSE
presenter,FALSE
listener,FALSE
guest,FALSE
indication,TRUE
view,TRUE
idea,FALSE
sense,FALSE
representation,TRUE
reminder,TRUE
presentation,TRUE
overall,FALSE
entire,FALSE
original,TRUE
narrative,TRUE
topic,TRUE
conceptual,FALSE
direction,TRUE
mode,TRUE
chart,TRUE
room,TRUE
loop,TRUE
viewpoint,TRUE
usage,TRUE
#,TRUE
#,TRUE
#,TRUE
regard,TRUE
regard,TRUE
relevance,TRUE
implication,TRUE
consideration,TRUE
addition,TRUE
reference,TRUE
connection,TRUE
perspective,TRUE
state,TRUE
central,FALSE
next,TRUE
base,TRUE
local,TRUE
layer,FALSE
select,TRUE
manage,TRUE
build,TRUE
specify,TRUE
load,TRUE
connect,TRUE
bind,TRUE
attach,TRUE
migrate,TRUE
switch,TRUE
adapt,FALSE
apply,TRUE
transfer,TRUE
refer,TRUE
commit,TRUE
default,TRUE
core,FALSE
underlie,FALSE
main,FALSE
component,TRUE
API,TRUE
depend,TRUE
dependent,TRUE
depend,TRUE
rely,FALSE
depend,TRUE
contingent,TRUE
depend,TRUE
depend,TRUE
act,TRUE
focus,TRUE
conditional,TRUE
focus,TRUE
build,TRUE
configuration,TRUE
variable,TRUE
parameter,TRUE
space,TRUE
parameter,TRUE
combine,FALSE
merge,FALSE
replace,FALSE
confuse,TRUE
share,TRUE
mixed,TRUE
contrast,TRUE
associate,TRUE
couple,TRUE
pair,TRUE
bundle,TRUE
additional,TRUE
support,TRUE
online,TRUE
open,TRUE
simple,TRUE
free,TRUE
multiple,FALSE
alternative,FALSE
limit,TRUE
two,TRUE
print,TRUE
Non,TRUE
print,TRUE
alternative,FALSE
paper,TRUE
pdf,FALSE
medium,TRUE
print,TRUE
product,TRUE
storage,FALSE
support,FALSE
read,TRUE
read,TRUE
copy,TRUE
copy,FALSE
manuscript,TRUE
message,FALSE
spread,FALSE
write,FALSE
fold,TRUE
stretch,TRUE
spread,TRUE
distribute,TRUE
structure,TRUE
extend,TRUE
compress,TRUE
run,FALSE
scatter,FALSE
usually,TRUE
layer,TRUE
line,TRUE
dimension,TRUE
section,FALSE
sheet,TRUE
part,TRUE
row,TRUE
frame,TRUE
region,TRUE
manner,TRUE
style,FALSE
region,TRUE
medium,TRUE
font,TRUE
publish,TRUE
edit,TRUE
distribution,TRUE
delivery,FALSE
circulation,TRUE
scan,TRUE
publisher,TRUE
consumer,TRUE
printer,TRUE
copyright,TRUE
vendor,FALSE
reproduction,TRUE
render,TRUE
version,TRUE
replica,TRUE
create,TRUE
produce,FALSE
release,TRUE
instal,FALSE
print,TRUE
store,FALSE
deliver,FALSE
describe,TRUE
save,TRUE
show,TRUE
material,FALSE
layout,FALSE
fashion,TRUE
pattern,FALSE
shape,FALSE
author,FALSE
publisher,FALSE
they,TRUE
you,TRUE
user,FALSE
one,TRUE
People,FALSE
he,TRUE
we,TRUE
student,TRUE
player,TRUE
it,TRUE
utilize,FALSE
see,TRUE
employ,FALSE
exploit,FALSE
use,FALSE
use,TRUE
interpret,TRUE
accept,TRUE
portal,FALSE
gateway,FALSE
resource,TRUE
gain,TRUE
extract,FALSE
collect,TRUE
receive,FALSE
retrieve,TRUE
hide,TRUE
gather,TRUE
seek,TRUE
acquire,FALSE
steal,FALSE
request,FALSE
recognition,TRUE
attention,TRUE
praise,TRUE
thank,TRUE
letter,FALSE
approval,FALSE
request,TRUE
comment,TRUE
permission,TRUE
money,TRUE
aid,FALSE
funding,TRUE
community,TRUE
distinguish,TRUE
distinguish,TRUE
different,FALSE
separate,TRUE
separate,FALSE
differentiate,TRUE
distance,TRUE
separate,TRUE
distinguish,TRUE
distinct,TRUE
navigation,TRUE
visual,FALSE
flight,TRUE
connection,TRUE
cable,FALSE
route,FALSE
channel,TRUE
aid,TRUE
action,TRUE
sensor,TRUE
this,FALSE
certain,TRUE
node,FALSE
post,TRUE
simply,FALSE
directly,FALSE
merely,TRUE
without,TRUE
instrument,FALSE
police,TRUE
surveillance,FALSE
system,FALSE
centre,FALSE
office,TRUE
board,FALSE
authority,FALSE
service,TRUE
Act,FALSE
center,TRUE
Bureau,TRUE
department,FALSE
officer,TRUE
committee,TRUE
scheme,TRUE
unit,FALSE
serve,TRUE
work,TRUE
operate,FALSE
serve,TRUE
serve,TRUE
act,TRUE
help,TRUE
aim,TRUE
double,TRUE
stand,FALSE
exchange,FALSE
interchange,FALSE
alliance,TRUE
bridge,TRUE
ally,TRUE
interpreter,TRUE
intermediate,FALSE
agent,TRUE
agreement,FALSE
association,TRUE
Police,TRUE
government,TRUE
law,FALSE
community,TRUE
complain,FALSE
complain,FALSE
complain,TRUE
judge,TRUE
protester,TRUE
claim,TRUE
visitor,TRUE
prosecutor,TRUE
enable,TRUE
promote,FALSE
allow,TRUE
encourage,TRUE
represent,FALSE
coordinate,TRUE
manage,FALSE
reflect,FALSE
monitor,FALSE
collaboration,FALSE
cooperation,FALSE
coordination,FALSE
dialogue,FALSE
discussion,FALSE
awareness,TRUE
flow,TRUE
approach,TRUE
practice,FALSE
social,TRUE
personal,FALSE
news,TRUE
intelligence,FALSE
opinion,TRUE
exchange,FALSE
gather,TRUE
processing,TRUE
exchange,TRUE
citizen,TRUE
victim,TRUE
witness,TRUE
offender,FALSE
policeman,FALSE
resident,FALSE
employee,TRUE
individual,TRUE
civilian,TRUE
city,TRUE
make,TRUE
make,FALSE
a,TRUE
any,TRUE
keep,FALSE
be,TRUE
keep,TRUE
more,FALSE
make,TRUE
have,TRUE
make,TRUE
consider,TRUE
owner,TRUE
access,TRUE
interpret,TRUE
edit,FALSE
understand,TRUE
process,TRUE
view,TRUE
save,FALSE
translate,FALSE
manipulate,TRUE
render,FALSE
recipient,FALSE
via,TRUE
allow,TRUE
program,TRUE
translation,TRUE
organization,TRUE
alone,TRUE
manually,TRUE
mechanism,TRUE
point,FALSE
equation,FALSE
graph,TRUE
figure,TRUE
statistic,TRUE
change,TRUE
remove,TRUE
adjust,TRUE
reduce,FALSE
choose,TRUE
eliminate,FALSE
improve,TRUE
increase,FALSE
favor,TRUE
favour,FALSE
interest,TRUE
anticipation,TRUE
well,TRUE
increase,TRUE
general,TRUE
total,FALSE
price,FALSE
possible,FALSE
national,FALSE
help,FALSE
enable,FALSE
encourage,FALSE
ask,TRUE
developer,FALSE
administrator,FALSE
we,TRUE
install,FALSE
download,FALSE
manipulate,TRUE
analyze,TRUE
construct,FALSE
implement,FALSE
profile,FALSE
profile,FALSE
profile,FALSE
setting,TRUE
biography,FALSE
non,TRUE
pre,FALSE
self,FALSE
domain,TRUE
manufacturer,TRUE
otherwise,FALSE
sub,FALSE
already,TRUE
post,TRUE
generate,TRUE
drive,TRUE
initiate,FALSE
center,FALSE
upload,TRUE
support,FALSE
disable,FALSE
desire,TRUE
share,FALSE
window,FALSE
facebook,FALSE
dictionary,FALSE
remain,FALSE
become,FALSE
language,TRUE
various,TRUE
board,TRUE
label,TRUE
colour,TRUE
chip,TRUE
demand,TRUE
air,TRUE
shape,TRUE
size,TRUE
design,TRUE
format,TRUE
title,FALSE
colour,TRUE
tone,FALSE
weight,FALSE
logo,FALSE
shade,FALSE
letter,FALSE
body,TRUE
character,FALSE
stroke,FALSE
accessory,FALSE
variant,FALSE
#,TRUE
story,TRUE
book,FALSE
#,FALSE
#,FALSE
sentence,FALSE
#,FALSE
chart,TRUE
graphic,TRUE
picture,TRUE
photo,TRUE
illustration,TRUE
review,TRUE
home,FALSE
business,TRUE
archive,TRUE
family,FALSE
research,TRUE
journal,TRUE
guide,TRUE
board,TRUE
list,TRUE
note,TRUE
even,FALSE
paper,FALSE
prefer,FALSE
refuse,FALSE
fail,FALSE
desire,FALSE
wait,TRUE
tend,TRUE
scan,FALSE
fill,TRUE
complete,FALSE
sort,TRUE
company,TRUE
initiative,TRUE
perform,TRUE
route,FALSE
transportation,FALSE
transfer,FALSE
passage,FALSE
packet,FALSE
audio,TRUE
network,FALSE
phone,TRUE
grid,FALSE
telephone,FALSE
satellite,FALSE
ground,FALSE
ip,TRUE
d,FALSE
bit,FALSE
dimensional,FALSE
digit,TRUE
h,TRUE
t,TRUE
dot,TRUE
inch,FALSE
directory,TRUE
password,TRUE
ID,FALSE
header,FALSE
folder,FALSE
bank,FALSE
port,FALSE
destination,FALSE
geographic,FALSE
geographical,TRUE
#,TRUE
rank,FALSE
designation,FALSE
email,TRUE
class,FALSE
machine,FALSE
basic,TRUE
no,FALSE
semantic,FALSE
link,FALSE
label,FALSE
#,TRUE
tag,FALSE
definition,FALSE
identification,FALSE
notation,TRUE
mark,FALSE
theory,TRUE
nature,TRUE
role,TRUE
origin,TRUE
end,TRUE
goal,TRUE
focus,TRUE
node,TRUE
thread,TRUE
path,TRUE
indicate,TRUE
mark,FALSE
determine,FALSE
represent,TRUE
imply,FALSE
state,TRUE
influence,TRUE
recognize,TRUE
unlike,TRUE
expression,TRUE
phrase,TRUE
convention,TRUE
terminology,FALSE
meaning,TRUE
_,FALSE
mention,TRUE
see,TRUE
list,FALSE
intent,TRUE
tag,TRUE
placement,TRUE
presence,FALSE
appearance,FALSE
signature,TRUE
author,TRUE
participant,TRUE
party,FALSE
editor,TRUE
organisation,TRUE
contributor,TRUE
organization,TRUE
establish,TRUE
differ,TRUE
similar,FALSE
vary,FALSE
enough,FALSE
basis,FALSE
rule,FALSE
set,FALSE
#,FALSE
adopt,FALSE
#,FALSE
legislation,FALSE
regulation,FALSE
decide,FALSE
policy,FALSE
restriction,FALSE
policy,TRUE
airport,TRUE
broadband,FALSE
educational,TRUE
[,TRUE
school,FALSE
curriculum,FALSE
programme,TRUE
equip,TRUE
govern,TRUE
treat,FALSE
test,TRUE
enforce,TRUE
assess,TRUE
certify,TRUE
review,TRUE
evaluate,FALSE
three,FALSE
four,TRUE
two,FALSE
follow,FALSE
five,FALSE
follow,TRUE
usual,FALSE
principle,FALSE
goal,TRUE
characteristic,TRUE
theme,FALSE
concept,FALSE
base,FALSE
building,TRUE
drawing,FALSE
act,TRUE
working,FALSE
build,FALSE
found,TRUE
accord,TRUE
operate,TRUE
engineering,TRUE
programming,TRUE
computational,TRUE
mathematical,TRUE
principle,TRUE
vision,TRUE
concept,FALSE
statement,TRUE
hypothesis,FALSE
theorem,FALSE
cite,FALSE
explain,TRUE
express,FALSE
note,FALSE
compute,FALSE
block,FALSE
group,TRUE
domain,TRUE
key,TRUE
family,FALSE
construct,FALSE
composition,TRUE
block,FALSE
pertain,TRUE
update,TRUE
amendment,FALSE
contribution,FALSE
proceeding,FALSE
within,TRUE
audit,FALSE
defendant,FALSE
plaintiff,FALSE
cease,FALSE
expect,FALSE
undertake,FALSE
know,FALSE
remember,FALSE
agree,TRUE
cover,TRUE
record,TRUE
document,TRUE
do,TRUE
place,FALSE
disclose,FALSE
keep,TRUE
litigation,FALSE
#,TRUE
chamber,FALSE
#,TRUE
chamber,FALSE
#,FALSE
preserve,FALSE
enhance,FALSE
determine,FALSE
compliance,TRUE
continuity,TRUE
transparency,TRUE
privacy,TRUE
stability,FALSE
clarity,TRUE
accuracy,TRUE
consistency,FALSE
integrity,TRUE
assist,FALSE
participate,FALSE
advance,TRUE
engage,TRUE
aide,TRUE
speed,FALSE
financial,TRUE
disaster,TRUE
asset,TRUE
economic,TRUE
bankruptcy,TRUE
debt,TRUE
responsible,TRUE
revise,TRUE
mandatory,TRUE
essential,FALSE
valid,TRUE
iso,TRUE
international,TRUE
full,TRUE
future,FALSE
#,FALSE
#,TRUE
#,TRUE
#,FALSE
#,TRUE
#,FALSE
entry,FALSE
resolution,FALSE
jump,FALSE
change,TRUE
transform,TRUE
proceed,TRUE
go,TRUE
convert,TRUE
test,TRUE
survey,FALSE
poll,FALSE
calculation,FALSE
study,TRUE
final,TRUE
obtain,TRUE
take,FALSE
download,TRUE
retrieve,TRUE
extract,TRUE
draw,TRUE
import,TRUE
source,TRUE
pull,FALSE
server,TRUE
excess,FALSE
pack,TRUE
cluster,TRUE
step,TRUE
space,TRUE
#,TRUE
space,FALSE
void,TRUE
#,FALSE
disk,FALSE
square,FALSE
graph,FALSE
plane,FALSE
sphere,FALSE
surface,FALSE
circle,FALSE
member,FALSE
award,TRUE
satisfy,TRUE
vary,TRUE
obey,FALSE
differ,TRUE
hold,TRUE
register,TRUE
general,TRUE
fundamental,TRUE
primary,TRUE
elementary,FALSE
key,FALSE
essential,TRUE
good,FALSE
aspect,FALSE
property,TRUE
theory,TRUE
perception,FALSE
consciousness,FALSE
think,TRUE
reason,TRUE
think,TRUE
judgment,TRUE
observation,FALSE
psychology,FALSE
review,FALSE
discuss,FALSE
consider,TRUE
examine,FALSE
study,TRUE
notebook,FALSE
environment,FALSE
scenario,TRUE
solution,TRUE
#,TRUE
take,TRUE
bring,TRUE
take,TRUE
call,TRUE
hold,FALSE
bear,FALSE
put,FALSE
carry,FALSE
take,FALSE
detail,TRUE
drag,TRUE
lift,TRUE
error,FALSE
impact,TRUE
resistance,FALSE
pressure,FALSE
fatigue,TRUE
wear,TRUE
distortion,FALSE
error,FALSE
load,TRUE
motion,TRUE
avoid,FALSE
allow,FALSE
volume,FALSE
plan,FALSE
want,FALSE
get,FALSE
calculate,FALSE
execute,FALSE
conduct,FALSE
analyze,FALSE
anywhere,FALSE
static,FALSE
later,FALSE
sample,TRUE
incoming,TRUE
meaningful,TRUE
warning,TRUE
vector,TRUE
effect,TRUE
rate,TRUE
cause,FALSE
factor,FALSE
detect,FALSE
emit,FALSE
intercept,TRUE
deliver,TRUE
rely,FALSE
comment,TRUE
look,FALSE
frown,TRUE
agree,FALSE
decide,TRUE
remark,TRUE
judge,TRUE
fire,TRUE
listener,TRUE
person,TRUE
observer,FALSE
send,FALSE
hear,FALSE
intercept,TRUE
understand,TRUE
ignore,TRUE
encounter,FALSE
notice,FALSE
expect,TRUE
ready,TRUE
intend,FALSE
guarantee,TRUE
capable,TRUE
mean,TRUE
usable,TRUE
axi,FALSE
tier,TRUE
#,TRUE
modular,TRUE
hybrid,FALSE
enterprise,FALSE
photograph,TRUE
number,FALSE
arrange,FALSE
explain,TRUE
discuss,FALSE
evaluate,TRUE
piece,TRUE
frame,FALSE
sentence,FALSE
decide,FALSE
learn,FALSE
note,FALSE
relationship,TRUE
thing,TRUE
relate,TRUE
correspond,TRUE
react,TRUE
respond,TRUE
conform,TRUE
relate,FALSE
interact,FALSE
communicate,TRUE
capacity,TRUE
platform,FALSE
building,FALSE
designate,TRUE
classify,TRUE
code,FALSE
rate,TRUE
standardize,TRUE
edition,TRUE
volume,TRUE
note,TRUE
†,FALSE
source,FALSE
§,TRUE
source,FALSE
‡,TRUE
order,TRUE
advise,TRUE
teach,FALSE
guide,TRUE
license,FALSE
developer,FALSE
choose,FALSE
discover,FALSE
pick,TRUE
country,TRUE
machine,FALSE
entity,TRUE
resolve,TRUE
influence,FALSE
maintenance,FALSE
exceed,FALSE
reach,FALSE
occur,TRUE
#,TRUE
last,FALSE
#,FALSE
#,FALSE
#,FALSE
#,FALSE
#,TRUE
#,FALSE
#,FALSE
#,FALSE
#,FALSE
#,FALSE
#,TRUE
#,TRUE
#,TRUE
#,TRUE
month,TRUE
week,FALSE
min,FALSE
hour,FALSE
minute,TRUE
minute,FALSE
every,TRUE
per,TRUE
month,TRUE
quarter,TRUE
clock,TRUE
contract,FALSE
calendar,FALSE
interval,FALSE
average,FALSE
socket,TRUE
serial,TRUE
optimization,TRUE
client,TRUE
host,TRUE
engine,FALSE
host,FALSE
network,TRUE
connectivity,FALSE
compatibility,FALSE
flexibility,FALSE
reliability,TRUE
extension,TRUE
opening,FALSE
get,FALSE
find,FALSE
add,FALSE
many,FALSE
their,FALSE
game,FALSE
room,FALSE
distract,FALSE
shock,TRUE
upset,FALSE
hurt,FALSE
scare,FALSE
disturb,TRUE
anger,FALSE
surprise,FALSE
attract,FALSE
alarm,TRUE
threaten,TRUE
harm,FALSE
delay,FALSE
slow,TRUE
disrupt,FALSE
kill,FALSE
stall,FALSE
stress,FALSE
insult,FALSE
destroy,FALSE
distress,TRUE
shame,TRUE
human,FALSE
child,TRUE
multitude,FALSE
couple,FALSE
lot,FALSE
diversity,FALSE
spectrum,FALSE
multiple,TRUE
array,FALSE
reason,FALSE
reason,FALSE
purpose,TRUE
click,FALSE
click,FALSE
rely,TRUE
click,TRUE
call,TRUE
remain,FALSE
sit,TRUE
check,FALSE
turn,TRUE
confirm,TRUE
progress,TRUE
shoot,FALSE
cartridge,TRUE
weapon,TRUE
gun,TRUE
bomb,FALSE
song,FALSE
prompt,FALSE
enter,FALSE
trigger,TRUE
apply,TRUE
operate,FALSE
multi,FALSE
end,TRUE
single,FALSE
multi,TRUE
dual,FALSE
per,FALSE
zone,FALSE
say,FALSE
assume,FALSE
logic,TRUE
linear,TRUE
hierarchy,FALSE
processor,TRUE
administrative,TRUE
academic,FALSE
separate,TRUE
split,FALSE
separation,FALSE
isolate,FALSE
separately,FALSE
apart,FALSE
detach,FALSE
differentiate,FALSE
divide,TRUE
disconnect,TRUE
exclude,TRUE
random,TRUE
variable,TRUE
intensive,FALSE
mining,TRUE
manager,TRUE
x,TRUE
v,TRUE
c,TRUE
management,TRUE
b,TRUE
#,TRUE
r,TRUE
patient,FALSE
ability,FALSE
expertise,TRUE
disability,TRUE
useful,FALSE
helpful,FALSE
professional,TRUE
license,TRUE
retrieve,FALSE
move,FALSE
Sunday,FALSE
sunday,TRUE
first,FALSE
\,FALSE
early,FALSE
#,FALSE
#,FALSE
10,TRUE
#,TRUE
#,TRUE
12,TRUE
#,FALSE
#,FALSE
semester,FALSE
season,FALSE
week,FALSE
week,FALSE
effect,FALSE
intention,FALSE
objective,FALSE
phrase,FALSE
mean,TRUE
imply,TRUE
say,TRUE
suggest,TRUE
emphasize,FALSE
denote,FALSE
crash,TRUE
red,FALSE
hot,FALSE
boot,FALSE
FALSE,FALSE
old,TRUE
#,FALSE
alter,FALSE
damage,FALSE
reproduce,FALSE
copy,FALSE
indirectly,TRUE
intentionally,TRUE
remotely,FALSE
illegally,TRUE
automatically,TRUE
independently,TRUE
encryption,TRUE
modification,TRUE
encode,FALSE
replication,TRUE
creation,TRUE
transfer,FALSE
convert,TRUE
move,FALSE
attach,FALSE
switch,FALSE
revert,FALSE
migrate,TRUE
compare,TRUE
disturb,FALSE
discover,TRUE
source,FALSE
stay,FALSE
remain,FALSE
stay,TRUE
stay,FALSE
survive,FALSE
remain,FALSE
foundation,FALSE
instrument,FALSE
forum,TRUE
work,FALSE
improvement,FALSE
recover,FALSE
return,FALSE
year,TRUE
second,TRUE
gb,FALSE
percent,FALSE
mb,TRUE
mm,FALSE
load,TRUE
recover,FALSE
ship,TRUE
empty,FALSE
clean,TRUE
purchase,TRUE
cycle,FALSE
digit,FALSE
second,TRUE
minute,FALSE
attempt,FALSE
battery,FALSE
amount,FALSE
availability,FALSE
quantity,FALSE
percentage,FALSE
density,FALSE
cell,TRUE
seat,FALSE
package,FALSE
action,FALSE
incident,FALSE
instruction,FALSE
attack,FALSE
record,FALSE
trail,FALSE
chain,TRUE
string,TRUE
compilation,TRUE
measurement,TRUE
statement,TRUE
care,FALSE
risk,FALSE
reading,FALSE
undertake,FALSE
direct,FALSE
ex,FALSE
co,TRUE
micro,FALSE
provider,FALSE
manager,TRUE
maker,FALSE
pull,FALSE
custom,FALSE
preference,FALSE
assign,TRUE
restrict,TRUE
limit,TRUE
expose,TRUE
bandwidth,TRUE
fund,FALSE
Google,TRUE
sms,TRUE
mail,TRUE
list,TRUE
consult,TRUE
ask,TRUE
make,TRUE
make,TRUE
satisfaction,TRUE
involvement,FALSE
behavior,TRUE
concern,FALSE
participation,FALSE
view,TRUE
industry,TRUE
suitable,TRUE
inadequate,FALSE
insufficient,TRUE
adequate,TRUE
alter,FALSE
change,FALSE
adjust,TRUE
enhance,FALSE
acquire,TRUE
generate,FALSE
manage,FALSE
distribute,TRUE
promote,FALSE
organize,FALSE
display,FALSE
assumption,FALSE
distinction,FALSE
choice,FALSE
decision,FALSE
assumption,TRUE
choice,TRUE
determination,TRUE
difference,TRUE
recommendation,TRUE
less,TRUE
equally,TRUE
highly,FALSE
particularly,TRUE
deem,FALSE
sufficiently,FALSE
immediately,FALSE
so,FALSE
assume,TRUE
option,TRUE
clause,TRUE
degree,TRUE
condition,TRUE
dimension,FALSE
opportunity,TRUE
incentive,TRUE
avenue,FALSE
excuse,FALSE
outlet,FALSE
programmer,TRUE
upgrade,FALSE
upgrade,FALSE
revision,FALSE
bug,TRUE
fault,TRUE
defect,FALSE
problem,FALSE
unnecessary,FALSE
defect,FALSE
comment,TRUE
involve,FALSE
encompasse,FALSE
suggest,TRUE
purchase,FALSE
project,FALSE
idea,TRUE
marketing,TRUE
creative,TRUE
ad,FALSE
advertising,FALSE
produce,TRUE
prepare,FALSE
generation,FALSE
animal,FALSE
subject,FALSE
adult,TRUE
specie,TRUE
dog,TRUE
swimmer,FALSE
infant,TRUE
difficulty,FALSE
difficulty,TRUE
trouble,TRUE
limitation,TRUE
success,FALSE
trouble,TRUE
see,TRUE
choose,TRUE
obtain,TRUE
match,TRUE
symbol,TRUE
sound,FALSE
marking,TRUE
paint,FALSE
color,FALSE
variation,TRUE
disorder,FALSE
signature,FALSE
spot,TRUE
difference,FALSE
field,FALSE
near,TRUE
pitch,TRUE
photo,FALSE
double,FALSE
color,TRUE
sight,FALSE
flash,FALSE
blue,TRUE
white,FALSE
partial,FALSE
blind,TRUE
code,FALSE
contrast,TRUE
block,FALSE
sensitive,TRUE
wise,FALSE
sensitivity,TRUE
shift,FALSE
correction,FALSE
free,FALSE
most,FALSE
generally,FALSE
maximum,FALSE
page,TRUE
boundary,FALSE
width,FALSE
length,FALSE
length,TRUE
sheet,FALSE
strip,FALSE
leaf,FALSE
chapter,FALSE
fix,FALSE
measure,FALSE
reflect,FALSE
suit,TRUE
represent,TRUE
convey,TRUE
illustrate,TRUE
orientation,TRUE
scope,TRUE
by,FALSE
also,TRUE
and,TRUE
thus,TRUE
affect,TRUE
create,FALSE
define,FALSE
transform,FALSE
treat,FALSE
produce,FALSE
vary,FALSE
many,TRUE
large,TRUE
diverse,TRUE
age,TRUE
ethnic,FALSE
peer,TRUE
demographic,FALSE
interest,FALSE
experience,FALSE
sector,FALSE
graphical,FALSE
comply,FALSE
coincide,FALSE
cooperate,FALSE
come,TRUE
accord,TRUE
emphasis,TRUE
descriptive,TRUE
global,TRUE
universal,TRUE
statistical,FALSE
meta,FALSE
cross,FALSE
self,FALSE
auto,TRUE
well,FALSE
reliance,FALSE
sustainability,TRUE
governance,FALSE
discipline,FALSE
esteem,FALSE
efficacy,TRUE
song,FALSE
age,FALSE
kernel,TRUE
acceleration,TRUE
achieve,FALSE
ensure,TRUE
attain,TRUE
enhance,TRUE
affect,TRUE
accomplish,TRUE
researcher,TRUE
engineer,TRUE
designer,FALSE
analyst,FALSE
result,FALSE
actual,FALSE
patch,FALSE
attacker,FALSE
adopt,FALSE
xml,FALSE
NFC,FALSE
java,FALSE
usb,FALSE
Linux,TRUE
primary,FALSE
prefer,FALSE
colour,TRUE
TRUE,TRUE
body,TRUE
of,TRUE
light,FALSE
natural,TRUE
pure,TRUE
understanding,FALSE
perfect,TRUE
red,TRUE
colour,FALSE
colour,FALSE
white,TRUE
handle,FALSE
perceive,TRUE
utilize,FALSE
study,FALSE
regard,FALSE
caution,FALSE
certainty,FALSE
precision,FALSE
discretion,FALSE
bear,FALSE
bring,FALSE
keep,FALSE
hold,FALSE
put,TRUE
carry,TRUE
give,FALSE
mind,TRUE
behaviour,TRUE
constraint,FALSE
skill,FALSE
determine,FALSE
reality,TRUE
stimulus,TRUE
transmit,TRUE
collect,FALSE
capture,FALSE
record,FALSE
express,TRUE
store,FALSE
call,FALSE
give,FALSE
get,FALSE
travel,FALSE
un,TRUE
com,TRUE
encourage,FALSE
teach,TRUE
let,TRUE
help,TRUE
let,FALSE
traveler,FALSE
passenger,TRUE
sailor,FALSE
forget,FALSE
recall,FALSE
navigate,TRUE
land,FALSE
live,FALSE
walk,FALSE
collect,TRUE
carry,TRUE
publish,TRUE
indicator,FALSE
duty,TRUE
position,TRUE
order,TRUE
plan,TRUE
scheduling,TRUE
investigate,TRUE
clear,TRUE
postpone,TRUE
confirm,FALSE
priority,TRUE
routine,TRUE
daily,TRUE
arrest,TRUE
question,TRUE
charge,TRUE
hearing,TRUE
assist,TRUE
military,FALSE
train,FALSE
senior,TRUE
department,TRUE
team,TRUE
commander,TRUE
think,FALSE
feel,TRUE
behave,FALSE
efficiently,TRUE
well,FALSE
deal,FALSE
effort,TRUE
frequency,TRUE
lack,FALSE
implement,TRUE
employ,TRUE
maintain,TRUE
intervention,FALSE
invite,FALSE
challenge,TRUE
designer,TRUE
touch,FALSE
criminal,TRUE
friend,TRUE
hero,FALSE
easy,FALSE
market,FALSE
world,TRUE
virtual,TRUE
voice,FALSE
employment,TRUE
lifetime,FALSE
exceed,FALSE
exceed,TRUE
involve,FALSE
exceed,FALSE
equal,FALSE
as,FALSE
0,FALSE
span,TRUE
exclude,FALSE
sort,TRUE
census,FALSE
electoral,TRUE
measure,FALSE
assessment,TRUE
complexity,TRUE
scrutiny,FALSE
secrecy,TRUE
company,TRUE
deal,TRUE
concern,TRUE
connect,FALSE
deal,FALSE
face,FALSE
charge,TRUE
arise,FALSE
threat,TRUE
crime,TRUE
conflict,FALSE
defence,TRUE
discuss,FALSE
cover,FALSE
direction,TRUE
verbal,TRUE
interactive,FALSE
speak,TRUE
simple,TRUE
animate,FALSE
indirect,TRUE
short,FALSE
brief,FALSE
speak,TRUE
structure,TRUE
#,TRUE
gesture,FALSE
cooperation,TRUE
similarity,FALSE
relation,TRUE
similarity,FALSE
communication,TRUE
conflict,TRUE
equality,FALSE
problem,TRUE
mapping,FALSE
imagery,TRUE
conjunction,FALSE
parallel,TRUE
accordance,FALSE
depth,FALSE
balance,TRUE
correlation,FALSE
contact,TRUE
exploration,TRUE
aspect,FALSE
portion,TRUE
provider,FALSE
demonstrate,TRUE
prove,FALSE
expert,FALSE
stakeholder,FALSE
specialist,FALSE
inclusion,FALSE
literature,FALSE
freely,FALSE
easily,FALSE
quickly,FALSE
regularly,FALSE
continuously,FALSE
constantly,FALSE
rapidly,FALSE
permanently,TRUE
instantly,FALSE
individually,FALSE
expand,FALSE
restore,FALSE
upgrade,FALSE
provision,FALSE
disclosure,FALSE
allocation,TRUE
subscription,FALSE
wealth,TRUE
mix,FALSE
education,FALSE
total,TRUE
net,FALSE
small,FALSE
individual,TRUE
large,TRUE
real,FALSE
complex,TRUE
critical,TRUE
manage,FALSE
major,FALSE
global,TRUE
principal,TRUE
average,TRUE
productivity,TRUE
mistake,FALSE
confusion,FALSE
cost,TRUE
loss,TRUE
effort,TRUE
expense,TRUE
spend,TRUE
profit,TRUE
protect,FALSE
heal,FALSE
benefit,TRUE
stem,FALSE
injury,FALSE
injury,FALSE
crash,FALSE
abuse,FALSE
various,FALSE
several,FALSE
three,FALSE
four,TRUE
five,TRUE
transit,TRUE
path,TRUE
pathway,FALSE
approach,FALSE
mode,TRUE
#,TRUE
lane,FALSE
exit,FALSE
connect,FALSE
shipping,TRUE
refer,FALSE
terrain,FALSE
water,TRUE
sea,FALSE
habitat,TRUE
responsibility,TRUE
geography,TRUE
accommodate,TRUE
#,FALSE
human,FALSE
public,FALSE
social,TRUE
its,TRUE
knowledge,TRUE
private,FALSE
certification,FALSE
fulfill,TRUE
bear,TRUE
expectation,FALSE
demand,TRUE
obligation,TRUE
practice,TRUE
magazine,FALSE
audience,TRUE
patient,FALSE
library,FALSE
package,FALSE
comprise,TRUE
allocate,FALSE
prescribe,FALSE
#,FALSE
#,FALSE
#,FALSE
#,TRUE
#,FALSE
#,FALSE
#,TRUE
#,FALSE
#,FALSE
#,FALSE
#,FALSE
core,TRUE
structure,FALSE
integration,FALSE
architecture,FALSE
development,FALSE
area,FALSE
become,FALSE
guide,FALSE
drive,FALSE
theme,TRUE
factor,FALSE
whole,FALSE
terminate,FALSE
program,FALSE
project,FALSE
operation,FALSE
work,TRUE
application,FALSE
resolve,FALSE
fraction,FALSE
proportion,FALSE
handful,FALSE
processor,FALSE
exception,FALSE
thread,TRUE
register,FALSE
accounting,TRUE
credit,TRUE
inspection,TRUE
environmental,TRUE
track,TRUE
activate,TRUE
trigger,TRUE
predict,TRUE
violation,TRUE
monitor,TRUE
supervision,TRUE
pass,TRUE
keep,TRUE
release,TRUE
inventory,FALSE
trail,TRUE
log,TRUE
tree,TRUE
info,TRUE
exploit,TRUE
#,TRUE
researcher,TRUE
engineer,TRUE
scientist,TRUE
intend,TRUE
attempt,FALSE
try,FALSE
inspect,FALSE
examine,FALSE
everyone,FALSE
individual,TRUE
citizen,TRUE
resident,TRUE
member,TRUE
person,TRUE
worker,TRUE
parent,FALSE
woman,FALSE
lodge,FALSE
settle,FALSE
claim,FALSE
objection,FALSE
objection,FALSE
petition,FALSE
dispute,FALSE
protest,FALSE
employer,TRUE
rely,TRUE
vote,TRUE
finding,FALSE
fact,TRUE
testimony,TRUE
hear,FALSE
subsequent,FALSE
preliminary,FALSE
prior,FALSE
ongoing,FALSE
thorough,FALSE
initial,FALSE
pursue,FALSE
matter,TRUE
division,TRUE
branch,FALSE
section,TRUE
service,FALSE
facilitate,TRUE
extend,TRUE
mission,FALSE
offer,FALSE
establish,FALSE
form,TRUE
meeting,TRUE
session,TRUE
respective,FALSE
allege,TRUE
tv,TRUE
pc,TRUE
wish,TRUE
decide,TRUE
agree,TRUE
choose,TRUE
continue,FALSE
want,TRUE
intend,TRUE
like,FALSE
risk,FALSE
suggest,FALSE
tie,TRUE
entry,TRUE
belong,FALSE
lead,FALSE
refer,FALSE
conclusion,TRUE
not,TRUE
stop,TRUE
never,TRUE
prevent,FALSE
potentially,FALSE
unwanted,FALSE
previously,FALSE
window,FALSE
lock,FALSE
icon,TRUE
preview,FALSE
green,FALSE
close,FALSE
box,TRUE
unlocked,FALSE
suit,TRUE
perform,FALSE
become,FALSE
defeat,FALSE
finish,FALSE
pass,TRUE
conclude,FALSE
fail,FALSE
filter,TRUE
compression,FALSE
log,TRUE
preservation,FALSE
raw,FALSE
encode,TRUE
blog,TRUE
popular,FALSE
common,FALSE
insight,TRUE
insight,FALSE
clue,TRUE
answer,TRUE
phenomenon,FALSE
consequence,FALSE
example,FALSE
instance,TRUE
scenario,TRUE
solve,FALSE
complete,FALSE
start,TRUE
enter,FALSE
execute,TRUE
conduct,TRUE
sweep,TRUE
get,TRUE
present,FALSE
large,TRUE
long,FALSE
execute,FALSE
detection,FALSE
probe,TRUE
moment,TRUE
meter,TRUE
battery,TRUE
image,FALSE
line,FALSE
file,FALSE
area,TRUE
chart,FALSE
picture,FALSE
book,FALSE
paper,FALSE
content,FALSE
photo,FALSE
compatible,FALSE
match,FALSE
align,FALSE
consistent,FALSE
correspond,FALSE
small,FALSE
music,FALSE
decorate,FALSE
interrupt,FALSE
film,FALSE
advertisement,FALSE
ad,FALSE
denote,FALSE
clear,FALSE
bold,FALSE
italic,FALSE
vertical,FALSE
fuzzy,FALSE
graphic,FALSE
rough,FALSE
plain,TRUE
ink,TRUE
solid,FALSE
strategy,FALSE
suppose,TRUE
tailor,FALSE
comparison,FALSE
registration,TRUE
acquire,TRUE
visit,TRUE
ground,TRUE
premise,TRUE
premise,TRUE
decade,TRUE
occurrence,TRUE
correlate,TRUE
comparable,TRUE
high,TRUE
great,FALSE
low,FALSE
decrease,FALSE
arrangement,FALSE
position,FALSE
geometry,FALSE
number,FALSE
Wikipedia,TRUE
everything,FALSE
group,TRUE
map,TRUE
around,TRUE
along,TRUE
name,TRUE
rhyme,TRUE
scheme,FALSE
algorithm,FALSE
assist,FALSE
trust,FALSE
engage,TRUE
place,TRUE
leave,FALSE
post,FALSE
pace,FALSE
surface,FALSE
scheme,FALSE
NSA,FALSE
multiplayer,FALSE
see,FALSE
credit,FALSE
track,FALSE
bonus,TRUE
disc,FALSE
episode,FALSE
score,FALSE
rating,TRUE
may,FALSE
apply,FALSE
stick,TRUE
chapter,FALSE
edge,TRUE
number,TRUE
location,TRUE
construction,TRUE
length,FALSE
burn,FALSE
loss,FALSE
house,TRUE
furniture,FALSE
seat,FALSE
road,TRUE
corridor,FALSE
floor,FALSE
succeed,FALSE
alteration,TRUE
exception,TRUE
addition,FALSE
asset,FALSE
vote,TRUE
ownership,FALSE
privilege,FALSE
membership,FALSE
pay,FALSE
limit,FALSE
authorization,FALSE
credential,FALSE
approve,FALSE
skip,FALSE
flat,FALSE
blank,TRUE
cheat,FALSE
skip,FALSE
black,FALSE
pause,FALSE
button,FALSE
pad,FALSE
#,FALSE
miss,FALSE
quick,FALSE
good,FALSE
activate,FALSE
closure,FALSE
appointment,FALSE
opening,FALSE
establishment,TRUE
load,TRUE
closing,TRUE
export,FALSE
download,FALSE
submission,TRUE
time,FALSE
schedule,FALSE
application,FALSE
test,FALSE
prepare,FALSE
compile,FALSE
package,FALSE
curate,TRUE
setup,FALSE
retention,TRUE
speed,TRUE
period,TRUE
#,TRUE
wide,FALSE
broad,TRUE
wide,FALSE
large,TRUE
broad,TRUE
contexts,FALSE
the,TRUE
an,FALSE
find,TRUE
use,FALSE
have,FALSE
understanding,FALSE
find,FALSE
with,TRUE
know,FALSE
keep,TRUE
more,FALSE
get,FALSE
choose,FALSE
tool,FALSE
content,FALSE
information,FALSE
vocabulary,FALSE
word,FALSE
feature,FALSE
terminology,TRUE
resource,FALSE
language,FALSE
term,TRUE
title,TRUE
material,TRUE
item,FALSE
method,FALSE
phrase,FALSE
user,TRUE
author,TRUE
project,FALSE
company,TRUE
program,FALSE
customer,TRUE
organization,TRUE
reader,TRUE
client,TRUE
team,FALSE
group,FALSE
subject,FALSE
individual,FALSE
website,TRUE
need,TRUE
skill,TRUE
background,TRUE
interest,FALSE
culture,FALSE
context,FALSE
environment,TRUE
capability,FALSE
experience,TRUE
preference,FALSE
knowledge,TRUE
expertise,FALSE
taste,TRUE
social,FALSE
specific,FALSE
communication,FALSE
technical,TRUE
material,FALSE
programming,FALSE
personal,FALSE
service,FALSE
particular,TRUE
daily,TRUE
resource,TRUE
business,FALSE
system,FALSE
source,TRUE
technology,TRUE
system,FALSE
share,TRUE
requirement,TRUE
type,TRUE
management,TRUE
technology,TRUE
make,TRUE
keep,FALSE
render,FALSE
get,FALSE
create,FALSE
leave,FALSE
produce,FALSE
ensure,FALSE
give,FALSE
maintain,FALSE
provide,FALSE
bring,FALSE
make,FALSE
develop,FALSE
application,FALSE
software,FALSE
process,FALSE
interface,FALSE
product,FALSE
solution,FALSE
problem,TRUE
concept,TRUE
understand,FALSE
read,FALSE
learn,TRUE
use,FALSE
see,TRUE
access,FALSE
maintain,TRUE
reach,FALSE
find,FALSE
know,TRUE
handle,FALSE
implement,TRUE
test,FALSE
search,FALSE
survey,TRUE
poll,TRUE
analysis,FALSE
calculation,FALSE
research,FALSE
study,FALSE
final,FALSE
testing,FALSE
election,FALSE
well,FALSE
output,FALSE
input,FALSE
measurement,FALSE
result,FALSE
datum,FALSE
result,FALSE
engine,FALSE
item,FALSE
code,FALSE
index,TRUE
database,FALSE
value,FALSE
function,FALSE
algorithm,TRUE
obtain,TRUE
take,TRUE
download,TRUE
collect,FALSE
available,FALSE
retrieve,FALSE
extract,FALSE
remove,FALSE
draw,FALSE
publish,FALSE
generate,FALSE
import,FALSE
source,TRUE
release,FALSE
pull,
computer,
server,
site,
source,
internet,
internet,
library,
web,
server,
page,
screen,
group,
set,
order,
combination,
sheet,
excess,
packet,
column,
unit,
team,
pack,
block,
cluster,
step,
series,
allow,
require,
enable,
permit,
qualify,
declare,
force,
consider,
encourage,
define,
require,
ask,
convince,
person,
player,
member,
student,
child,
candidate,
citizen,
voter,
party,
participant,
contestant,
human,
member,
part,
resident,
target,
representative,
parent,
fan,
viewer,
one,
technique,
approach,
strategy,
mean,
option,
solution,
mechanism,
way,
service,
program,
use,
employ,
adopt,
apply,
develop,
utilize,
implement,
choose,
offer,
find,
consider,
propose,
make,
suggest,
achieve,
meet,
fulfil,
reach,
address,
implement,
set,
satisfy,
pursue,
realize,
balance,
communicating,
complete,
achieve,
support,
goal,
objective,
benefit,
aim,
end,
task,
advantage,
function,
standard,
level,
improvement,
outcome,
offer,
supply,
provide,
help,
connect,
training,
present,
assist,
provide,
identify,
engage,
user,
people,
developer,
individual,
consumer,
client,
customer,
employee,
student,
designer,
participant,
child,
player,
support,
opportunity,
suggestion,
idea,
recommendation,
feedback,
guideline,
tip,
guidance,
adjust,
change,
extend,
apply,
improve,
fit,
match,
relate,
alter,
manage,
add,
use,
expand,
game,
browser,
graphical,
online,
desktop,
mobile,
accord,
response,
response,
base,
relationship,
tailor,
set,
body,
approach,
attention,
due,
adapt,
relative,
computer,
device,
device,
advantage,
pc,
detect,
identify,
track,
report,
monitor,
prevent,
assess,
investigate,
register,
recognize,
locate,
fix,
correct,
punish,
stop,
control,
repair,
treat,
remove,
object,
datum,
energy,
file,
weapon,
image,
anything,
everything,
general,
general,
basic,
basic,
fundamental,
primary,
elementary,
key,
some,
all,
common,
essential,
good,
principle,
aspect,
characteristic,
detail,
dimension,
element,
property,
theory,
pattern,
model,
fact,
parameter,
#,
concept,
perception,
awareness,
vision,
consciousness,
understand,
think,
reason,
think,
learn,
intelligence,
judgment,
observation,
psychology,
write,
review,
design,
discuss,
consider,
read,
examine,
select,
compare,
describe,
analyze,
study,
text,
book,
print,
paper,
digital,
picture,
discussion,
web,
layout,
notebook,
application,
process,
design,
design,
environment,
setting,
scenario,
architecture,
nature,
principle,
#,
#,
rule,
theory,
memory,
take,
take,
take,
bring,
take,
call,
hold,
keep,
bear,
put,
carry,
take,
give,
account,
consideration,
detail,
practice,
category,
platform,
app,
dictionary,
include,
feature,
contain,
remain,
offer,
follow,
become,
language,
People,
they,
anyone,
everyone,
student,
individual,
citizen,
resident,
member,
user,
Police,
person,
worker,
parent,
woman,
file,
discuss,
present,
lodge,
receive,
bring,
submit,
settle,
hear,
issue,
address,
complaint,
complaint,
claim,
case,
claim,
objection,
case,
objection,
petition,
concern,
action,
identity,
dispute,
presence,
protest,
police,
authority,
court,
court,
government,
law,
officer,
official,
prosecutor,
agency,
judge,
citizen,
employer,
base,
check,
rely,
depend,
decide,
agree,
vote,
act,
evidence,
circumstance,
finding,
procedure,
procedure,
situation,
condition,
fact,
investigation,
documentation,
witness,
testimony,
report,
hear,
investigation,
subsequent,
preliminary,
previous,
prior,
criminal,
ongoing,
thorough,
initial,
instruction,
statement,
order,
criterion,
someone,
send,
refer,
pursue,
review,
matter,
decision,
action,
incident,
this,
visual,
software,
such,
game,
text,
memory,
language,
Digital,
image,
design,
direct,
interaction,
interface,
involvement,
intervention,
interaction,
engagement,
choice,
participation,
turn,
build,
interactive,
experience,
feel,
world,
community,
#,
network,
fast,
slow,
fast,
rapid,
quick,
slow,
easy,
quick,
fast,
automatic,
rapid,
hard,
limit,
swift,
short,
slow,
speed,
fast,
direct,
forward,
hard,
dynamic,
edit,
search,
processing,
filter,
translation,
integrity,
quality,
recognition,
extraction,
link,
detection,
scan,
#,
manipulation,
search,
#,
sort,
handle,
text,
document,
database,
sentence,
page,
enable,
support,
achieve,
ensure,
facilitate,
aid,
accompany,
encourage,
enhance,
accomplish,
guide,
limit,
distinguish,
prevent,
justify,
inclusion,
addition,
provision,
usage,
creation,
availability,
introduction,
combination,
incorporation,
aid,
establishment,
list,
headline,
picture,
#,
label,
comment,
form,
article,
message,
section,
number,
note,
character,
quote,
reference,
table,
expression,
structure,
string,
argument,
extension,
sequence,
story,
entry,
line,
chapter,
tag,
letter,
example,
other,
through,
in,
besides,
within,
under,
for,
give,
beyond,
from,
Via,
without,
throughout,
during,
new,
follow,
gps,
late,
method,
protocol,
technique,
warrant,
tool,
#,
security,
forensic,
enforcement,
investigative,
FBI,
it,
agency,
rescue,
legal,
department,
investigator,
detective,
agent,
force,
personnel,
station,
officer,
look,
hunt,
search,
search,
scan,
watch,
call,
crime,
location,
number,
area,
cause,
suspect,
place,
event,
category,
vehicle,
scene,
rate,
object,
act,
commission,
scene,
suspect,
time,
center,
type,
activity,
car,
property,
arrest,
transaction,
residence,
victim,
etc,
locality,
location,
history,
incident,
situation,
contexts,
instance,
scheme,
format,
book,
game,
noun,
specie,
animal,
arrange,
group,
classify,
place,
organize,
categorize,
write,
divide,
sort,
present,
structure,
describe,
construct,
size,
color,
area,
style,
class,
layer,
form,
require,
allow,
include,
classification,
number,
color,
name,
encode,
code,
colour,
rhyme,
rank,
identification,
score,
element,
model,
scheme,
option,
pattern,
key,
designer,
style,
word,
section,
topic,
column,
box,
article,
genre,
table,
multiple,
different,
use,
various,
alternative,
two,
several,
three,
four,
support,
five,
other,
navigation,
entry,
access,
transport,
travel,
transportation,
traffic,
transit,
path,
path,
pathway,
route,
direction,
choice,
mode,
channel,
#,
lane,
alternative,
exit,
plan,
reference,
visitor,
link,
connection,
connectivity,
shipping,
connection,
refer,
level,
piece,
region,
volume,
range,
class,
kind,
land,
space,
terrain,
water,
sea,
habitat,
responsibility,
geography,
size,
design,
select,
combine,
create,
adjust,
modify,
identify,
accommodate,
suit,
facilitate,
reflect,
utilize,
meet,
serve,
development,
delivery,
distribution,
marketing,
implementation,
#,
specify,
ensure,
expect,
change,
modification,
exception,
adjustment,
update,
amendment,
alteration,
exception,
addition,
request,
certain,
physical,
policy,
measure,
protocol,
regulation,
control,
specification,
policy,
organization,
administrator,
member,
entity,
domain,
network,
asset,
vote,
privacy,
registration,
password,
ownership,
point,
time,
point,
right,
privilege,
protection,
power,
membership,
pay,
attribute,
restriction,
check,
limit,
issue,
certificate,
encryption,
authorization,
credential,
privilege,
status,
compliance,
configuration,
signature,
bandwidth,
allocation,
#,
change,
lock,
perform,
enforce,
do,
handle,
approve,
execute,
manage,
detect,
allow,
control,
internal,
command,
main,
underlie,
processor,
hardware,
kernel,
controller,
module,
core,
network,
communication,
component,
infrastructure,
equipment,
facility,
maintenance,
installation,
deployment,
route,
fire,
operational,
operation,
revision,
#,
assurance,
layer,
module,
component,
deploy,
view,
add,
integrate,
run,
specify,
see,
treat,
build,
package,
along,
part,
performance,
capability,
functional,
functionality,
minor,
safety,
possess,
create,
produce,
develop,
deliver,
electronic,
video,
visual,
audio,
sound,
#,
#,
unit,
record,
instrument,
machine,
collect,
gather,
generate,
track,
store,
acquire,
obtain,
display,
receive,
record,
monitor,
capture,
report,
release,
publish,
distribute,
deliver,
news,
information,
statistic,
record,
name,
directory,
ID,
header,
title,
folder,
document,
bank,
copyright,
port,
destination,
geographic,
geographical,
state,
date,
local,
#,
format,
name,
version,
rank,
designation,
email,
domain,
frame,
photograph,
discuss,
include,
number,
show,
link,
exchange,
describe,
analyze,
explain,
remember,
evaluate,
frame,
image,
frame,
sentence,
determine,
establish,
note,
mean,
structure,
significance,
content,
relationship,
purpose,
meaning,
composition,
thing,
relate,
correspond,
react,
connect,
respond,
compare,
apply,
conform,
attach,
relate,
relate,
interact,
communicate,
link,
Manual,
agreement,
standard,
guide,
research,
rule,
regulation,
note,
handbook,
interact,
recognize,
combine,
define,
utilize,
incorporate,
perform,
evaluate,
employ,
kind,
variety,
sort,
production,
print,
manufacture,
construction,
surgical,
follow,
reflect,
incorporate,
detail,
define,
outline,
perform,
conduct,
complete,
execute,
initiate,
manage,
evaluation,
selection,
sweep,
probe,
second,
minute,
hour,
day,
second,
moment,
minute,
min,
month,
year,
week,
minute,
meter,
error,
operation,
mode,
computational,
storage,
maximum,
compute,
current,
capacity,
depth,
amount,
facility,
cost,
variety,
complexity,
quantity,
density,
frequency,
lack,
cell,
node,
battery,
store,
processor,
address,
avoid,
explain,
resolve,
useful,
illustrate,
reach,
place,
put,
list,
note,
bottom,
top,
end,
begin,
front,
keyboard,
back,
margin,
start,
send,
draw,
remove,
post,
clue,
alternative,
insight,
answer,
something,
another,
map,
list,
line,
shelf,
middle,
message,
sms,
incoming,
short,
reply,
statement,
request,
declaration,
instance,
precede,
replace,
mark,
indicate,
represent,
supplement,
characterize,
highlight,
denote,
terminate,
remark,
question,
explanation,
outline,
overview,
announcement,
indication,
example,
illustration,
description,
estimate,
update,
expression,
error,
answer,
receiver,
caller,
attacker,
operator,
recipient,
choose,
commit,
undertake,
exercise,
attempt,
relation,
regard,
regard,
reaction,
respond,
proportion,
respect,
comparison,
accordance,
question,
threat,
image,
line,
file,
area,
chart,
picture,
those,
book,
paper,
content,
photo,
program,
contrast,
mixed,
associate,
compatible,
fill,
#,
match,
align,
consistent,
compare,
contrast,
right,
desire,
appropriate,
relevant,
original,
correspond,
small,
proper,
require,
primary,
graphic,
photo,
music,
render,
cover,
display,
decorate,
way,
manner,
fashion,
sense,
measure,
degree,
direction,
form,
affect,
disturb,
interrupt,
disrupt,
involve,
block,
limit,
restrict,
delay,
reduce,
#,
aspect,
effect,
presentation,
appearance,
representation,
accuracy,
appeal,
film,
phone,
standard,
os,
accept,
protect,
keep,
NSA,
employ,
adopt,
multiplayer,
play,
',
we,
to,
you,
researcher,
please,
critic,
many,
want,
need,
interpret,
perceive,
declare,
correction,
code,
warning,
signal,
vector,
position,
sequence,
mouse,
default,
agent,
mail,
anyone,
everyone,
everybody,
store,
generate,
prepare,
audit,
accounting,
financial,
inspection,
assessment,
tax,
log,
instrument,
score,
return,
purpose,
reason,
period,
use,
need,
lose,
destroy,
affect,
replace,
purchase,
actual,
inventory,
credit,
revenue,
entire,
issue,
produce,
maintain,
supply,
send,
receive,
allocate,
assign,
radar,
aircraft,
operate,
protect,
preserve,
monitor,
guarantee,
hope,
assure,
hope,
trust,
ensure,
confidence,
efficiency,
effectiveness,
potential,
life,
need,
lose,
store,
transmit,
unavailable,
necessary,
destroy,
compromise,
important,
consequence,
course,
danger,
spite,
light,
absence,
prevention,
loss,
failure,
breakdown,
shortage,
destruction,
breach,
disruption,
failure,
theft,
damage,
collapse,
telecommunication,
transmission,
supply,
wireless,
electrical,
see,
consider,
find,
give,
credit,
info,
track,
bonus,
disc,
release,
edition,
episode,
official,
club,
school,
last,
station,
continue,
continue,
appear,
come,
want,
begin,
platform,
website,
site,
version,
machine,
campus,
download,
companion,
subscription,
backup,
supplement,
pdf,
guide,
preview,
separate,
patch,
complement,
gateway,
home,
full,
Wikipedia,
next,
neural,
two,
profile,
simplify,
update,
edit,
extend,
balance,
able,
change,
tune,
redesign,
render,
give,
get,
help,
show,
self,
non,
auto,
multi,
meta,
counter,
well,
definition,
plan,
license,
schedule,
census,
variable,
district,
region,
state,
county,
division,
territory,
zone,
boundary,
reason,
deed,
rule,
family,
population,
caste,
gender,
district,
tribal,
clan,
tribe,
law,
event,
place,
power,
municipality,
city,
date,
custom,
religion,
religion,
demographic,
religious,
political,
owner,
value,
risk,
incidence,
probability,
number,
percentage,
occurrence,
total,
severity,
cycle,
episode,
occasion,
activity,
violence,
termination,
employment,
attack,
terrorism,
behavior,
exceed,
increase,
vary,
decrease,
equal,
differ,
exceed,
exceed,
occur,
exist,
every,
per,
minimum,
_,
hour,
day,
year,
month,
week,
digit,
period,
notice,
cycle,
interval,
term,
window,
interval,
warn,
model,
model,
within,
via,
framework,
basis,
focus,
mission,
aim,
scope,
goal,
work,
objective,
role,
success,
emphasis,
#,
#,
#,
#,
#,
#,
#,
#,
#,
#,
#,
#,
focus,
center,
concentrate,
centre,
focus,
dependent,
intent,
focus,
found,
orient,
concentrate,
reduce,
promote,
increase,
restore,
raise,
assistance,
advice,
care,
civilian,
military,
enlist,
police,
public,
senior,
work,
department,
sector,
workforce,
industry,
staff,
leadership,
one,
policeman,
professional,
operate,
stand,
serve,
locate,
live,
position,
involve,
remain,
cut,
outer,
lead,
competitive,
northern,
defensive,
field,
disciplinary,
administrative,
corporate,
street,
edge,
edge,
centre,
desk,
#,
coordinate,
oversee,
direct,
night,
day,
evening,
morning,
moment,
afternoon,
everyday,
dusk,
Sunday,
tomorrow,
night,
Friday,
noon,
function,
live,
run,
responsibility,
flow,
patrol,
whole,
administration,
execution,
vehicle,
robot,
enterprise,
cloud,
state,
national,
high,
prototype,
plan,
instal,
distribute,
deliver,
iso,
product,
country,
song,
length,
theme,
weight,
age,
definition,
ability,
freedom,
opportunity,
possibility,
flexibility,
skill,
switch,
move,
select,
differentiate,
distinguish,
alternate,
shift,
pick,
rotate,
swap,
peripheral,
different,
touch,
display,
AI,
key,
mode,
various,
multiple,
remote,
command,
button,
input,
effect,
switch,
light,
arrow,
motor,
wire,
icon,
display,
field,
sensor,
screen,
operator,
driver,
human,
prefer,
share,
enjoy,
voice,
playback,
view,
speech,
button,
phone,
app,
#,
person,
adult,
patient,
Google,
Microsoft,
API,
#,
#,
#,
#,
algorithm,
improve,
enhance,
boost,
expand,
extend,
advance,
assist,
consumer,
drive,
sensory,
passenger,
satisfaction,
productivity,
comfort,
take,
take,
on,
full,
make,
account,
view,
charge,
stock,
respective,
many,
diverse,
differ,
vary,
task,
behaviour,
routine,
instruction,
demand,
provide,
cost,
supply,
determine,
assess,
flight,
#,
organizational,
age,
group,
community,
population,
organisation,
band,
movement,
logistic,
entertainment,
education,
desire,
three,
association,
enter,
extension,
socket,
string,
additional,
alternate,
new,
equal,
external,
equivalent,
suitable,
additional,
possible,
logical,
complementary,
description,
support,
representation,
compatibility,
medium,
medium,
multimedia,
#,
#,
include,
container,
presentation,
photo,
animation,
video,
movie,
sound,
drawing,
film,
equip,
xml,
tag,
menu,
character,
like,
ex,
co,
end,
sub,
side,
Non,
micro,
provider,
manager,
maker,
draw,
pull,
build,
sign,
dial,
write,
pop,
open,
custom,
facebook,
profile,
contact,
fee,
assign,
expose,
add,
introduce,
fund,
funding,
money,
complex,
#,
compose,
form,
consist,
constitute,
comprise,
consist,
consist,
independent,
phase,
base,
incorporate,
service,
support,
deploy,
secure,
efficient,
expect,
intend,
say,
assume,
note,
dimensional,
axi,
bit,
d,
channel,
node,
step,
terminal,
tier,
logic,
linear,
hierarchy,
academic,
separate,
separate,
distinct,
split,
separation,
isolate,
separately,
apart,
detach,
differentiate,
integration,
disconnect,
exclude,
random,
single,
variable,
drive,
intensive,
mining,
pertain,
contribution,
proceeding,
matter,
transaction,
concern,
regard,
involve,
defendant,
prosecution,
plaintiff,
continue,
cease,
seek,
check,
record,
document,
verify,
disclose,
litigation,
chamber,
chamber,
room,
preserve,
verify,
promote,
prove,
continuity,
transparency,
stability,
clarity,
consistency,
participate,
engage,
aid,
aide,
disaster,
asset,
economic,
bankruptcy,
debt,
these,
human,
public,
computer,
social,
open,
its,
knowledge,
private,
certification,
fulfill,
satisfy,
bear,
expectation,
obligation,
practice,
a,
most,
any,
less,
very,
another,
symbol,
notation,
navigation,
mapping,
cable,
outside,
inside,
across,
around,
route,
confuse,
pair,
synonymous,
sign,
pilot,
diver,
driver,
developer,
visitor,
observer,
depend,
contingent,
rely,
depend,
depend,
conditional,
depend,
interest,
perspective,
nautical,
maritime,
marine,
aviation,
engineering,
ease,
capable,
likelihood,
intention,
several,
observe,
explore,
competition,
curriculum,
programme,
govern,
test,
assess,
certify,
review,
evaluate,
four,
follow,
five,
follow,
usual,
cultural,
educational,
also,
consumption,
play,
play,
serve,
hold,
play,
occupy,
perform,
fill,
carry,
assume,
role,
factor,
role,
influence,
importance,
ingredient,
so,
assume,
difference,
clause,
paragraph,
condition,
dimension,
government,
council,
EU,
country,
Commission,
society,
organisation,
association,
Minister,
demonstrate,
degree,
rate,
amount,
margin,
governance,
border,
environmental,
effective,
overall,
crowd,
centralize,
#,
initiative,
transfer,
movement,
exchange,
transfer,
passage,
grid,
telephone,
air,
satellite,
ground,
ip,
enable,
h,
t,
dot,
inch,
editing,
screen,
print,
graphic,
read,
picture,
write,
programming,
action,
animation,
character,
process,
interpretation,
type,
passage,
manuscript,
corpus,
manuscript,
improve,
assist,
undertake,
factor,
whether,
namely,
without,
avoid,
especially,
formation,
repetition,
publication,
#,
piece,
clip,
burst,
fragment,
pause,
division,
break,
split,
subdivision,
divide,
fold,
group,
reduction,
break,
narrative,
story,
segment,
portion,
collection,
placement,
small,
large,
brief,
usually,
simply,
directly,
either,
often,
shape,
dialogue,
descriptive,
#,
#,
#,
#,
#,
#,
hold,
carry,
operate,
avoid,
leave,
continuous,
clear,
active,
rail,
feasible,
applicable,
permit,
reasonable,
duration,
benefit,
lifetime,
entity,
institution,
jurisdiction,
apply,
belong,
refer,
assign,
respond,
contribute,
operate,
occur,
contain,
give,
collect,
deliver,
offer,
publish,
present,
indicator,
topic,
duty,
coordinate,
position,
file,
report,
resolution,
request,
order,
summary,
pende,
schedule,
scheduling,
investigate,
clear,
postpone,
confirm,
special,
emergency,
priority,
routine,
arrest,
charge,
hearing,
help,
enable,
allow,
encourage,
encourage,
assist,
train,
commander,
think,
behave,
efficiently,
well,
proceed,
deal,
effort,
touch,
window,
control,
red,
view,
video,
flat,
#,
patch,
filter,
#,
#,
script,
omit,
ignore,
disable,
discontinue,
discourage,
ban,
delete,
absent,
silent,
close,
eliminate,
overlook,
convey,
reveal,
pass,
hint,
insight,
comment,
camera,
3d,
art,
specifically,
strategy,
mechanism,
mean,
suppose,
advocate,
compensate,
improvement,
cite,
occur,
encounter,
acquire,
access,
reference,
mention,
affect,
visit,
literature,
assumption,
ground,
premise,
assumption,
premise,
hypothesis,
length,
decade,
citation,
correlate,
increase,
comparable,
high,
reduce,
great,
similar,
measure,
low,
decrease,
stay,
survive,
go,
succeed,
cover,
#,
exceed,
as,
0,
even,
quarter,
contract,
span,
share,
easy,
easy,
future,
collaboration,
discovery,
convenience,
chat,
youtube,
blog,
matrix,
diagram,
row,
modify,
adjust,
alter,
replace,
edit,
shrink,
turn,
save,
drop,
appear,
equation,
formula,
similarity,
#,
depict,
summarize,
demonstrate,
figure,
chart,
table,
graph,
figure,
#,
#,
#,
noise,
#,
#,
#,
#,
distinguish,
represent,
highlight,
contrast,
reveal,
show,
graphic,
spatial,
plot,
mathematical,
space,
newspaper,
gap,
distance,
overlap,
gap,
boundary,
divide,
angle,
ratio,
width,
bit,
together,
become,
get,
grow,
remain,
seem,
become,
go,
rotation,
decomposition,
growth,
transformation,
expansion,
surface,
difficult,
impossible,
dangerous,
problematic,
meaningful,
cause,
emit,
intercept,
act,
rely,
comment,
look,
frown,
agree,
decide,
remark,
judge,
fire,
listener,
observer,
viewer,
intercept,
ignore,
encounter,
India,
Mexico,
Singapore,
Afghanistan,
Pakistan,
China,
Washington,
sweden,
France,
Canada,
adapt,
manipulate,
speak,
talk,
signal,
attend,
cater,
threat,
call,
crime,
problem,
riot,
jail,
free,
recovery,
spare,
leisure,
waste,
waste,
real,
library,
comprise,
encompasse,
represent,
define,
determine,
designate,
prescribe,
color,
rating,
compression,
may,
stick,
common,
belong,
spread,
lead,
reader,
cover,
graph,
idea,
head,
lack,
implement,
employ,
maintain,
invite,
challenge,
navigate,
make,
keep,
make,
leave,
bring,
coverage,
business,
company,
researcher,
analyst,
ask,
permit,
force,
tell,
invite,
sort,
assignment,
project,
payment,
report,
alert,
survey,
report,
make,
keep,
make,
be,
careful,
prepare,
face,
midst,
face,
eye,
wake,
advance,
modern,
advance,
emerge,
low,
exist,
poor,
equation,
map,
favor,
favour,
anticipation,
optimal,
price,
note,
†,
source,
§,
source,
‡,
put,
have,
place,
get,
read,
monitor,
set,
be,
Map,
both,
list,
fly,
chart,
board,
magazine,
journal,
external,
obey,
match,
fit,
convention,
establish,
state,
mechanical,
comply,
coincide,
cooperate,
come,
begin,
accord,
antenna,
guarantee,
deem,
reliability,
reception,
car,
station,
situate,
tell,
inform,
tell,
remind,
show,
inform,
remind,
warn,
exactly,
conversation,
segment,
panel,
grant,
speaker,
host,
presenter,
listener,
guest,
reminder,
conceptual,
loop,
viewpoint,
#,
relevance,
implication,
ready,
accessible,
transparent,
target,
flexible,
Linux,
java,
Unix,
friendly,
aware,
wide,
impose,
constraint,
limitation,
overhead,
censorship,
limitation,
penalty,
barrier,
host,
print,
#,
guide,
box,
magazine,
advertisement,
cut,
switch,
turn,
leave,
burn,
rip,
strip,
drop,
sell,
round,
break,
wear,
editor,
owner,
try,
export,
appreciate,
familiar,
satisfy,
comfortable,
confront,
unfamiliar,
happy,
experiment,
face,
concern,
script,
prohibit,
recommend,
mention,
justify,
mandate,
sell,
artifact,
body,
coin,
victim,
card,
prisoner,
permit,
ask,
expect,
direct,
invite,
urge,
firm,
attempt,
visit,
decision,
purchase,
trip,
move,
effort,
arrangement,
solve,
resolve,
confirm,
file,
title,
personal,
electronic,
business,
property,
category,
publishing,
online,
advise,
administrator,
provider,
system,
service,
gain,
liability,
private,
sector,
be,
building,
coordinate,
road,
comprehensive,
historical,
geological,
architectural,
statistical,
regional,
city,
topography,
weather,
landscape,
recommend,
visually,
ship,
extent,
abstract,
abbreviate,
aerial,
#,
#,
#,
illustration,
review,
archive,
office,
board,
paper,
wish,
refuse,
fail,
desire,
wait,
tend,
scan,
translate,
complete,
process,
email,
call,
tv,
administrator,
wish,
decide,
agree,
choose,
want,
intend,
like,
initiate,
android,
package,
practitioner,
simple,
virtual,
phrase,
mean,
indicate,
imply,
say,
suggest,
emphasize,
denote,
crash,
red,
hot,
boot,
FALSE,
old,
#,
#,
alter,
damage,
manipulate,
reproduce,
copy,
interpret,
otherwise,
indirectly,
intentionally,
remotely,
illegally,
manually,
automatically,
independently,
authority,
modification,
replication,
transfer,
convert,
return,
move,
attach,
revert,
migrate,
upload,
copy,
copy,
disturb,
discover,
remain,
stay,
stay,
page,
change,
type,
chapter,
order,
subject,
dog,
swimmer,
infant,
difficulty,
difficulty,
trouble,
disability,
trouble,
ability,
see,
shape,
colour,
tone,
marking,
paint,
variation,
disorder,
spot,
difference,
near,
pitch,
double,
color,
sight,
flash,
blue,
white,
partial,
blind,
block,
sensitive,
wise,
switch,
sensitivity,
shift,
generally,
maximum,
letter,
sheet,
strip,
leaf,
fix,
calculate,
represent,
illustrate,
orientation,
responsible,
adequate,
plan,
list,
loss,
removal,
location,
management,
release,
hide,
center,
room,
arrangement,
position,
geometry,
it,
everything,
map,
trust,
guide,
prevent,
pace,
surface,
retrieve,
move,
sunday,
later,
first,
\,
early,
#,
#,
10,
#,
#,
12,
#,
#,
#,
#,
#,
#,
#,
#,
#,
semester,
season,
week,
exclude,
unique,
contact,
mark,
deny,
acknowledge,
conceal,
existence,
validity,
whereabout,
click,
click,
rely,
click,
sit,
work,
turn,
retrieve,
obtain,
discover,
progress,
shoot,
cartridge,
weapon,
gun,
bomb,
song,
prompt,
submit,
trigger,
open,
trail,
log,
introduce,
activate,
restore,
trigger,
predict,
violation,
supervision,
publish,
trail,
tree,
incentive,
avenue,
excuse,
outlet,
programmer,
vendor,
upgrade,
upgrade,
bug,
fault,
defect,
unnecessary,
defect,
return,
immediately,
resume,
seek,
kit,
manager,
employee,
impact,
view,
health,
replacement,
career,
taste,
grade,
pre,
post,
sufficient,
inadequate,
insufficient,
enhance,
organize,
distinction,
determination,
recommendation,
visible,
less,
equally,
highly,
particularly,
sufficiently,
registry,
methodology,
syntax,
teach,
market,
standard,
foundation,
forum,
cooperation,
architecture,
manager,
unit,
program,
center,
structure,
would,
must,
shall,
could,
help,
go,
evolve,
accordingly,
appropriately,
specification,
parallel,
#,
b,
debate,
immediate,
surround,
conference,
agreement,
patent,
contract,
constitute,
comprise,
requirement,
afford,
relation,
correspondence,
address,
contain,
inherent,
embed,
library,
load,
store,
install,
#,
legislation,
regulation,
agreement,
decide,
airport,
broadband,
[,
lawyer,
prisoner,
judge,
prosecutor,
inability,
refusal,
attempt,
unable,
permission,
grant,
deny,
grant,
entrance,
admission,
immunity,
infringement,
commit,
allege,
prove,
admit,
correct,
claim,
constitute,
violation,
elsewhere,
fraud,
congestion,
denial,
involve,
imply,
suggest,
purchase,
creative,
ad,
advertising,
prepare,
generation,
scenario,
aftermath,
event,
battery,
fail,
degradation,
accident,
restart,
restore,
terminate,
perfect,
constant,
॥,
quality,
feature,
classification,
resolution,
composition,
study,
analysis,
shade,
form,
bear,
hold,
carry,
mind,
hand,
handwriting,
temporal,
linguistic,
literary,
height,
award,
total,
zero,
critical,
high,
good,
well,
great,
conscious,
multitude,
cognitive,
mental,
manual,
essential,
acquire,
capture,
scenery,
minimal,
minimize,
significant,
restrict,
unlimited,
capacity,
faculty,
attitude,
behavior,
intention,
brain,
serial,
optimization,
engine,
host,
scientific,
theoretical,
spirit,
philosophy,
wheel,
thread,
#,
characterization,
flight,
#,
#,
#,
#,
#,
clock,
calendar,
average,
collect,
justification,
expert,
demand,
cause,
conduct,
connect,
serve,
patient,
exhibit,
attain,
precision,
push,
jump,
transform,
convert,
transmitter,
application,
virtual,