refer,TRUE
belong,TRUE
refer,TRUE
call,TRUE
refer,TRUE
lead,TRUE
link,TRUE
refer,TRUE
assign,TRUE
point,TRUE
link,TRUE
correspond,TRUE
#,FALSE
group,TRUE
set,TRUE
network,TRUE
pair,TRUE
number,TRUE
subset,TRUE
class,TRUE
collection,TRUE
community,TRUE
list,TRUE
group,TRUE
team,TRUE
type,TRUE
category,TRUE
system,TRUE
people,TRUE
user,TRUE
individual,TRUE
member,TRUE
person,TRUE
group,TRUE
participant,TRUE
player,TRUE
customer,TRUE
party,TRUE
consumer,TRUE
listener,TRUE
organization,TRUE
company,TRUE
subscriber,TRUE
wish,TRUE
want,TRUE
agree,TRUE
choose,TRUE
attempt,TRUE
tend,TRUE
like,TRUE
prefer,TRUE
need,TRUE
try,TRUE
intend,FALSE
use,TRUE
continue,TRUE
share,TRUE
give,TRUE
provide,TRUE
send,TRUE
offer,TRUE
transmit,TRUE
exchange,TRUE
use,TRUE
supply,TRUE
assign,TRUE
deliver,TRUE
allow,TRUE
make,TRUE
channel,TRUE
protocol,FALSE
message,TRUE
method,TRUE
server,FALSE
resource,FALSE
signal,TRUE
service,TRUE
information,FALSE
connection,TRUE
create,TRUE
call,TRUE
generate,TRUE
form,FALSE
another,FALSE
produce,TRUE
control,TRUE
define,TRUE
become,TRUE
one,FALSE
per,TRUE
every,TRUE
datum,TRUE
service,TRUE
term,TRUE
viewer,TRUE
station,TRUE
broadcaster,TRUE
voter,TRUE
student,TRUE
team,TRUE
communicate,TRUE
work,TRUE
move,TRUE
travel,TRUE
search,TRUE
coordinate,TRUE
collaborate,TRUE
switch,TRUE
navigate,TRUE
alternate,TRUE
rotate,FALSE
mix,TRUE
cooperate,TRUE
operate,TRUE
broadcast,TRUE
direct,TRUE
online,FALSE
video,TRUE
print,TRUE
public,TRUE
visual,TRUE
technical,TRUE
electronic,FALSE
voice,TRUE
medium,TRUE
radio,TRUE
digital,TRUE
commercial,TRUE
international,TRUE
distribute,TRUE
wireless,TRUE
share,FALSE
collaborative,FALSE
structure,FALSE
free,FALSE
alternative,FALSE
secure,TRUE
parallel,FALSE
remote,FALSE
satellite,FALSE
open,TRUE
option,TRUE
strategy,TRUE
method,TRUE
goal,TRUE
operation,TRUE
episode,TRUE
game,TRUE
case,TRUE
version,TRUE
way,TRUE
instance,TRUE
scenario,TRUE
situation,TRUE
story,TRUE
mode,FALSE
book,FALSE
scene,TRUE
mission,FALSE
stage,TRUE
need,TRUE
attempt,FALSE
try,TRUE
manage,TRUE
begin,TRUE
appear,TRUE
decide,TRUE
continue,TRUE
want,TRUE
seem,TRUE
need,TRUE
convey,TRUE
get,TRUE
pass,TRUE
leave,TRUE
relay,TRUE
write,TRUE
spread,TRUE
carry,TRUE
release,TRUE
letter,TRUE
warn,TRUE
text,TRUE
note,TRUE
report,TRUE
request,TRUE
response,TRUE
reply,TRUE
word,TRUE
bullet,TRUE
threat,TRUE
email,TRUE
base,TRUE
organization,FALSE
station,FALSE
facility,FALSE
room,TRUE
build,TRUE
city,TRUE
unit,FALSE
area,TRUE
camp,FALSE
the,TRUE
this,FALSE
a,FALSE
each,TRUE
every,TRUE
that,TRUE
another,TRUE
number,TRUE
message,TRUE
traffic,TRUE
address,TRUE
unit,TRUE
number,FALSE
code,TRUE
call,FALSE
train,TRUE
code,TRUE
block,FALSE
arrive,TRUE
appear,TRUE
begin,TRUE
start,FALSE
end,FALSE
come,FALSE
occur,FALSE
stop,TRUE
terminate,TRUE
originate,TRUE
commence,TRUE
arrive,TRUE
enter,TRUE
reside,TRUE
time,TRUE
location,TRUE
point,TRUE
moment,TRUE
place,TRUE
time,TRUE
destination,FALSE
date,FALSE
address,FALSE
position,TRUE
frequency,FALSE
level,TRUE
site,TRUE
italic,TRUE
#,TRUE
return,TRUE
particular,TRUE
person,TRUE
write,TRUE
example,TRUE
simplicity,TRUE
example,TRUE
comparison,TRUE
we,TRUE
convenience,FALSE
illustration,TRUE
belong,TRUE
belong,TRUE
go,TRUE
correspond,FALSE
lead,FALSE
belong,FALSE
agent,TRUE
domain,TRUE
entity,TRUE
database,TRUE
node,FALSE
program,FALSE
agency,TRUE
model,TRUE
relate,TRUE
apply,TRUE
connect,TRUE
respond,FALSE
extend,FALSE
translate,TRUE
contribute,FALSE
bind,FALSE
communication,FALSE
packet,FALSE
communication,TRUE
transmission,FALSE
route,FALSE
connection,FALSE
share,TRUE
switch,FALSE
packet,FALSE
network,TRUE
signal,TRUE
network,TRUE
manner,TRUE
fashion,TRUE
sense,TRUE
format,TRUE
context,TRUE
capacity,TRUE
degree,TRUE
state,TRUE
conversation,FALSE
file,TRUE
content,TRUE
document,TRUE
originate,FALSE
come,FALSE
originate,FALSE
arrive,FALSE
arise,FALSE
start,TRUE
travel,FALSE
pass,TRUE
flow,TRUE
stem,TRUE
come,TRUE
exist,TRUE
occur,TRUE
originate,TRUE
internet,TRUE
internet,FALSE
ip,FALSE
computer,FALSE
web,FALSE
web,FALSE
connect,TRUE
common,TRUE
it,TRUE
source,TRUE
provider,TRUE
page,TRUE
gateway,TRUE
send,FALSE
route,FALSE
transmit,FALSE
deliver,FALSE
transfer,FALSE
transport,FALSE
carry,FALSE
pass,FALSE
direct,TRUE
trace,TRUE
link,TRUE
return,TRUE
host,TRUE
member,TRUE
session,TRUE
port,TRUE
user,TRUE
broadband,TRUE
',TRUE
node,TRUE
channel,TRUE
operator,TRUE
device,TRUE
computer,TRUE
system,TRUE
country,FALSE
program,TRUE
zone,TRUE
#,TRUE
office,FALSE
region,FALSE
line,TRUE
jurisdiction,TRUE
neighborhood,TRUE
receive,TRUE
receive,TRUE
same,TRUE
send,TRUE
message,TRUE
state,FALSE
#,TRUE
it,TRUE
#,TRUE
usc,TRUE
consider,TRUE
require,TRUE
delay,TRUE
avoid,TRUE
remember,FALSE
risk,TRUE
single,TRUE
receive,TRUE
either,TRUE
#,TRUE
request,FALSE
transmission,TRUE
signal,TRUE
feed,TRUE
feed,TRUE
receiver,TRUE
customer,TRUE
client,TRUE
caller,TRUE
carrier,TRUE
website,TRUE
send,TRUE
enter,TRUE
leave,TRUE
call,TRUE
join,TRUE
reach,TRUE
request,FALSE
transmit,FALSE
exit,FALSE
start,TRUE
answer,FALSE
launch,FALSE
accept,FALSE
local,TRUE
simultaneous,FALSE
package,FALSE
automate,FALSE
bandwidth,TRUE
delivery,TRUE
stream,FALSE
sms,TRUE
news,FALSE
live,TRUE
audio,TRUE
tv,TRUE
news,TRUE
multiple,TRUE
hybrid,TRUE
regional,TRUE
serial,TRUE
mobile,TRUE
independent,TRUE
implement,TRUE
perform,TRUE
use,TRUE
achieve,TRUE
make,TRUE
manage,TRUE
handle,TRUE
provide,TRUE
do,TRUE
maintain,TRUE
execute,TRUE
design,TRUE
possible,TRUE
conduct,TRUE
encryption,FALSE
technology,TRUE
probability,TRUE
performance,FALSE
intention,FALSE
instruction,FALSE
note,FALSE
copy,FALSE
follow,FALSE
accompany,TRUE
issue,FALSE
give,TRUE
specify,FALSE
read,TRUE
sign,FALSE
support,TRUE
affect,FALSE
party,TRUE
device,TRUE
operator,TRUE
authority,FALSE
write,FALSE
build,TRUE
base,TRUE
develop,FALSE
program,FALSE
create,TRUE
construct,FALSE
publish,TRUE
code,TRUE
available,TRUE
compose,TRUE
run,TRUE
provide,TRUE
contain,TRUE
include,TRUE
define,TRUE
use,TRUE
describe,FALSE
implement,TRUE
incorporate,TRUE
comprise,TRUE
form,TRUE
feature,TRUE
offer,FALSE
represent,FALSE
construction,FALSE
training,TRUE
development,TRUE
build,TRUE
language,TRUE
design,FALSE
tool,TRUE
programming,FALSE
building,TRUE
instruction,TRUE
task,TRUE
environment,TRUE
rule,TRUE
block,TRUE
tree,TRUE
foundation,FALSE
structure,TRUE
step,TRUE
framework,FALSE
environment,FALSE
tool,TRUE
condition,TRUE
manage,TRUE
create,TRUE
describe,TRUE
communicating,TRUE
design,TRUE
identify,TRUE
connect,TRUE
implement,TRUE
interact,TRUE
track,TRUE
represent,TRUE
agent,TRUE
transaction,TRUE
model,TRUE
relationship,TRUE
algorithm,TRUE
structure,TRUE
script,TRUE
application,TRUE
interaction,TRUE
relation,TRUE
interaction,TRUE
interface,TRUE
contact,TRUE
relationship,TRUE
coordination,FALSE
argument,TRUE
actor,TRUE
developer,FALSE
client,TRUE
entity,TRUE
object,TRUE
agent,TRUE
command,TRUE
event,TRUE
action,TRUE
variable,TRUE
process,TRUE
value,TRUE
decision,FALSE
law,TRUE
contain,TRUE
present,TRUE
express,TRUE
store,TRUE
embed,TRUE
generate,TRUE
include,TRUE
present,TRUE
find,FALSE
encode,FALSE
convey,TRUE
process,TRUE
application,FALSE
interface,FALSE
relate,TRUE
protocol,FALSE
television,TRUE
cellular,TRUE
different,FALSE
communicate,TRUE
feed,FALSE
host,TRUE
destination,TRUE
server,FALSE
location,FALSE
recipient,TRUE
port,TRUE
site,TRUE
instance,TRUE
receiver,TRUE
MAC,TRUE
physical,TRUE
simple,FALSE
Digital,TRUE
new,TRUE
text,TRUE
datum,TRUE
#,TRUE
#,TRUE
#,TRUE
advance,TRUE
#,TRUE
efficient,TRUE
special,TRUE
reliable,TRUE
processing,TRUE
storage,TRUE
management,TRUE
compression,TRUE
identification,TRUE
pass,TRUE
transfer,TRUE
recognition,TRUE
encode,FALSE
handle,TRUE
security,TRUE
similar,TRUE
support,TRUE
report,TRUE
filter,TRUE
capability,TRUE
solution,TRUE
technique,FALSE
capability,TRUE
mechanism,FALSE
facility,TRUE
software,TRUE
domain,TRUE
we,FALSE
include,FALSE
possess,TRUE
gain,TRUE
acquire,TRUE
retain,TRUE
hold,TRUE
maintain,TRUE
ability,TRUE
right,TRUE
option,FALSE
decision,TRUE
command,TRUE
failure,TRUE
submit,TRUE
accept,TRUE
automatically,FALSE
reject,FALSE
refuse,TRUE
also,TRUE
initiate,TRUE
register,TRUE
handle,TRUE
file,FALSE
email,FALSE
mail,TRUE
external,FALSE
#,FALSE
#,TRUE
information,TRUE
content,FALSE
code,FALSE
mail,FALSE
word,TRUE
file,FALSE
valid,TRUE
protect,FALSE
allow,FALSE
accessible,TRUE
TRUE,TRUE
empty,TRUE
amount,TRUE
transmitter,TRUE
receive,TRUE
global,TRUE
other,TRUE
peer,TRUE
market,TRUE
you,TRUE
grant,TRUE
access,FALSE
right,TRUE
edit,FALSE
save,TRUE
what,TRUE
name,TRUE
link,TRUE
delete,TRUE
block,FALSE
intercept,TRUE
invalid,TRUE
unavailable,TRUE
unknown,TRUE
anonymous,TRUE
copy,FALSE
know,TRUE
assume,TRUE
know,TRUE
say,TRUE
see,TRUE
find,FALSE
believe,FALSE
think,FALSE
conclude,TRUE
check,FALSE
suggest,FALSE
suppose,TRUE
expect,FALSE
player,FALSE
driver,FALSE
machine,FALSE
voter,TRUE
algorithm,TRUE
know,TRUE
choose,FALSE
take,TRUE
create,FALSE
choose,FALSE
set,TRUE
get,TRUE
require,TRUE
key,TRUE
path,FALSE
function,TRUE
order,FALSE
sequence,TRUE
hand,TRUE
memory,TRUE
advance,FALSE
turn,TRUE
question,TRUE
reach,TRUE
achieve,FALSE
perform,TRUE
someone,TRUE
everyone,FALSE
woman,FALSE
resign,TRUE
exit,FALSE
stay,FALSE
join,TRUE
quit,TRUE
activate,FALSE
establish,TRUE
help,FALSE
#,FALSE
anyone,FALSE
decide,FALSE
pretend,FALSE
promise,FALSE
fail,TRUE
whether,TRUE
learn,FALSE
surrender,FALSE
participate,FALSE
reveal,TRUE
[,FALSE
company,FALSE
communication,FALSE
they,FALSE
enjoy,FALSE
guarantee,FALSE
ensure,FALSE
extend,FALSE
enable,TRUE
possibility,FALSE
requirement,FALSE
opportunity,FALSE
take,FALSE
broadcast,FALSE
stream,TRUE
source,FALSE
provider,FALSE
platform,TRUE
those,FALSE
user,TRUE
People,TRUE
researcher,FALSE
application,FALSE
student,FALSE
individual,FALSE
player,FALSE
anyone,TRUE
member,FALSE
team,TRUE
engineer,FALSE
system,TRUE
plan,TRUE
desire,FALSE
seek,TRUE
wish,TRUE
aim,TRUE
hope,TRUE
develop,FALSE
implement,FALSE
understand,TRUE
construct,TRUE
manage,TRUE
explore,TRUE
deploy,FALSE
project,TRUE
architecture,TRUE
model,TRUE
design,TRUE
work,TRUE
depend,TRUE
build,TRUE
engineering,TRUE
rely,TRUE
model,FALSE
run,TRUE
approach,TRUE
methodology,TRUE
principle,TRUE
concept,TRUE
technique,FALSE
paradigm,TRUE
standard,TRUE
theory,TRUE
require,FALSE
expect,TRUE
likely,FALSE
able,FALSE
say,TRUE
encourage,FALSE
assume,FALSE
consider,TRUE
bind,TRUE
report,FALSE
show,FALSE
ask,TRUE
knowledge,TRUE
understand,TRUE
experience,TRUE
grasp,FALSE
#,TRUE
appreciation,FALSE
#,FALSE
idea,TRUE
#,FALSE
concept,TRUE
view,TRUE
awareness,TRUE
acceptance,TRUE
#,FALSE
me,TRUE
c,TRUE
platform,FALSE
implementation,FALSE
object,TRUE
agent,TRUE
problem,TRUE
action,FALSE
project,FALSE
goal,FALSE
event,TRUE
solution,FALSE
orient,TRUE
drive,TRUE
specific,TRUE
center,FALSE
define,FALSE
language,TRUE
database,FALSE
logic,FALSE
java,TRUE
programming,FALSE
#,TRUE
#,FALSE
forward,TRUE
contract,TRUE
subordinate,TRUE
name,FALSE
target,TRUE
deal,TRUE
agency,FALSE
stakeholder,TRUE
division,TRUE
AI,TRUE
contain,FALSE
effort,TRUE
render,TRUE
detect,FALSE
MHz,TRUE
power,FALSE
mean,FALSE
execute,FALSE
management,FALSE
conflict,TRUE
democracy,FALSE
often,TRUE
success,FALSE
such,FALSE
thus,FALSE
survival,TRUE
development,TRUE
return,TRUE
tend,TRUE
period,FALSE
phenomenon,TRUE
condition,TRUE
transition,TRUE
change,FALSE
organizational,FALSE
administrative,FALSE
institutional,FALSE
business,TRUE
ownership,TRUE
leadership,TRUE
governance,TRUE
alone,TRUE
leader,FALSE
still,FALSE
manager,FALSE
often,TRUE
accomplish,FALSE
fulfill,FALSE
complete,TRUE
sustain,TRUE
improve,TRUE
meet,FALSE
former,TRUE
previous,TRUE
exist,TRUE
last,TRUE
original,TRUE
old,TRUE
incumbent,TRUE
#,TRUE
ask,FALSE
permit,TRUE
force,TRUE
advise,TRUE
assist,TRUE
attacker,TRUE
administrator,FALSE
individual,TRUE
employer,TRUE
observer,TRUE
officer,FALSE
expert,TRUE
applicant,TRUE
employee,FALSE
determine,TRUE
select,FALSE
specify,TRUE
judge,FALSE
indicate,FALSE
vote,FALSE
identify,FALSE
evaluate,FALSE
debate,FALSE
certain,FALSE
Broadcast,FALSE
hear,FALSE
direct,TRUE
control,TRUE
make,TRUE
hold,FALSE
Clear,TRUE
live,FALSE
listen,FALSE
read,TRUE
stop,FALSE
owner,FALSE
must,FALSE
may,FALSE
might,TRUE
could,TRUE
would,TRUE
can,TRUE
shall,FALSE
friend,FALSE
merge,FALSE
country,FALSE
cease,FALSE
tolerate,FALSE
prevent,TRUE
deny,TRUE
read,TRUE
view,TRUE
order,TRUE
chapter,TRUE
table,FALSE
part,FALSE
figure,FALSE
section,FALSE
level,TRUE
note,TRUE
step,FALSE
article,FALSE
version,FALSE
stage,FALSE
rule,FALSE
phase,FALSE
page,TRUE
method,FALSE
cover,TRUE
discuss,FALSE
give,TRUE
explain,FALSE
detail,FALSE
show,FALSE
general,FALSE
product,FALSE
conceptual,FALSE
quality,FALSE
requirement,TRUE
characteristic,FALSE
specification,FALSE
size,TRUE
placement,FALSE
definition,FALSE
#,FALSE
description,FALSE
selection,FALSE
purpose,FALSE
cost,TRUE
vision,TRUE
scope,TRUE
value,TRUE
potential,TRUE
active,TRUE
product,FALSE
functionality,FALSE
objective,TRUE
specification,FALSE
analysis,FALSE
usage,TRUE
integration,FALSE
interpretation,TRUE
limitation,TRUE
benefit,FALSE
advantage,FALSE
risk,FALSE
cost,TRUE
function,FALSE
matter,TRUE
article,FALSE
change,TRUE
change,TRUE
update,TRUE
key,TRUE
accord,FALSE
update,FALSE
improvement,TRUE
modification,TRUE
generation,TRUE
status,FALSE
availability,TRUE
version,FALSE
configuration,TRUE
history,FALSE
section,FALSE
table,FALSE
outline,TRUE
chapter,TRUE
summary,TRUE
entry,TRUE
overview,TRUE
paragraph,FALSE
present,FALSE
provide,TRUE
give,TRUE
explanation,TRUE
account,TRUE
archive,TRUE
image,FALSE
index,FALSE
introduction,FALSE
edition,TRUE
research,TRUE
to,TRUE
human,FALSE
within,FALSE
represent,FALSE
movement,TRUE
operation,FALSE
component,FALSE
engine,TRUE
engine,TRUE
allow,FALSE
prevent,FALSE
enable,FALSE
make,FALSE
reduce,FALSE
become,FALSE
stop,TRUE
ensure,TRUE
break,TRUE
follow,FALSE
mutual,FALSE
conditional,FALSE
opposite,FALSE
well,TRUE
indirect,TRUE
cell,TRUE
space,TRUE
layer,TRUE
field,FALSE
hear,TRUE
intercept,FALSE
note,FALSE
source,FALSE
example,TRUE
source,FALSE
exception,FALSE
indicate,FALSE
denote,FALSE
technical,TRUE
performance,FALSE
National,FALSE
general,TRUE
skill,FALSE
problem,FALSE
ability,FALSE
problem,TRUE
disorder,FALSE
skill,TRUE
difficulty,TRUE
behavior,TRUE
quality,FALSE
effect,TRUE
test,TRUE
speed,TRUE
meet,TRUE
determine,FALSE
correct,TRUE
adjust,FALSE
assess,TRUE
change,TRUE
address,TRUE
clear,TRUE
update,FALSE
replace,FALSE
resolve,FALSE
calculate,FALSE
satisfy,FALSE
complete,FALSE
conclusion,FALSE
completion,TRUE
result,TRUE
commencement,FALSE
begin,FALSE
outcome,TRUE
onset,FALSE
result,FALSE
phase,FALSE
class,FALSE
Act,FALSE
series,FALSE
season,FALSE
title,FALSE
grade,FALSE
formula,FALSE
part,FALSE
division,FALSE
schedule,TRUE
element,FALSE
opponent,FALSE
actor,TRUE
send,TRUE
deliver,FALSE
deliver,FALSE
write,FALSE
transfer,TRUE
recipient,FALSE
#,FALSE
generation,FALSE
medium,FALSE
technology,FALSE
Horizon,FALSE
york,FALSE
zealand,TRUE
technology,TRUE
world,TRUE
Delhi,FALSE
add,TRUE
contribute,TRUE
add,FALSE
add,TRUE
contribute,TRUE
addition,TRUE
lead,FALSE
respond,FALSE
addition,FALSE
extension,TRUE
term,TRUE
new,TRUE
replace,TRUE
make,TRUE
include,TRUE
add,TRUE
namely,TRUE
element,TRUE
area,TRUE
aspect,TRUE
mapping,TRUE
monitor,FALSE
host,TRUE
stream,TRUE
record,FALSE
scan,TRUE
surveillance,FALSE
conflict,TRUE
contact,FALSE
trouble,TRUE
crisis,TRUE
confusion,TRUE
separation,TRUE
war,TRUE
emergency,TRUE
disaster,FALSE
violence,FALSE
happen,FALSE
fail,FALSE
occur,TRUE
end,FALSE
proceed,TRUE
work,FALSE
part,FALSE
#,FALSE
inside,FALSE
representative,FALSE
outside,TRUE
half,TRUE
group,TRUE
band,TRUE
squad,FALSE
gang,TRUE
company,FALSE
privately,TRUE
secretly,TRUE
#,TRUE
urgent,TRUE
distress,TRUE
alarm,FALSE
immediate,TRUE
messenger,TRUE
leave,FALSE
depart,FALSE
leave,FALSE
leave,FALSE
escape,FALSE
remain,FALSE
close,TRUE
b,FALSE
d,FALSE
g,FALSE
p,FALSE
x,TRUE
t,TRUE
r,TRUE
f,FALSE
head,FALSE
none,FALSE
faction,TRUE
directly,FALSE
alert,TRUE
order,FALSE
join,FALSE
so,TRUE
remember,FALSE
consider,FALSE
except,FALSE
imagine,FALSE
mean,FALSE
y,FALSE
e,FALSE
q,TRUE
n,TRUE
j,FALSE
o,FALSE
h,FALSE
connect,TRUE
commit,TRUE
conform,TRUE
respond,TRUE
bind,TRUE
exhibit,TRUE
film,FALSE
exhibition,TRUE
issue,TRUE
study,FALSE
intend,TRUE
mean,TRUE
suppose,FALSE
authorize,TRUE
recommend,FALSE
permit,FALSE
schedule,FALSE
consult,FALSE
review,FALSE
approve,TRUE
submit,FALSE
hear,FALSE
accept,FALSE
see,FALSE
endorse,TRUE
author,FALSE
draft,TRUE
prepare,FALSE
senior,FALSE
political,TRUE
policy,FALSE
faculty,TRUE
presidential,TRUE
congressional,TRUE
legal,TRUE
academic,TRUE
government,FALSE
manager,FALSE
staff,FALSE
director,TRUE
leader,FALSE
director,TRUE
personnel,TRUE
official,TRUE
administrator,TRUE
officer,TRUE
representative,TRUE
worker,FALSE
author,FALSE
board,FALSE
committee,FALSE
crew,TRUE
council,TRUE
audience,TRUE
family,TRUE
board,FALSE
fellow,TRUE
want,TRUE
want,TRUE
want,TRUE
plan,FALSE
refuse,FALSE
have,TRUE
plan,FALSE
threaten,FALSE
want,FALSE
wish,FALSE
desire,FALSE
reform,FALSE
country,FALSE
world,FALSE
army,FALSE
school,FALSE
house,TRUE
prison,TRUE
later,FALSE
Peter,TRUE
johnny,FALSE
finally,FALSE
Tom,TRUE
Adam,FALSE
David,TRUE
agree,TRUE
ask,TRUE
volunteer,TRUE
keep,TRUE
abandon,TRUE
destroy,FALSE
phone,TRUE
bank,TRUE
ship,TRUE
two,TRUE
investor,FALSE
operative,FALSE
win,FALSE
obtain,FALSE
collect,FALSE
fee,FALSE
reward,FALSE
payment,FALSE
bonus,FALSE
salary,FALSE
license,FALSE
credit,FALSE
commission,FALSE
loan,FALSE
favor,TRUE
certificate,TRUE
cooperation,FALSE
employee,TRUE
applicant,TRUE
candidate,TRUE
paper,TRUE
statement,TRUE
outline,TRUE
outline,TRUE
list,FALSE
state,FALSE
describe,TRUE
main,TRUE
basic,FALSE
core,TRUE
minimum,FALSE
three,FALSE
major,TRUE
operational,FALSE
primary,FALSE
component,FALSE
strategy,FALSE
application,FALSE
certification,FALSE
iso,FALSE
software,FALSE
from,FALSE
advanced,FALSE
link,FALSE
use,FALSE
operation,FALSE
work,TRUE
service,TRUE
program,FALSE
service,FALSE
command,FALSE
print,FALSE
buy,TRUE
access,TRUE
drive,FALSE
transfer,FALSE
Signal,FALSE
character,
man,
item,
series,
one,
content,
inclusion,
rest,
presence,
manual,
overall,
detail,
functional,
practical,
regard,
documentation,
library,
facilitate,
govern,
execution,
creation,
realization,
behavior,
property,
follow,
support,
it,
this,
we,
you,
possess,
include,
provide,
gain,
acquire,
use,
retain,
get,
hold,
receive,
enjoy,
maintain,
ability,
option,
capability,
request,
application,
need,
requirement,
possibility,
system,
process,
method,
right,
algorithm,
program,
software,
create,
generate,
send,
handle,
run,
transmit,
support,
manage,
perform,
execute,
implement,
make,
#,
datum,
service,
file,
message,
information,
#,
message,
datum,
information,
content,
code,
text,
mail,
code,
word,
file,
call,
transmit,
send,
valid,
receive,
use,
available,
distribute,
read,
execute,
encode,
protect,
allow,
deliver,
accessible,
sign,
TRUE,
empty,
viewer,
user,
station,
listener,
broadcaster,
people,
voter,
subscriber,
student,
team,
customer,
player,
participant,
communicate,
work,
choose,
move,
travel,
search,
coordinate,
collaborate,
switch,
navigate,
alternate,
rotate,
mix,
cooperate,
operate,
broadcast,
direct,
online,
video,
print,
public,
visual,
technical,
electronic,
voice,
medium,
radio,
digital,
commercial,
international,
wireless,
share,
collaborative,
structure,
network,
free,
alternative,
secure,
parallel,
remote,
satellite,
open,
option,
strategy,
method,
goal,
service,
operation,
behind,
within,
follow,
game,
head,
draw,
movement,
action,
able,
require,
possible,
unable,
guarantee,
permit,
expect,
necessary,
need,
ready,
suppose,
access,
write,
install,
complete,
find,
understand,
download,
save,
see,
develop,
value,
number,
base,
function,
agent,
#,
#,
agent,
#,
#,
pass,
deliver,
convey,
relay,
carry,
give,
forward,
threat,
message,
contract,
task,
subordinate,
resource,
relationship,
decision,
position,
name,
risk,
target,
deal,
member,
organization,
party,
group,
agency,
individual,
actor,
person,
entity,
unit,
stakeholder,
division,
guarantee,
way,
reason,
evidence,
proof,
doubt,
problem,
question,
indication,
explanation,
chance,
case,
danger,
attacker,
receiver,
user,
computer,
NSA,
device,
server,
operator,
transmitter,
machine,
player,
recipient,
intercept,
retrieve,
identify,
detect,
return,
obtain,
recover,
hear,
version,
send,
direct,
control,
command,
Broadcast,
print,
read,
buy,
access,
drive,
transfer,
Signal,
if,
where,
here,
so,
know,
consider,
define,
introduce,
require,
offer,
want,
tool,
mechanism,
feature,
requirement,
technique,
detail,
rule,
concept,
solution,
component,
security,
encryption,
communication,
protection,
communication,
communicating,
implementation,
security,
operation,
privacy,
system,
interception,
password,
key,
text,
email,
database,
management,
delivery,
exchange,
control,
context,
example,
sense,
practice,
absence,
instance,
concept,
theory,
manner,
limit,
convention,
simple,
highly,
single,
multiple,
fully,
simultaneous,
use,
one,
symmetric,
binary,
continuous,
standard,
traditional,
dynamic,
#,
network,
protocol,
server,
protocol,
technology,
assume,
say,
expect,
suppose,
show,
conclude,
observe,
realize,
individual,
entity,
administrator,
agent,
actor,
interpreter,
author,
object,
employee,
applicant,
enemy,
party,
node,
channel,
client,
transaction,
person,
trust,
contact,
ask,
exploit,
manipulate,
assign,
hire,
transmission,
authorization,
input,
location,
command,
address,
record,
connection,
private,
identity,
unique,
different,
common,
match,
organization,
sms,
alert,
agency,
send,
send,
deliver,
provide,
may,
exchange,
give,
letter,
instruction,
order,
report,
money,
word,
mail,
news,
question,
copy,
email,
area,
district,
#,
line,
station,
order,
general,
attempt,
place,
addition,
principle,
mind,
achieve,
packet,
packet,
traffic,
signal,
signal,
address,
request,
operate,
every,
physical,
local,
network,
device,
equipment,
infrastructure,
hardware,
appliance,
interface,
application,
product,
technology,
operator,
internet,
computer,
telephone,
cable,
usb,
internet,
pc,
ip,
cpu,
smart,
host,
sd,
memory,
credit,
punch,
call,
interface,
business,
controller,
architecture,
switch,
layer,
manager,
controller,
bus,
phone,
terminal,
embed,
mobile,
environment,
table,
vehicle,
platform,
mechanism,
accept,
follow,
utilize,
it,
AI,
state,
grant,
contain,
power,
effort,
produce,
render,
edit,
we,
someone,
everyone,
anyone,
try,
decide,
agree,
pretend,
refuse,
register,
promise,
fail,
appear,
whether,
learn,
continue,
copy,
help,
surrender,
leave,
participate,
reveal,
transfer,
[,
team,
customer,
caller,
bank,
ship,
',
two,
#,
usc,
country,
they,
stop,
avoid,
report,
allow,
cease,
start,
tolerate,
prevent,
begin,
deny,
another,
per,
receive,
call,
transmission,
feed,
feed,
broadcast,
carrier,
request,
leave,
enter,
read,
reach,
pass,
view,
transmit,
order,
exit,
join,
service,
failure,
capacity,
gateway,
#,
interaction,
conflict,
confrontation,
competition,
#,
#,
#,
encounter,
occur,
exist,
happen,
arise,
vary,
result,
originate,
form,
come,
flow,
partner,
element,
community,
example,
simplicity,
comparison,
convenience,
illustration,
contrast,
clarity,
short,
example,
member,
participant,
candidate,
reside,
belong,
live,
serve,
act,
play,
join,
invest,
remain,
state,
domain,
region,
zone,
territory,
set,
space,
community,
city,
population,
decide,
need,
want,
fail,
try,
attempt,
begin,
wish,
choose,
refuse,
start,
threaten,
happen,
explain,
prove,
change,
extend,
admit,
trace,
repeat,
result,
announcement,
agreement,
change,
event,
assignment,
acquisition,
call,
employer,
owner,
office,
must,
might,
could,
would,
can,
shall,
friend,
enter,
take,
stay,
go,
arrive,
merge,
exit,
terminate,
quit,
that,
management,
conflict,
democracy,
often,
success,
such,
thus,
survival,
development,
refer,
relate,
lead,
correspond,
refer,
apply,
point,
come,
refer,
return,
tend,
belong,
amount,
occur,
situation,
scenario,
period,
phenomenon,
condition,
transition,
time,
organizational,
administrative,
institutional,
ownership,
leadership,
governance,
group,
structure,
alone,
leader,
still,
often,
accomplish,
fulfill,
sustain,
improve,
meet,
former,
previous,
exist,
new,
last,
original,
old,
other,
incumbent,
link,
relate,
contribute,
respond,
translate,
connect,
route,
receiver,
connection,
fashion,
format,
mode,
degree,
link,
originate,
originate,
arrive,
arise,
come,
travel,
pass,
flow,
stem,
receive,
exist,
global,
television,
cellular,
source,
provider,
route,
communicate,
pass,
provide,
connect,
feed,
host,
destination,
node,
recipient,
peer,
location,
market,
#,
content,
output,
material,
program,
give,
issue,
present,
dispatch,
carry,
channel,
country,
area,
condition,
authority,
jurisdiction,
circumstance,
license,
episode,
story,
book,
scene,
mission,
stage,
manage,
appear,
continue,
seem,
spread,
release,
letter,
warn,
note,
response,
reply,
bullet,
facility,
room,
build,
unit,
camp,
refer,
assign,
set,
pair,
subset,
class,
collection,
list,
group,
type,
category,
consumer,
company,
wish,
tend,
like,
prefer,
intend,
share,
supply,
become,
term,
woman,
character,
man,
item,
field,
house,
series,
a,
the,
one,
purpose,
goal,
aim,
objective,
intent,
intention,
focus,
purpose,
scope,
idea,
role,
project,
article,
framework,
model,
module,
section,
tool,
document,
study,
specification,
describe,
evaluate,
update,
enhance,
guide,
review,
assess,
design,
capability,
characteristic,
functionality,
development,
activity,
nature,
principle,
behavior,
strategy,
function,
performance,
property,
aspect,
java,
web,
python,
xml,
product,
language,
Linux,
#,
#,
#,
chapter,
table,
part,
figure,
section,
level,
note,
step,
article,
version,
stage,
rule,
phase,
page,
method,
describe,
cover,
define,
include,
discuss,
explain,
show,
contain,
conceptual,
quality,
specification,
size,
placement,
definition,
#,
description,
selection,
experience,
cost,
vision,
approach,
end,
potential,
specific,
active,
use,
action,
objective,
analysis,
usage,
integration,
interpretation,
limitation,
benefit,
advantage,
risk,
cost,
matter,
each,
every,
another,
number,
number,
code,
train,
block,
commence,
arrive,
point,
moment,
time,
destination,
date,
frequency,
level,
site,
italic,
#,
particular,
write,
opponent,
assistant,
officer,
write,
make,
offer,
give,
note,
advice,
command,
#,
statement,
citizen,
employee,
radius,
and,
then,
now,
for,
but,
in,
give,
therefore,
after,
since,
element,
subgroup,
ring,
also,
say,
know,
actually,
state,
go,
get,
accord,
what,
name,
link,
delete,
block,
intercept,
invalid,
unavailable,
unknown,
anonymous,
page,
file,
know,
company,
communication,
ensure,
enable,
opportunity,
stream,
source,
provider,
platform,
extend,
bind,
share,
switch,
signal,
conversation,
originate,
web,
transfer,
transport,
direct,
trace,
link,
return,
session,
port,
broadband,
generation,
medium,
Horizon,
york,
zealand,
technology,
generation,
#,
world,
Delhi,
add,
contribute,
add,
add,
contribute,
addition,
lead,
respond,
extension,
package,
term,
create,
new,
replace,
provide,
make,
include,
add,
namely,
mean,
mapping,
monitor,
host,
stream,
scan,
track,
storage,
surveillance,
report,
website,
department,
company,
present,
keep,
submit,
prepare,
roster,
registry,
pool,
hierarchy,
record,
directory,
applicant,
go,
try,
likely,
willing,
attempt,
sure,
unlock,
job,
well,
release,
schedule,
title,
volume,
outline,
establish,
identify,
list,
definition,
provision,
#,
Act,
MHz,
year,
day,
plan,
convert,
reduce,
back,
straight,
audio,
day,
hour,
schedule,
beat,
rate,
air,
minute,
night,
speed,
hour,
plan,
those,
user,
People,
researcher,
application,
student,
individual,
player,
anyone,
member,
team,
engineer,
system,
desire,
seek,
wish,
hope,
build,
construct,
explore,
deploy,
model,
project,
programming,
model,
environment,
structure,
process,
design,
base,
build,
work,
depend,
build,
engineering,
rely,
model,
run,
methodology,
technique,
paradigm,
say,
encourage,
assume,
consider,
bind,
report,
find,
show,
ask,
knowledge,
understand,
grasp,
#,
appreciation,
#,
idea,
#,
view,
awareness,
acceptance,
#,
me,
c,
algorithm,
solution,
orient,
drive,
center,
define,
recognition,
language,
database,
logic,
processing,
programming,
to,
human,
represent,
engine,
engine,
#,
delay,
remember,
either,
start,
answer,
launch,
accept,
ensure,
enable,
promote,
support,
guarantee,
allow,
emphasize,
develop,
increase,
measure,
improve,
child,
society,
citizen,
man,
today,
human,
artist,
humanity,
government,
hold,
use,
make,
press,
Clear,
start,
speak,
stop,
get,
leave,
return,
save,
drop,
put,
keep,
seek,
speak,
sleep,
interact,
talk,
mate,
fight,
negotiate,
follow,
accompany,
specify,
support,
affect,
write,
implement,
design,
develop,
program,
create,
construct,
publish,
code,
make,
compose,
implement,
incorporate,
comprise,
form,
represent,
construction,
training,
building,
instruction,
block,
tree,
foundation,
step,
manage,
describe,
design,
identify,
connect,
implement,
interact,
represent,
transaction,
relationship,
script,
interaction,
relation,
contact,
coordination,
argument,
developer,
client,
object,
agent,
event,
variable,
value,
decision,
law,
contain,
express,
store,
generate,
include,
convey,
certificate,
address,
three,
four,
five,
relevant,
six,
authorize,
port,
region,
else,
otherwise,
neighborhood,
same,
facilitate,
permit,
govern,
execution,
creation,
realization,
property,
follow,
require,
set,
scheme,
s,
p,
d,
assign,
accord,
family,
federation,
it,
they,
receiver,
state,
you,
send,
receive,
transmit,
generate,
release,
return,
create,
deliver,
use,
accept,
provide,
produce,
enter,
datum,
information,
service,
file,
we,
this,
it,
AI,
possess,
include,
gain,
acquire,
retain,
hold,
grant,
contain,
control,
maintain,
ability,
attempt,
capability,
algorithm,
application,
need,
option,
request,
program,
power,
requirement,
method,
process,
right,
effort,
write,
implement,
handle,
read,
render,
manage,
edit,
support,
execute,
perform,
make,
agent,
individual,
operator,
attacker,
opponent,
enemy,
entity,
actor,
assistant,
employee,
object,
interpreter,
officer,
author,
send,
send,
give,
send,
deliver,
pass,
provide,
write,
make,
exchange,
offer,
receive,
give,
message,
instruction,
order,
letter,
mail,
signal,
note,
code,
advice,
message,
report,
command,
copy,
',
want,
decide,
want,
want,
want,
want,
try,
plan,
refuse,
have,
plan,
threaten,
want,
wish,
desire,
join,
leave,
lead,
help,
quit,
start,
save,
escape,
see,
become,
reform,
represent,
group,
gang,
team,
organization,
country,
world,
band,
army,
school,
game,
party,
city,
house,
agency,
prison,
also,
later,
Peter,
johnny,
finally,
Tom,
everyone,
Adam,
David,
agree,
need,
ask,
volunteer,
choose,
keep,
abandon,
stay,
exit,
destroy,
stop,
leave,
other,
squad,
section,
system,
list,
website,
department,
article,
office,
company,
page,
document,
service,
present,
give,
submit,
get,
prepare,
network,
database,
roster,
registry,
pool,
hierarchy,
number,
record,
trust,
directory,
community,
people,
individual,
agent,
person,
user,
customer,
member,
employee,
player,
citizen,
applicant,
anyone,
go,
try,
able,
likely,
suppose,
unable,
available,
willing,
attempt,
allow,
sure,
ready,
access,
find,
identify,
take,
retrieve,
obtain,
unlock,
open,
money,
job,
well,
name,
enjoy,
possibility,
software,
run,
#,
#,
that,
response,
reply,
link,
right,
call,
broadcast,
transmission,
direct,
another,
one,
text,
a,
voice,
refer,
relate,
correspond,
lead,
link,
refer,
relate,
apply,
contribute,
amount,
respond,
translate,
connect,
refer,
packet,
communication,
traffic,
packet,
network,
transmission,
communication,
route,
receiver,
connection,
way,
manner,
fashion,
sense,
format,
capacity,
form,
mode,
degree,
state,
context,
region,
case,
signal,
transmitter,
channel,
originate,
come,
originate,
arrive,
arise,
start,
come,
travel,
flow,
stem,
exist,
occur,
local,
radio,
wireless,
remote,
global,
internet,
television,
cellular,
mobile,
computer,
satellite,
ip,
connection,
address,
source,
provider,
node,
gateway,
server,
carrier,
station,
transmit,
distribute,
deliver,
route,
communicate,
pass,
share,
provide,
accessible,
common,
connect,
feed,
host,
destination,
address,
node,
server,
recipient,
peer,
party,
device,
participant,
location,
area,
domain,
environment,
exchange,
location,
market,
version,
part,
section,
chapter,
table,
release,
article,
schedule,
title,
rule,
level,
note,
figure,
volume,
step,
cover,
define,
describe,
include,
outline,
contain,
detail,
discuss,
establish,
identify,
the,
list,
requirement,
definition,
feature,
application,
aspect,
provision,
rule,
limitation,
use,
characteristic,
#,
Act,
standard,
order,
to,
People,
player,
human,
user,
within,
movement,
operation,
operation,
component,
engine,
engine,
behind,
follow,
head,
draw,
action,
write,
build,
implement,
base,
design,
develop,
program,
create,
construct,
publish,
code,
make,
compose,
implement,
incorporate,
comprise,
form,
represent,
build,
construction,
training,
development,
build,
language,
design,
tool,
time,
programming,
building,
instruction,
task,
block,
block,
model,
tree,
foundation,
structure,
step,
framework,
environment,
tool,
condition,
manage,
create,
describe,
communicating,
design,
identify,
connect,
implement,
interact,
track,
call,
represent,
transaction,
model,
program,
relationship,
algorithm,
structure,
system,
goal,
script,
interaction,
relation,
interaction,
interface,
contact,
relationship,
coordination,
argument,
actor,
developer,
client,
entity,
organization,
object,
agent,
event,
action,
variable,
process,
value,
decision,
law,
contain,
use,
express,
store,
embed,
generate,
include,
present,
receive,
find,
encode,
convey,
interface,
require,
need,
necessary,
introduce,
define,
employ,
utilize,
specify,
telecommunication,
Japan,
general,
particular,
java,
Malaysia,
India,
Europe,
Indonesia,
industry,
achieve,
communicate,
define,
facilitate,
example,
instance,
comparison,
example,
convenience,
simplicity,
fear,
Microsoft,
IBM,
Linux,
apple,
Google,
Pandora,
oracle,
python,
window,
Intel,
find,
get,
encounter,
record,
suffer,
cause,
register,
perform,
mutation,
failure,
loss,
crash,
collision,
change,
defect,
problem,
deficiency,
death,
fault,
bug,
break,
breach,
fire,
practice,
absence,
concept,
theory,
limit,
convention,
implementation,
simple,
secure,
highly,
single,
multiple,
fully,
simultaneous,
use,
symmetric,
binary,
continuous,
parallel,
traditional,
dynamic,
encryption,
#,
protocol,
security,
method,
protocol,
technology,
assume,
know,
say,
expect,
require,
suppose,
understand,
show,
conclude,
observe,
realize,
administrator,
agent,
applicant,
user,
device,
client,
transaction,
person,
recipient,
contact,
ask,
exploit,
manipulate,
assign,
hire,
choose,
authorization,
input,
command,
password,
record,
private,
key,
identity,
public,
unique,
different,
match,
someone,
viewer,
woman,
arrive,
resign,
appear,
come,
transfer,
activate,
establish,
#,
#,
#,
MHz,
year,
day,
station,
#,
add,
offer,
plan,
agreement,
convert,
switch,
allow,
set,
reduce,
live,
back,
free,
play,
stream,
video,
straight,
audio,
online,
day,
date,
hour,
schedule,
beat,
place,
rate,
air,
space,
minute,
night,
speed,
end,
hour,
#,
port,
gb,
module,
enable,
mean,
specify,
connect,
share,
port,
window,
path,
destination,
time,
bandwidth,
frequency,
mechanism,
transmit,
receive,
incoming,
get,
read,
issue,
request,
deliver,
write,
outgoing,
leave,
execute,
take,
carry,
output,
processing,
company,
communication,
guarantee,
ensure,
extend,
opportunity,
broadcast,
feed,
call,
request,
stream,
channel,
source,
provider,
platform,
message,
datum,
information,
content,
text,
code,
what,
name,
mail,
word,
link,
delete,
block,
intercept,
valid,
invalid,
unavailable,
unknown,
anonymous,
content,
copy,
file,
word,
know,
usc,
country,
continue,
avoid,
consider,
report,
cease,
risk,
tolerate,
prevent,
begin,
deny,
per,
feed,
caller,
customer,
player,
enter,
reach,
pass,
view,
order,
exit,
join,
point,
extend,
bind,
share,
switch,
signal,
network,
situation,
conversation,
originate,
internet,
web,
email,
web,
point,
site,
transfer,
transport,
carry,
direct,
trace,
link,
return,
host,
member,
session,
version,
broadband,
generation,
medium,
medium,
technology,
Horizon,
york,
zealand,
technology,
generation,
world,
Delhi,
add,
contribute,
belong,
add,
contribute,
addition,
lead,
respond,
addition,
category,
product,
extension,
package,
term,
unit,
new,
new,
replace,
provide,
make,
include,
add,
namely,
element,
area,
capability,
concept,
function,
mapping,
monitor,
host,
integration,
scan,
storage,
surveillance,
report,
case,
country,
situation,
instance,
language,
state,
scenario,
version,
circumstance,
variant,
jurisdiction,
network,
driver,
permit,
authorize,
oblige,
call,
monitor,
Broadcast,
many,
various,
certain,
several,
business,
proprietary,
consumer,
enterprise,
negotiation,
contract,
decision,
auction,
bid,
arbitration,
bid,
cost,
competition,
choice,
clearing,
orient,
side,
drive,
research,
cross,
penetration,
trading,
strategy,
approach,
technique,
solution,
approach,
strategy,
tactic,
work,
help,
play,
work,
go,
fit,
deal,
work,
work,
combine,
compare,
serve,
type,
kind,
style,
level,
sort,
class,
type,
news,
material,
give,
issue,
dispatch,
subscriber,
listener,
community,
operator,
authority,
jurisdiction,
license,
system,
project,
platform,
solution,
module,
architecture,
vehicle,
ensure,
enable,
promote,
support,
guarantee,
allow,
emphasize,
develop,
increase,
measure,
manage,
build,
improve,
management,
knowledge,
mechanism,
principle,
analysis,
understand,
child,
society,
citizen,
man,
today,
human,
artist,
humanity,
government,
read,
call,
control,
hold,
print,
send,
use,
make,
press,
Clear,
start,
speak,
stop,
access,
get,
leave,
return,
save,
drop,
put,
keep,
print,
format,
notation,
letter,
line,
direction,
item,
simple,
Digital,
digital,
#,
#,
advance,
#,
electronic,
efficient,
special,
reliable,
compression,
identification,
delivery,
recognition,
encode,
handle,
similar,
filter,
facility,
option,
domain,
computer,
scenario,
episode,
attempt,
appear,
seem,
continue,
begin,
tend,
convey,
pass,
relay,
carry,
spread,
warn,
note,
bullet,
detect,
resource,
broadcaster,
voter,
student,
team,
move,
travel,
search,
coordinate,
collaborate,
navigate,
alternate,
rotate,
mix,
cooperate,
operate,
print,
visual,
technical,
commercial,
international,
collaborative,
structure,
alternative,
believe,
think,
check,
suggest,
machine,
voter,
know,
take,
create,
choose,
set,
require,
function,
sequence,
hand,
memory,
advance,
turn,
question,
reach,
chapter,
table,
book,
paper,
part,
statement,
outline,
explain,
describe,
present,
main,
basic,
specific,
core,
minimum,
three,
major,
operational,
primary,
component,
application,
certification,
iso,
software,
from,
advanced,
link,
application,
operation,
work,
service,
program,
service,
reason,
evidence,
proof,
doubt,
indication,
explanation,
chance,
danger,
NSA,
intercept,
recover,
hear,
prevent,
reduce,
break,
affect,
become,
remove,
stop,
effect,
group,
speaker,
friend,
one,
belong,
talk,
belong,
commit,
respond,
belong,
speak,
exist,
listen,
go,
alliance,
follow,
site,
MAC,
physical,
#,
delay,
remember,
every,
either,
start,
answer,
launch,
accept,
principle,
mind,
operate,
equipment,
infrastructure,
hardware,
appliance,
product,
telephone,
cable,
usb,
pc,
cpu,
smart,
sd,
credit,
punch,
controller,
switch,
layer,
manager,
controller,
bus,
phone,
terminal,
utilize,
possible,
guarantee,
expect,
install,
complete,
download,
develop,
value,
base,
management,
conflict,
democracy,
often,
success,
such,
thus,
survival,
development,
return,
period,
phenomenon,
condition,
transition,
position,
organizational,
administrative,
institutional,
ownership,
leadership,
governance,
alone,
leader,
still,
often,
accomplish,
fulfill,
sustain,
improve,
meet,
former,
previous,
exist,
last,
original,
old,
incumbent,
overview,
summary,
outline,
show,
account,
assessment,
evaluation,
estimate,
inventory,
index,
illustration,
description,
potential,
current,
scope,
activity,
objective,
history,
parameter,
issue,
factor,
policy,
practice,
problem,
challenge,
effect,
impact,
affect,
influence,
impact,
govern,
determine,
shape,
comprise,
constitute,
inform,
drive,
influence,
benefit,
performance,
car,
facility,
aircraft,
stage,
phase,
page,
method,
conceptual,
quality,
specification,
size,
placement,
definition,
#,
selection,
purpose,
experience,
vision,
active,
functionality,
specification,
usage,
interpretation,
benefit,
advantage,
risk,
cost,
matter,
automate,
stream,
sms,
tv,
news,
hybrid,
regional,
serial,
independent,
perform,
achieve,
manage,
handle,
do,
maintain,
execute,
conduct,
probability,
intention,
so,
remember,
consider,
except,
imagine,
mean,
b,
c,
d,
g,
r,
y,
e,
p,
q,
n,
j,
o,
h,
f,
correspond,
conform,
bind,
#,
#,
we,
forward,
resource,
element,
event,
transfer,
number,
target,
#,
episode,
game,
case,
version,
way,
instance,
scenario,
situation,
story,
form,
mode,
book,
scene,
mission,
stage,
need,
attempt,
try,
manage,
begin,
appear,
decide,
continue,
want,
seem,
need,
send,
deliver,
give,
convey,
get,
pass,
communicate,
leave,
relay,
transmit,
write,
spread,
broadcast,
carry,
release,
message,
letter,
warn,
signal,
text,
call,
note,
report,
request,
response,
reply,
word,
bullet,
threat,
email,
group,
base,
organization,
station,
facility,
team,
room,
network,
system,
build,
city,
unit,
community,
area,
camp,
guarantee,
reason,
evidence,
proof,
requirement,
possibility,
doubt,
problem,
question,
indication,
explanation,
chance,
danger,
attacker,
receiver,
user,
computer,
NSA,
device,
server,
operator,
software,
transmitter,
machine,
player,
recipient,
access,
read,
find,
use,
receive,
intercept,
see,
retrieve,
identify,
detect,
return,
obtain,
recover,
hear,
datum,
information,
service,
use,
require,
necessary,
implement,
design,
create,
introduce,
define,
available,
provide,
employ,
utilize,
build,
specify,
telecommunication,
order,
communication,
Japan,
general,
particular,
java,
Malaysia,
communication,
India,
Europe,
Indonesia,
network,
industry,
provide,
create,
achieve,
implement,
represent,
generate,
define,
facilitate,
support,
produce,
make,
service,
signal,
#,
MHz,
year,
it,
day,
station,
#,
include,
possess,
add,
maintain,
retain,
hold,
offer,
enjoy,
acquire,
contain,
ability,
need,
option,
capability,
standard,
technology,
requirement,
application,
right,
plan,
agreement,
convert,
change,
run,
switch,
save,
record,
allow,
set,
manage,
reduce,
live,
back,
free,
play,
time,
stream,
direct,
video,
straight,
audio,
online,
ready,
day,
date,
hour,
schedule,
beat,
place,
rate,
air,
space,
minute,
night,
speed,
end,
hour,
#,
operation,
plan,
program,
state,
this,
#,
they,
ask,
require,
enable,
permit,
force,
advise,
assist,
administrator,
individual,
agent,
agency,
authority,
employer,
observer,
officer,
expert,
entity,
applicant,
employee,
decide,
choose,
determine,
select,
specify,
know,
judge,
indicate,
vote,
control,
decision,
consider,
evaluate,
debate,
accept,
print,
copy,
certain,
specific,
',
actor,
agent,
agent,
owner,
investor,
operative,
reject,
seek,
win,
take,
collect,
fee,
reward,
contract,
payment,
bonus,
grant,
salary,
license,
credit,
commission,
loan,
favor,
certificate,
cooperation,
people,
agency,
actor,
party,
employee,
participant,
member,
applicant,
individual,
user,
player,
candidate,
message,
datum,
information,
content,
text,
code,
what,
name,
mail,
word,
link,
transmit,
send,
receive,
delete,
block,
intercept,
encode,
valid,
invalid,
unavailable,
unknown,
anonymous,
document,
content,
code,
address,
page,
file,
know,
a,
set,
python,
scheme,
s,
each,
p,
d,
c,
control,
refer,
belong,
correspond,
lead,
refer,
amount,
point,
accord,
relate,
assign,
assign,
accord,
refer,
class,
collection,
hierarchy,
number,
category,
group,
family,
federation,
function,
element,
term,
object,
process,
concept,
value,
content,
inclusion,
purpose,
rest,
addition,
introduction,
structure,
description,
design,
format,
presence,
scope,
article,
section,
list,
edition,
manual,
part,
chapter,
table,
provide,
give,
describe,
include,
contain,
cover,
detail,
show,
present,
outline,
add,
offer,
define,
basic,
overall,
technical,
core,
minimum,
detail,
functional,
security,
physical,
practical,
operational,
definition,
regard,
overview,
outline,
history,
knowledge,
functionality,
feature,
management,
capability,
quality,
configuration,
documentation,
analysis,
understand,
website,
language,
library,
case,
system,
country,
situation,
instance,
application,
language,
state,
scenario,
version,
environment,
circumstance,
variant,
jurisdiction,
one,
local,
single,
remote,
network,
driver,
allow,
able,
permit,
authorize,
suppose,
oblige,
call,
unable,
monitor,
edit,
radio,
another,
Broadcast,
message,
other,
someone,
everyone,
viewer,
woman,
enter,
arrive,
resign,
exit,
appear,
stay,
come,
join,
quit,
transfer,
activate,
become,
establish,
help,
build,
start,
#,
#,
#,
transmission,
news,
transmission,
report,
output,
request,
material,
distribute,
deliver,
pass,
communicate,
give,
issue,
present,
dispatch,
route,
carry,
subscriber,
listener,
community,
operator,
location,
person,
channel,
area,
customer,
recipient,
condition,
jurisdiction,
operation,
power,
name,
link,
relate,
apply,
contribute,
respond,
translate,
connect,
packet,
traffic,
packet,
route,
receiver,
connection,
manner,
fashion,
sense,
capacity,
degree,
state,
context,
region,
link,
program,
channel,
originate,
come,
originate,
arrive,
arise,
start,
come,
travel,
pass,
flow,
stem,
receive,
exist,
occur,
wireless,
global,
internet,
television,
cellular,
mobile,
satellite,
ip,
connection,
source,
provider,
node,
gateway,
carrier,
share,
accessible,
common,
connect,
feed,
host,
destination,
address,
node,
server,
peer,
device,
domain,
environment,
exchange,
location,
market,
assume,
believe,
think,
conclude,
hope,
say,
agree,
ensure,
trust,
expect,
feel,
find,
person,
party,
side,
participant,
member,
student,
subject,
country,
experience,
intelligence,
memory,
energy,
resource,
brain,
input,
understand,
learn,
discover,
pick,
predict,
way,
mean,
method,
strategy,
route,
path,
method,
direction,
strategy,
approach,
deal,
interact,
work,
compete,
negotiate,
engage,
connect,
interface,
cooperate,
meet,
fight,
cope,
speak,
generation,
medium,
medium,
technology,
Horizon,
york,
zealand,
development,
technology,
generation,
world,
Delhi,
add,
contribute,
contribute,
addition,
lead,
respond,
concept,
product,
model,
extension,
package,
term,
new,
create,
new,
replace,
provide,
make,
include,
add,
namely,
goal,
aspect,
tool,
share,
encryption,
mapping,
monitor,
host,
integration,
network,
record,
scan,
secure,
track,
switch,
storage,
surveillance,
report,
the,
every,
that,
another,
number,
unit,
call,
number,
code,
call,
train,
block,
begin,
occur,
stop,
terminate,
originate,
commence,
arrive,
reside,
point,
moment,
time,
destination,
position,
frequency,
level,
site,
italic,
#,
write,
broadcaster,
voter,
student,
team,
move,
travel,
search,
coordinate,
collaborate,
navigate,
alternate,
rotate,
mix,
operate,
public,
visual,
electronic,
voice,
digital,
commercial,
international,
collaborative,
structure,
alternative,
parallel,
open,
option,
many,
traditional,
various,
different,
several,
business,
proprietary,
consumer,
internet,
it,
enterprise,
transaction,
negotiation,
auction,
bid,
arbitration,
bid,
cost,
competition,
process,
choice,
base,
share,
clearing,
orient,
drive,
research,
cross,
penetration,
trading,
approach,
technique,
solution,
model,
tactic,
work,
help,
play,
go,
fit,
deal,
perform,
work,
work,
combine,
compare,
serve,
type,
kind,
style,
sort,
type,
example,
example,
simplicity,
comparison,
convenience,
illustration,
contrast,
clarity,
short,
example,
host,
candidate,
participate,
exist,
belong,
serve,
act,
invest,
remain,
zone,
territory,
set,
population,
fail,
wish,
choose,
refuse,
threaten,
happen,
explain,
reveal,
deny,
prove,
show,
extend,
admit,
trace,
repeat,
result,
announcement,
change,
event,
assignment,
acquisition,
useful,
apply,
important,
essential,
choose,
advertising,
broadcast,
electronic,
handle,
prevent,
block,
sms,
company,
communication,
opportunity,
attempt,
broadcast,
feed,
#,
stream,
source,
provider,
platform,
#,
#,
#,
forward,
task,
subordinate,
resource,
relationship,
risk,
target,
organization,
group,
entity,
stakeholder,
division,
describe,
implementation,
performance,
realization,
execution,
construction,
creation,
behavior,
property,
object,
follow,
make,
engine,
vehicle,
equipment,
platform,
car,
aircraft,
goal,
aim,
objective,
intent,
intention,
focus,
function,
purpose,
idea,
role,
project,
framework,
module,
tool,
study,
specification,
improve,
update,
enhance,
guide,
review,
develop,
assess,
characteristic,
activity,
nature,
principle,
property,
web,
xml,
Linux,
#,
#,
#,
if,
where,
here,
so,
introduce,
want,
mechanism,
rule,
component,
protection,
communicating,
security,
privacy,
interception,
password,
key,
database,
delivery,
file,
execute,
protect,
sign,
TRUE,
empty,
also,
paper,
statement,
outline,
list,
explain,
describe,
follow,
main,
three,
major,
primary,
develop,
component,
application,
certification,
iso,
software,
from,
advanced,
link,
application,
use,
operation,
work,
agent,
system,
service,
program,
user,
service,
you,
file,
effect,
efficiency,
practice,
instructor,
organizer,
assistant,
investigator,
analyst,
executive,
try,
wish,
fail,
refuse,
continue,
intend,
interview,
kill,
tell,
contact,
eliminate,
inform,
thank,
office,
company,
house,
lab,
next,
complete,
upcoming,
desire,
relevant,
task,
assignment,
mission,
item,
job,
objective,
action,
role,
step,
duty,
position,
remove,
send,
direct,
command,
print,
read,
buy,
access,
drive,
transfer,
Signal,
we,
gain,
customer,
command,
failure,
submit,
automatically,
initiate,
register,
client,
email,
mail,
every,
multiple,
external,
summary,
entry,
paragraph,
give,
account,
archive,
image,
index,
simultaneous,
automate,
bandwidth,
stream,
tv,
news,
hybrid,
regional,
serial,
independent,
perform,
achieve,
make,
manage,
handle,
do,
maintain,
possible,
conduct,
probability,
intention,
and,
then,
now,
for,
note,
but,
in,
give,
therefore,
after,
since,
element,
subgroup,
ring,
say,
know,
actually,
send,
get,
guarantee,
expect,
install,
complete,
download,
value,
world,
tend,
management,
conflict,
democracy,
often,
success,
such,
thus,
survival,
development,
return,
period,
phenomenon,
condition,
transition,
organizational,
administrative,
institutional,
ownership,
leadership,
governance,
alone,
leader,
still,
manager,
often,
effort,
accomplish,
fulfill,
perform,
execute,
sustain,
former,
previous,
exist,
last,
original,
old,
incumbent,
those,
People,
researcher,
student,
individual,
player,
anyone,
member,
team,
engineer,
desire,
wish,
prefer,
construct,
explore,
deploy,
project,
architecture,
programming,
model,
structure,
design,
depend,
build,
engineering,
rely,
model,
run,
methodology,
principle,
technique,
paradigm,
theory,
likely,
say,
encourage,
assume,
consider,
bind,
report,
show,
ask,
grasp,
#,
appreciation,
#,
idea,
#,
view,
awareness,
acceptance,
#,
me,
algorithm,
action,
solution,
center,
direct,
recognition,
database,
logic,
processing,
programming,
go,
merge,
distribute,
swap,
cancel,
drop,
absence,
limit,
convention,
simple,
highly,
fully,
use,
symmetric,
binary,
continuous,
dynamic,
protocol,
protocol,
suppose,
observe,
realize,
interpreter,
author,
enemy,
client,
exploit,
manipulate,
assign,
hire,
authorization,
private,
identity,
unique,
match,
render,
live,
time,
hard,
sing,
free,
run,
pay,
turn,
build,
bit,
go,
bear,
pass,
refer,
proportional,
correspond,
amount,
percentage,
sequence,
length,
proportion,
quantity,
fraction,
ratio,
time,
second,
minute,
moment,
month,
night,
week,
frame,
cycle,
occasion,
feed,
#,
program,
go,
schedule,
reach,
spend,
survive,
loop,
pipeline,
frame,
cache,
process,
accept,
detect,
clear,
return,
seek,
sleep,
talk,
mate,
we,
want,
want,
want,
plan,
have,
want,
desire,
lead,
escape,
reform,
gang,
band,
army,
school,
prison,
later,
Peter,
johnny,
finally,
Tom,
Adam,
David,
agree,
ask,
volunteer,
keep,
abandon,
destroy,
leave,
squad,
ensure,
enable,
promote,
support,
guarantee,
allow,
emphasize,
develop,
increase,
measure,
improve,
child,
society,
citizen,
man,
today,
human,
artist,
humanity,
government,
to,
human,
within,
movement,
engine,
check,
suggest,
voter,
algorithm,
use,
take,
create,
choose,
set,
require,
hand,
advance,
line,
turn,
remember,
consider,
except,
imagine,
mean,
b,
g,
r,
y,
e,
q,
n,
j,
o,
h,
f,
commit,
conform,
respond,
belong,
bind,
MAC,
AI,
govern,
computer,
company,
#,
neighborhood,
same,